"DV_group","Food_Insecurity_Index","Unsafe_Score","WellBeing_Score"
"non-survivors",0.125,0.25,0.875
"non-survivors",0,0.0666666666666667,0.977777777777778
"non-survivors",0.125,0.777777777777778,0.699074074074074
"non-survivors",0.625,0.583333333333333,0.5375
"non-survivors",0.5,0.333333333333333,0.722222222222222
"survivors",0.5,0.416666666666667,0.583333333333333
"survivors",0.625,0.242424242424242,0.544191919191919
"non-survivors",0.375,0.222222222222222,0.800925925925926
"non-survivors",0.125,0.25,0.7875
"non-survivors",0.875,0.25,0.625
"survivors",0,0.166666666666667,0.777777777777778
"survivors",0.5,0.833333333333333,0.333333333333333
"non-survivors",0.5,0.333333333333333,0.722222222222222
"non-survivors",0,0.222222222222222,0.925925925925926
"non-survivors",0.625,0.25,0.6375
"non-survivors",0,0.416666666666667,0.861111111111111
"non-survivors",0.375,0.333333333333333,0.763888888888889
"non-survivors",0.875,0.333333333333333,0.597222222222222
"non-survivors",0.75,0.333333333333333,0.575
"non-survivors",0.75,0.75,0.45
"non-survivors",0.375,0.333333333333333,0.763888888888889
"non-survivors",0.625,0.424242424242424,0.650252525252525
"non-survivors",0.125,0.0833333333333333,0.930555555555556
"non-survivors",0,0.583333333333333,0.805555555555556
"non-survivors",0,0.444444444444444,0.766666666666667
"non-survivors",0,0.416666666666667,0.775
"non-survivors",0.875,0.333333333333333,0.597222222222222
"non-survivors",0.875,0.25,0.5625
"non-survivors",1,0.545454545454545,0.436363636363636
"non-survivors",0.375,0.259259259259259,0.709722222222222
"non-survivors",0,0.25,0.916666666666667
"non-survivors",0.875,0.583333333333333,0.513888888888889
"non-survivors",0.25,0.5,0.75
"non-survivors",0.5,0.25,0.75
"non-survivors",0.125,0.166666666666667,0.902777777777778
"non-survivors",0.375,0.166666666666667,0.819444444444444
"non-survivors",0.25,0.333333333333333,0.805555555555556
"non-survivors",0,0.333333333333333,0.888888888888889
"non-survivors",0.25,0.25,0.833333333333333
"non-survivors",0,1,0.666666666666667
"non-survivors",0.25,0.222222222222222,0.842592592592593
"non-survivors",0.125,0.416666666666667,0.7375
"non-survivors",1,0.333333333333333,0.555555555555556
"non-survivors",0,0.333333333333333,0.888888888888889
"non-survivors",0,0.444444444444444,0.851851851851852
"non-survivors",0.375,0.666666666666667,0.652777777777778
"non-survivors",0.5,0.333333333333333,0.722222222222222
"non-survivors",0.375,0.444444444444444,0.654166666666667
"non-survivors",0,0.444444444444444,0.766666666666667
"non-survivors",0.375,0.0833333333333333,0.847222222222222
"non-survivors",0.125,0.583333333333333,0.763888888888889
"non-survivors",0.125,0.555555555555556,0.773148148148148
"non-survivors",0.5,0.0909090909090909,0.803030303030303
"non-survivors",0,0.25,0.916666666666667
"non-survivors",0.375,0.555555555555556,0.689814814814815
"non-survivors",0.875,0.75,0.458333333333333
"non-survivors",1,0.5,0.5
"non-survivors",0,0.5,0.75
"non-survivors",0.875,0.666666666666667,0.486111111111111
"non-survivors",0,0.416666666666667,0.861111111111111
"non-survivors",0.875,0.333333333333333,0.597222222222222
"non-survivors",0.75,0.416666666666667,0.611111111111111
"non-survivors",0.875,0.555555555555556,0.523148148148148
"non-survivors",0,0.5,0.833333333333333
"non-survivors",0,0.666666666666667,0.777777777777778
"non-survivors",0,0.333333333333333,0.888888888888889
"non-survivors",0.25,0.5,0.75
"non-survivors",1,0.5,0.5
"non-survivors",0,0.333333333333333,0.8
"non-survivors",0,0.333333333333333,0.8
"non-survivors",1,NA,0.45
"non-survivors",0,0.166666666666667,0.944444444444444
"non-survivors",0,0.111111111111111,0.866666666666667
"non-survivors",0.125,0.583333333333333,0.763888888888889
"non-survivors",1,0.25,0.583333333333333
"survivors",0,0.416666666666667,0.75
"survivors",0.125,0.666666666666667,0.5625
"survivors",1,0.666666666666667,0.3
"survivors",0,0.333333333333333,0.777777777777778
"survivors",0.25,0.444444444444444,0.657407407407407
"non-survivors",0,0.424242424242424,0.772727272727273
"non-survivors",0.625,0.416666666666667,0.5875
"non-survivors",1,0.233333333333333,0.588888888888889
"non-survivors",0,0,1
"non-survivors",0.5,0.166666666666667,0.777777777777778
"non-survivors",0,0.333333333333333,0.888888888888889
"non-survivors",0.125,0.166666666666667,0.902777777777778
"non-survivors",0.125,0.222222222222222,0.884259259259259
"survivors",0.125,0.25,0.6875
"survivors",1,0.333333333333333,0.4
"survivors",1,0.333333333333333,0.444444444444444
"survivors",0.75,0.333333333333333,0.527777777777778
"survivors",0.875,0.333333333333333,0.486111111111111
"survivors",0.5,0.0833333333333333,0.638888888888889
"survivors",0.875,0.833333333333333,0.319444444444444
"survivors",0,0,0.8
"non-survivors",0.125,0.333333333333333,0.7625
"non-survivors",0,0.666666666666667,0.777777777777778
"non-survivors",0,0.416666666666667,0.775
"non-survivors",0,0.666666666666667,0.7
"non-survivors",0.5,0.444444444444444,0.685185185185185
"non-survivors",1,0.25,0.583333333333333
"survivors",0.625,0.333333333333333,0.569444444444445
"survivors",0,0.888888888888889,0.592592592592593
"survivors",0.125,0.416666666666667,0.708333333333333
"survivors",0,0.272727272727273,0.668181818181818
"survivors",0.5,0.25,0.583333333333333
"survivors",0.5,0.5,0.45
"survivors",0.25,0.555555555555556,0.564814814814815
"survivors",0.375,0.444444444444444,0.50462962962963
"survivors",0.625,0.833333333333333,0.347222222222222
"survivors",0.75,0.25,0.45
"non-survivors",0,0.333333333333333,0.888888888888889
"non-survivors",0.625,0.181818181818182,0.731060606060606
"non-survivors",0,0.333333333333333,0.888888888888889
"non-survivors",0,0.555555555555556,0.814814814814815
"non-survivors",0.5,0.333333333333333,0.722222222222222
"non-survivors",0.25,0.363636363636364,0.795454545454545
"survivors",0.125,0.333333333333333,0.736111111111111
"survivors",0,0.583333333333333,0.625
"survivors",0.875,0.333333333333333,0.3875
"non-survivors",0.625,0.5,0.625
"non-survivors",0,0.25,0.916666666666667
"non-survivors",1,0.222222222222222,0.592592592592593
"non-survivors",0.75,0.222222222222222,0.675925925925926
"non-survivors",0.125,0.416666666666667,0.819444444444444
"non-survivors",0,0.833333333333333,0.722222222222222
"non-survivors",1,0.444444444444444,0.466666666666667
"non-survivors",0.5,0.166666666666667,0.7
"non-survivors",0,0.444444444444444,0.851851851851852
"non-survivors",0,0.166666666666667,0.944444444444444
"non-survivors",0,0.181818181818182,0.939393939393939
"survivors",0,0.166666666666667,0.833333333333333
"non-survivors",0.25,0.5,0.75
"non-survivors",0.375,0.25,0.791666666666667
"non-survivors",0.75,0.333333333333333,0.638888888888889
"non-survivors",0,0.0606060606060606,0.881818181818182
"non-survivors",0.875,0.333333333333333,0.597222222222222
"non-survivors",0,0.333333333333333,0.888888888888889
"non-survivors",0,0.5,0.833333333333333
"non-survivors",0.125,0,0.958333333333333
"non-survivors",0.75,0.25,0.666666666666667
"non-survivors",0.125,0,0.958333333333333
"non-survivors",0,0.166666666666667,0.944444444444444
"non-survivors",0,0.166666666666667,0.944444444444444
"non-survivors",0.125,0.333333333333333,0.847222222222222
"non-survivors",0.5,0.393939393939394,0.702020202020202
"non-survivors",0,0,0.9
"non-survivors",0.625,0.166666666666667,0.736111111111111
"non-survivors",0,0.166666666666667,0.944444444444444
"non-survivors",0,0.222222222222222,0.925925925925926
"non-survivors",0,0.444444444444444,0.766666666666667
"non-survivors",0,0.333333333333333,0.888888888888889
"survivors",0.125,0.166666666666667,0.791666666666667
"survivors",0,0.0833333333333333,0.861111111111111
"survivors",0.5,0.833333333333333,0.4
"survivors",0.25,0.555555555555556,0.62037037037037
"survivors",1,0.666666666666667,0.333333333333333
"survivors",1,0.666666666666667,0.333333333333333
"survivors",0.375,0.151515151515152,0.713383838383838
"survivors",0.5,0.545454545454545,0.484848484848485
"survivors",0.5,0.583333333333333,0.472222222222222
"survivors",0.375,0.333333333333333,0.597222222222222
"survivors",0.25,0.166666666666667,0.75
"survivors",0,0.5,0.722222222222222
"survivors",0.625,0.833333333333333,0.402777777777778
"survivors",0.5,0.583333333333333,0.472222222222222
"survivors",0.5,0.583333333333333,0.472222222222222
"survivors",1,0.166666666666667,0.4
"survivors",0.875,0,0.541666666666667
"survivors",0,0.416666666666667,0.638888888888889
"survivors",0.125,0.333333333333333,0.625
"survivors",0,0.333333333333333,0.65
"survivors",0.375,0.333333333333333,0.597222222222222
"survivors",0.125,0.333333333333333,0.680555555555556
"survivors",0.875,0.416666666666667,0.347222222222222
"survivors",0.75,0.25,0.4
"survivors",0.125,0.833333333333333,0.513888888888889
"survivors",0.875,0.575757575757576,0.264772727272727
"survivors",0.25,0.166666666666667,0.75
"survivors",0,0.666666666666667,0.611111111111111
"survivors",0,0.888888888888889,0.537037037037037
"survivors",1,0.333333333333333,0.444444444444444
"survivors",0,0.583333333333333,0.583333333333333
"survivors",0,0.666666666666667,0.611111111111111
"survivors",0,0.0833333333333333,0.75
"survivors",0.625,0.333333333333333,0.4625
"survivors",0.5,0.833333333333333,0.333333333333333
"survivors",0.5,0.0833333333333333,0.583333333333333
"survivors",0,0.333333333333333,0.666666666666667
"survivors",0.875,0.333333333333333,0.319444444444444
"survivors",0.75,0.0833333333333333,0.4
"survivors",1,0.5,0.2
"survivors",1,0.777777777777778,0.12962962962963
"survivors",0,0.166666666666667,0.833333333333333
"survivors",0.5,0.75,0.375
"survivors",0,0.333333333333333,0.722222222222222
"survivors",0.75,0.5,0.305555555555556
"survivors",0,0.583333333333333,0.527777777777778
"survivors",0.375,0.166666666666667,0.597222222222222
"survivors",0,0.555555555555556,0.703703703703704
"survivors",0,0.583333333333333,0.694444444444444
"survivors",0.5,0.272727272727273,0.568181818181818
"survivors",0,0.444444444444444,0.685185185185185
"survivors",0,0.416666666666667,0.694444444444444
"survivors",0,0.444444444444444,0.685185185185185
"survivors",0.5,0.416666666666667,0.475
"survivors",0.5,0.555555555555556,0.433333333333333
"survivors",0.375,0.416666666666667,0.5625
"survivors",0,0.272727272727273,0.797979797979798
"survivors",0.375,0.75,0.3625
"survivors",0.125,0.5,0.569444444444444
"survivors",0.125,0.416666666666667,0.597222222222222
"survivors",0.625,0.583333333333333,0.319444444444444
"survivors",0.875,0.5,0.319444444444444
"survivors",0.375,0.166666666666667,0.4875
"survivors",0.25,0.5,0.527777777777778
"survivors",0.125,0.3,0.580555555555555
"survivors",1,0.666666666666667,0.15
"non-survivors",0.5,0.333333333333333,0.722222222222222
"survivors",1,0.393939393939394,0.331818181818182
"non-survivors",0.5,0.333333333333333,0.65
"non-survivors",0.5,0.444444444444444,0.685185185185185
"non-survivors",0.75,0.444444444444444,0.601851851851852
"non-survivors",0.875,0.25,0.625
"survivors",0.625,0.25,0.597222222222222
"non-survivors",0.5,0.444444444444444,0.685185185185185
"non-survivors",0.125,0.0833333333333333,0.930555555555556
"non-survivors",0.125,0.333333333333333,0.7625
"survivors",0,0.333333333333333,0.777777777777778
"survivors",0.625,0.444444444444444,0.532407407407407
"non-survivors",0.25,0.444444444444444,0.691666666666667
"non-survivors",0.5,0.333333333333333,0.722222222222222
"non-survivors",0.375,0.25,0.791666666666667
"non-survivors",0.25,0.666666666666667,0.694444444444444
"non-survivors",0,0.444444444444444,0.851851851851852
"non-survivors",0.75,0.166666666666667,0.694444444444444
"survivors",0.125,0.166666666666667,0.791666666666667
"non-survivors",0,0.416666666666667,0.861111111111111
"non-survivors",0,0.166666666666667,0.944444444444444
"non-survivors",0,0.333333333333333,0.8
"non-survivors",0.25,0.333333333333333,0.725
"non-survivors",0.125,0.166666666666667,0.8125
"non-survivors",0.125,0.555555555555556,0.695833333333333
"non-survivors",0.25,0.416666666666667,0.7
"non-survivors",0.125,0.25,0.875
"non-survivors",0,0.416666666666667,0.861111111111111
"non-survivors",0,0.416666666666667,0.775
"non-survivors",0,0.25,0.825
"non-survivors",0.375,0.25,0.791666666666667
"non-survivors",0.75,0.166666666666667,0.694444444444444
"survivors",0,0.333333333333333,0.777777777777778
"survivors",0,0.333333333333333,0.777777777777778
"survivors",0.375,0.111111111111111,0.726851851851852
"survivors",0.125,0.666666666666667,0.625
"survivors",0.5,0.333333333333333,0.55
"survivors",0,0.75,0.583333333333333
"survivors",0.5,0.583333333333333,0.527777777777778
"survivors",0.25,0.0833333333333333,0.777777777777778
"survivors",0,0.166666666666667,0.833333333333333
"survivors",0.5,0.111111111111111,0.685185185185185
"survivors",0.625,0.111111111111111,0.643518518518518
"survivors",1,0.222222222222222,0.481481481481482
"survivors",0,0.166666666666667,0.833333333333333
"survivors",0.5,0.583333333333333,0.527777777777778
"survivors",0,0.166666666666667,0.777777777777778
"survivors",0.125,0.5,0.625
"survivors",0.375,0.3,0.552777777777778
"survivors",0.75,0.25,0.5
"survivors",0.5,0.166666666666667,0.611111111111111
"survivors",0.25,0.0909090909090909,0.664141414141414
"survivors",0.5,0.666666666666667,0.388888888888889
"survivors",0,0.111111111111111,0.740740740740741
"survivors",0.5,0.5,0.45
"survivors",0.75,0.333333333333333,0.527777777777778
"survivors",0,0.25,0.805555555555556
"survivors",0.75,0.333333333333333,0.475
"non-survivors",0.625,0.666666666666667,0.5125
"non-survivors",0,0.222222222222222,0.925925925925926
"non-survivors",0,0.333333333333333,0.888888888888889
"non-survivors",0.375,0,0.875
"non-survivors",0,0.0833333333333333,0.972222222222222
"non-survivors",0,0,1
"non-survivors",0.125,0.666666666666667,0.736111111111111
"non-survivors",0.75,0.222222222222222,0.675925925925926
"non-survivors",0.25,0.111111111111111,0.87962962962963
"non-survivors",0,0.25,0.916666666666667
"non-survivors",0.25,0.166666666666667,0.861111111111111
"non-survivors",0.125,0,0.958333333333333
"non-survivors",0.5,0.25,0.675
"non-survivors",0,0,0.9
"non-survivors",0.375,0.416666666666667,0.736111111111111
"non-survivors",0.375,0.666666666666667,0.652777777777778
"non-survivors",0,0.25,0.916666666666667
"non-survivors",0,0.166666666666667,0.944444444444444
"non-survivors",0.125,0,0.958333333333333
"non-survivors",0,0.333333333333333,0.8
"non-survivors",0,0,1
"non-survivors",0,0.5,0.75
"non-survivors",0.375,0.0833333333333333,0.847222222222222
"non-survivors",0,0.416666666666667,0.775
"non-survivors",0,0,1
"non-survivors",0,0.555555555555556,0.814814814814815
"non-survivors",0.75,1,0.416666666666667
"non-survivors",0,0.5,0.833333333333333
"non-survivors",0.125,0.583333333333333,0.763888888888889
"non-survivors",0.375,0,0.875
"non-survivors",0.25,0.666666666666667,0.694444444444444
"non-survivors",0,0.416666666666667,0.861111111111111
"non-survivors",0.125,0.333333333333333,0.847222222222222
"survivors",0,0.242424242424242,0.808080808080808
"survivors",0.125,0.333333333333333,0.736111111111111
"survivors",0.5,0.777777777777778,0.416666666666667
"survivors",0,0.25,0.805555555555556
"survivors",0.5,0.566666666666667,0.533333333333333
"survivors",0.75,0.272727272727273,0.492424242424242
"non-survivors",0.125,0.333333333333333,0.847222222222222
"non-survivors",0.5,0.333333333333333,0.722222222222222
"non-survivors",0,0.333333333333333,0.888888888888889
"non-survivors",0.125,0.416666666666667,0.7375
"non-survivors",0.75,0.555555555555556,0.564814814814815
"non-survivors",0.5,0.583333333333333,0.638888888888889
"non-survivors",0.375,0.416666666666667,0.736111111111111
"non-survivors",0,0.222222222222222,0.833333333333333
"non-survivors",0.25,0.0833333333333333,0.888888888888889
"non-survivors",1,0.833333333333333,0.35
"non-survivors",0.375,0.111111111111111,0.837962962962963
"non-survivors",0.375,0.333333333333333,0.763888888888889
"non-survivors",0.125,0.0833333333333333,0.930555555555556
"non-survivors",0,0.25,0.916666666666667
"non-survivors",0.25,0,0.916666666666667
"non-survivors",0.25,0.555555555555556,0.731481481481482
"non-survivors",0.25,0.583333333333333,0.65
"non-survivors",0,0.666666666666667,0.777777777777778
"non-survivors",0,0.5,0.833333333333333
"non-survivors",0.5,0.5,0.666666666666667
"non-survivors",0,0.583333333333333,0.725
"non-survivors",0.125,0.333333333333333,0.847222222222222
"non-survivors",0.5,0,0.833333333333333
"non-survivors",0.125,0.916666666666667,0.5875
"non-survivors",0.125,0.5,0.7125
"non-survivors",1,0.393939393939394,0.535353535353535
"non-survivors",0.125,0,0.958333333333333
"non-survivors",0,0.25,0.916666666666667
"non-survivors",0.125,0.666666666666667,0.736111111111111
"non-survivors",0.375,0.333333333333333,0.763888888888889
"non-survivors",0.625,0.111111111111111,0.679166666666667
"non-survivors",0,0.333333333333333,0.888888888888889
"non-survivors",0.375,0.166666666666667,0.819444444444444
"non-survivors",0,0.416666666666667,0.775
"non-survivors",0,0.333333333333333,0.888888888888889
"non-survivors",0,NA,1
"non-survivors",0,0.333333333333333,0.888888888888889
"non-survivors",0.125,0.416666666666667,0.819444444444444
"non-survivors",0.625,0.416666666666667,0.652777777777778
"non-survivors",1,0.666666666666667,0.444444444444444
"non-survivors",0.125,0.416666666666667,0.819444444444444
"survivors",0,0.5,0.722222222222222
"survivors",0.625,0.333333333333333,0.5125
"survivors",0,0.75,0.638888888888889
"non-survivors",0,0.666666666666667,0.7
"non-survivors",0,0.416666666666667,0.861111111111111
"non-survivors",0.5,0.444444444444444,0.685185185185185
"non-survivors",0,0.166666666666667,0.85
"non-survivors",0,0.222222222222222,0.925925925925926
"non-survivors",0,0.75,0.75
"non-survivors",0.75,0.666666666666667,0.527777777777778
"non-survivors",0.125,0.416666666666667,0.819444444444444
"non-survivors",0.25,0.333333333333333,0.805555555555556
"non-survivors",0,0.0833333333333333,0.972222222222222
"non-survivors",0,0.0833333333333333,0.972222222222222
"non-survivors",0.375,0.555555555555556,0.620833333333333
"non-survivors",0,0.111111111111111,0.962962962962963
"non-survivors",0.125,0.25,0.875
"non-survivors",1,0.416666666666667,0.527777777777778
"non-survivors",0.25,0.111111111111111,0.87962962962963
"non-survivors",1,0.25,0.583333333333333
"non-survivors",0.375,0.166666666666667,0.7375
"non-survivors",0,0.333333333333333,0.888888888888889
"non-survivors",0,0.25,0.916666666666667
"non-survivors",1,0.0833333333333333,0.638888888888889
"non-survivors",0,0.166666666666667,0.944444444444444
"non-survivors",0.875,0.666666666666667,0.486111111111111
"non-survivors",0.375,0.166666666666667,0.7375
"non-survivors",0,0.333333333333333,0.888888888888889
"non-survivors",0,0.0833333333333333,0.972222222222222
"non-survivors",0.5,0.25,0.75
"non-survivors",1,0,0.6
"non-survivors",0,0.0833333333333333,0.972222222222222
"non-survivors",0.125,0.333333333333333,0.847222222222222
"non-survivors",0.75,0.555555555555556,0.508333333333333
"non-survivors",0.125,0.166666666666667,0.902777777777778
"non-survivors",0,0.416666666666667,0.861111111111111
"non-survivors",0,0.25,0.916666666666667
"non-survivors",1,0.5,0.45
"non-survivors",0,0.25,0.916666666666667
"non-survivors",0,0.0833333333333333,0.972222222222222
"non-survivors",0,0.25,0.916666666666667
"non-survivors",0.75,0.121212121212121,0.70959595959596
"non-survivors",0,0,1
"non-survivors",0,0,1
"non-survivors",0.5,0.333333333333333,0.722222222222222
"non-survivors",0.125,0.0833333333333333,0.8375
"non-survivors",0.5,0.25,0.75
"non-survivors",0.875,0.333333333333333,0.5375
"non-survivors",0,0.0833333333333333,0.972222222222222
"non-survivors",0.75,0.333333333333333,0.638888888888889
"non-survivors",0,0.166666666666667,0.944444444444444
"non-survivors",0.125,0.272727272727273,0.780681818181818
"non-survivors",0,0,1
"non-survivors",0.25,0.5,0.75
"non-survivors",0.375,0.5,0.6375
"non-survivors",0,0.666666666666667,0.777777777777778
"non-survivors",0,0.583333333333333,0.805555555555556
"non-survivors",0.625,0.333333333333333,0.6125
"non-survivors",0,0.25,0.916666666666667
"non-survivors",0,0.333333333333333,0.888888888888889
"non-survivors",0,0.333333333333333,0.888888888888889
"non-survivors",0,0.25,0.916666666666667
"non-survivors",0,0.166666666666667,0.944444444444444
"non-survivors",0.375,0.416666666666667,0.736111111111111
"non-survivors",0.125,0.583333333333333,0.763888888888889
"non-survivors",0,0.25,0.825
"non-survivors",0,0.25,0.916666666666667
"non-survivors",0,0.5,0.833333333333333
"non-survivors",0,0.666666666666667,0.777777777777778
"non-survivors",0,0.25,0.825
"non-survivors",0,0.25,0.825
"non-survivors",0.5,0.5,0.666666666666667
"non-survivors",0,0.0833333333333333,0.972222222222222
"non-survivors",0.5,0.121212121212121,0.713636363636364
"non-survivors",0,0.333333333333333,0.888888888888889
"non-survivors",0,0.333333333333333,0.888888888888889
"non-survivors",0,0.25,0.916666666666667
"non-survivors",0.25,0.0909090909090909,0.886363636363636
"non-survivors",0.375,0.416666666666667,0.736111111111111
"non-survivors",0.125,0.333333333333333,0.847222222222222
"non-survivors",0,0.583333333333333,0.725
"non-survivors",0,0.75,0.75
"non-survivors",0,0.416666666666667,0.861111111111111
"non-survivors",0,0.166666666666667,0.944444444444444
"non-survivors",0.25,0.333333333333333,0.805555555555556
"non-survivors",0,0.416666666666667,0.861111111111111
"non-survivors",0.75,0.5,0.583333333333333
"non-survivors",1,0.212121212121212,0.595959595959596
"non-survivors",1,0.25,0.583333333333333
"non-survivors",1,0.5,0.5
"non-survivors",0,0.25,0.916666666666667
"non-survivors",0,0.25,0.916666666666667
"non-survivors",0,0.583333333333333,0.725
"non-survivors",0.875,0.583333333333333,0.4625
"non-survivors",0.75,0.212121212121212,0.679292929292929
"non-survivors",0,0.25,0.916666666666667
"non-survivors",0.625,0.333333333333333,0.680555555555556
"non-survivors",0.25,0.166666666666667,0.861111111111111
"non-survivors",0.5,0.166666666666667,0.777777777777778
"non-survivors",0.875,0.166666666666667,0.652777777777778
"non-survivors",0.125,0.25,0.875
"non-survivors",0.875,0.416666666666667,0.5125
"non-survivors",0,0.25,0.916666666666667
"non-survivors",0.25,0.666666666666667,0.694444444444444
"non-survivors",0,0.416666666666667,0.775
"non-survivors",0.375,0.444444444444444,0.726851851851852
"non-survivors",0.25,0.416666666666667,0.777777777777778
"non-survivors",0,0.333333333333333,0.8
"non-survivors",0,0.333333333333333,0.888888888888889
"non-survivors",0,0.25,0.916666666666667
"non-survivors",0,0.0909090909090909,0.96969696969697
"non-survivors",0.5,0.166666666666667,0.777777777777778
"non-survivors",0,0.303030303030303,0.898989898989899
"non-survivors",0.875,0.25,0.5625
"non-survivors",0,0.25,0.825
"non-survivors",0.75,0.0833333333333333,0.65
"non-survivors",0.75,0.166666666666667,0.694444444444444
"non-survivors",0.625,0.5,0.625
"non-survivors",0.25,0.111111111111111,0.87962962962963
"non-survivors",0.75,0.25,0.6
"non-survivors",0.25,0.5,0.75
"non-survivors",0.375,0,0.875
"non-survivors",0,0.0833333333333333,0.972222222222222
"non-survivors",0,0.416666666666667,0.775
"non-survivors",0,0.25,0.916666666666667
"non-survivors",0.125,0.5,0.7125
"non-survivors",0,0.333333333333333,0.8
"non-survivors",0.125,0.133333333333333,0.913888888888889
"non-survivors",0,0.0833333333333333,0.972222222222222
"non-survivors",0,0.5,0.833333333333333
"non-survivors",1,0.545454545454545,0.484848484848485
"non-survivors",0.625,0.166666666666667,0.736111111111111
"non-survivors",0.25,0.166666666666667,0.861111111111111
"non-survivors",0,0.0833333333333333,0.875
"non-survivors",0.25,0.333333333333333,0.805555555555556
"non-survivors",0.375,0.416666666666667,0.6625
"non-survivors",0,0.222222222222222,0.925925925925926
"non-survivors",0,0.242424242424242,0.827272727272727
"non-survivors",0,0.166666666666667,0.85
"non-survivors",0.125,0.25,0.875
"non-survivors",0.5,0.25,0.75
"non-survivors",0.125,0.833333333333333,0.680555555555556
"non-survivors",0.375,0.666666666666667,0.5875
"non-survivors",0.75,0.25,0.666666666666667
"non-survivors",0.25,0.25,0.833333333333333
"non-survivors",0,0.0833333333333333,0.875
"non-survivors",0.75,0.5,0.583333333333333
"non-survivors",0,0.133333333333333,0.955555555555556
"non-survivors",0,0.222222222222222,0.925925925925926
"non-survivors",0,0.181818181818182,0.939393939393939
"non-survivors",1,0.0833333333333333,0.575
"non-survivors",0.5,0.291666666666667,0.736111111111111
"non-survivors",0,0,1
"non-survivors",0.5,0.333333333333333,0.65
"non-survivors",0.375,0,0.875
"non-survivors",0.125,0.416666666666667,0.819444444444444
"non-survivors",0,0.0833333333333333,0.972222222222222
"non-survivors",0.25,0.333333333333333,0.805555555555556
"non-survivors",0,0.25,0.916666666666667
"non-survivors",0.5,0.151515151515152,0.782828282828283
"non-survivors",0,0.333333333333333,0.888888888888889
"non-survivors",0,0.0909090909090909,0.96969696969697
"non-survivors",1,0.333333333333333,0.5
"non-survivors",0.375,0.166666666666667,0.819444444444444
"non-survivors",0,0.333333333333333,0.888888888888889
"non-survivors",0,0.333333333333333,0.888888888888889
"non-survivors",0,0.75,0.75
"non-survivors",0,0.166666666666667,0.85
"non-survivors",0.625,0.416666666666667,0.652777777777778
"non-survivors",0,0.166666666666667,0.944444444444444
"non-survivors",0,0.666666666666667,0.777777777777778
"non-survivors",0.875,0.272727272727273,0.617424242424242
"non-survivors",0.875,0.166666666666667,0.5875
"non-survivors",0.875,0.25,0.625
"non-survivors",0.75,0.916666666666667,0.444444444444444
"non-survivors",0.25,0.0833333333333333,0.888888888888889
"non-survivors",0.375,0.25,0.7125
"non-survivors",0.5,0.25,0.75
"non-survivors",0,0.5,0.833333333333333
"non-survivors",0,0.333333333333333,0.888888888888889
"non-survivors",0.75,0.583333333333333,0.555555555555556
"non-survivors",0.125,0.416666666666667,0.819444444444444
"non-survivors",0,0.111111111111111,0.962962962962963
"non-survivors",0.375,0.75,0.625
"non-survivors",0,0.0833333333333333,0.875
"non-survivors",0.375,0.363636363636364,0.678409090909091
"non-survivors",0.125,0.5,0.791666666666667
"non-survivors",0.25,0.666666666666667,0.694444444444444
"non-survivors",0.75,0.0833333333333333,0.722222222222222
"non-survivors",0.5,0.416666666666667,0.694444444444444
"non-survivors",0.25,0.416666666666667,0.777777777777778
"non-survivors",0,0.242424242424242,0.919191919191919
"non-survivors",0.375,0.333333333333333,0.763888888888889
"non-survivors",0.5,0.583333333333333,0.638888888888889
"non-survivors",0.5,0.25,0.75
"non-survivors",0.25,0.166666666666667,0.861111111111111
"non-survivors",0,0.333333333333333,0.888888888888889
"non-survivors",0.75,0.333333333333333,0.638888888888889
"non-survivors",0,0.333333333333333,0.888888888888889
"non-survivors",0.25,0.166666666666667,0.861111111111111
"non-survivors",0.25,0.583333333333333,0.65
"non-survivors",0,0,0.9
"non-survivors",0.125,0.166666666666667,0.902777777777778
"non-survivors",0,0.25,0.916666666666667
"non-survivors",0,0.333333333333333,0.8
"non-survivors",0,0.583333333333333,0.725
"non-survivors",0.125,0.416666666666667,0.819444444444444
"non-survivors",0.125,0.416666666666667,0.819444444444444
"non-survivors",0.375,0.166666666666667,0.819444444444444
"non-survivors",0.25,0.25,0.833333333333333
"non-survivors",0.25,0.5,0.75
"non-survivors",0.875,0.333333333333333,0.5375
"non-survivors",0.125,0.0833333333333333,0.930555555555556
"non-survivors",0,0.25,0.825
"non-survivors",0.5,0.416666666666667,0.694444444444444
"non-survivors",0,0.0833333333333333,0.972222222222222
"non-survivors",0.375,0.25,0.791666666666667
"non-survivors",0.625,0.583333333333333,0.5375
"non-survivors",0,0.25,0.916666666666667
"non-survivors",0.125,0,0.8625
"non-survivors",0,0.333333333333333,0.888888888888889
"non-survivors",0.5,0.416666666666667,0.694444444444444
"non-survivors",0.25,0.444444444444444,0.768518518518518
"non-survivors",0,0.833333333333333,0.722222222222222
"non-survivors",0.25,0.416666666666667,0.777777777777778
"non-survivors",0,0.166666666666667,0.944444444444444
"non-survivors",0,0.25,0.916666666666667
"non-survivors",0,0.416666666666667,0.861111111111111
"non-survivors",0.25,0,0.916666666666667
"non-survivors",0,0,1
"non-survivors",0,0.25,0.916666666666667
"non-survivors",0,0.0833333333333333,0.972222222222222
"non-survivors",0,0.0833333333333333,0.972222222222222
"non-survivors",0.25,0.583333333333333,0.722222222222222
"non-survivors",0.5,0.333333333333333,0.722222222222222
"non-survivors",0.125,0.111111111111111,0.829166666666667
"non-survivors",0,0.583333333333333,0.805555555555556
"non-survivors",0,0.25,0.916666666666667
"non-survivors",0.75,0.242424242424242,0.669191919191919
"non-survivors",0,0.416666666666667,0.861111111111111
"non-survivors",0.5,0,0.833333333333333
"non-survivors",0.125,0.583333333333333,0.763888888888889
"non-survivors",0,0.111111111111111,0.962962962962963
"non-survivors",0.375,0.416666666666667,0.736111111111111
"non-survivors",0.125,0.25,0.875
"non-survivors",0.5,0.25,0.75
"non-survivors",0.875,0.333333333333333,0.597222222222222
"non-survivors",0.625,0.333333333333333,0.680555555555556
"non-survivors",0.75,0.25,0.666666666666667
"non-survivors",0.5,0.5,0.666666666666667
"non-survivors",0.5,0.166666666666667,0.7
"non-survivors",0,0.444444444444444,0.851851851851852
"non-survivors",0.5,0.303030303030303,0.732323232323232
"non-survivors",0,0.5,0.833333333333333
"non-survivors",1,0.583333333333333,0.425
"non-survivors",0.625,0.5,0.5625
"non-survivors",0,0.416666666666667,0.775
"non-survivors",0.5,0.25,0.75
"non-survivors",0,0.416666666666667,0.861111111111111
"non-survivors",0,0.333333333333333,0.888888888888889
"non-survivors",0,0.416666666666667,0.861111111111111
"non-survivors",0.375,0.416666666666667,0.6625
"non-survivors",0.25,0.181818181818182,0.770454545454546
"non-survivors",0,0.333333333333333,0.888888888888889
"non-survivors",0.25,0.416666666666667,0.777777777777778
"non-survivors",0.25,0.166666666666667,0.775
"non-survivors",0.375,0.25,0.791666666666667
"non-survivors",0.75,0.166666666666667,0.694444444444444
"non-survivors",0,0.25,0.916666666666667
"non-survivors",0,0.0833333333333333,0.972222222222222
"non-survivors",0,0.444444444444444,0.851851851851852
"non-survivors",0.5,0.242424242424242,0.752525252525252
"non-survivors",0.375,0.583333333333333,0.680555555555556
"non-survivors",0.625,0.333333333333333,0.680555555555556
"non-survivors",0.25,0.416666666666667,0.777777777777778
"non-survivors",0.375,0.166666666666667,0.819444444444444
"non-survivors",0.625,0.333333333333333,0.680555555555556
"non-survivors",0.375,0.454545454545455,0.651136363636364
"non-survivors",0.5,0.233333333333333,0.68
"non-survivors",0,0.166666666666667,0.944444444444444
"non-survivors",0,0.666666666666667,0.777777777777778
"non-survivors",0,0,1
"non-survivors",0,0.25,0.916666666666667
"non-survivors",0,0.583333333333333,0.805555555555556
"non-survivors",0.375,0.222222222222222,0.720833333333333
"non-survivors",0.125,0.5,0.7125
"non-survivors",0,0.212121212121212,0.836363636363636
"non-survivors",0,0,1
"non-survivors",0.625,0.25,0.708333333333333
"non-survivors",0.25,0,0.916666666666667
"non-survivors",0.625,0.333333333333333,0.680555555555556
"non-survivors",0.125,0.303030303030303,0.857323232323232
"non-survivors",0.375,0.166666666666667,0.819444444444444
"non-survivors",0,0,1
"non-survivors",0,0.25,0.916666666666667
"non-survivors",0,0.25,0.916666666666667
"non-survivors",0,0.25,0.916666666666667
"non-survivors",0,0.333333333333333,0.888888888888889
"non-survivors",0,0.25,0.825
"non-survivors",0.5,0.333333333333333,0.722222222222222
"non-survivors",0.5,0.25,0.75
"non-survivors",0.5,0.0833333333333333,0.725
"non-survivors",0.375,0.133333333333333,0.830555555555556
"non-survivors",0,0,1
"non-survivors",0,0.25,0.916666666666667
"non-survivors",0.125,0.333333333333333,0.847222222222222
"non-survivors",0,0.222222222222222,0.925925925925926
"non-survivors",0,0.166666666666667,0.944444444444444
"non-survivors",0,0.25,0.916666666666667
"non-survivors",0,0.333333333333333,0.888888888888889
"non-survivors",0.25,0.222222222222222,0.842592592592593
"non-survivors",0.375,0.393939393939394,0.743686868686869
"non-survivors",0.125,0,0.958333333333333
"non-survivors",0.5,0.166666666666667,0.777777777777778
"non-survivors",0,0.333333333333333,0.8
"non-survivors",0,0.166666666666667,0.944444444444444
"non-survivors",0.625,0.222222222222222,0.717592592592593
"non-survivors",0,0.0833333333333333,0.972222222222222
"non-survivors",0.625,0.5,0.625
"non-survivors",0,0.363636363636364,0.878787878787879
"non-survivors",0.25,0.555555555555556,0.731481481481482
"non-survivors",0.125,0.5,0.791666666666667
"non-survivors",0.5,0.166666666666667,0.777777777777778
"non-survivors",0.125,0.333333333333333,0.7625
"non-survivors",0,0.333333333333333,0.888888888888889
"non-survivors",0,0.833333333333333,0.722222222222222
"non-survivors",0,0.0833333333333333,0.972222222222222
"non-survivors",0.75,0.25,0.666666666666667
"non-survivors",0.125,0.833333333333333,0.680555555555556
"non-survivors",1,0.303030303030303,0.509090909090909
"non-survivors",0,0.333333333333333,0.888888888888889
"non-survivors",0.125,0.333333333333333,0.847222222222222
"non-survivors",0.125,0.333333333333333,0.847222222222222
"non-survivors",0.125,0.555555555555556,0.773148148148148
"non-survivors",0.375,0,0.875
"non-survivors",0,0.166666666666667,0.944444444444444
"non-survivors",0,0.111111111111111,0.962962962962963
"non-survivors",0,0.0833333333333333,0.875
"non-survivors",0.375,0,0.7875
"non-survivors",0.375,0.166666666666667,0.819444444444444
"non-survivors",1,0.333333333333333,0.555555555555556
"non-survivors",0,0.5,0.833333333333333
"non-survivors",0.875,0.333333333333333,0.5375
"non-survivors",0.875,0.0833333333333333,0.6125
"non-survivors",1,0.25,0.583333333333333
"non-survivors",0.375,0.0833333333333333,0.7625
"non-survivors",0.625,0.666666666666667,0.569444444444444
"non-survivors",0,0.666666666666667,0.777777777777778
"non-survivors",0,0.166666666666667,0.944444444444444
"non-survivors",0,0.25,0.916666666666667
"non-survivors",0,0.666666666666667,0.777777777777778
"non-survivors",0.125,0.666666666666667,0.6625
"non-survivors",0,0.416666666666667,0.861111111111111
"non-survivors",0,0.333333333333333,0.888888888888889
"non-survivors",0,0.333333333333333,0.8
"non-survivors",0.25,0.3,0.816666666666667
"non-survivors",0.75,0,0.75
"non-survivors",0.375,0,0.7875
"non-survivors",0,0,1
"non-survivors",0,0.75,0.75
"non-survivors",0,0.333333333333333,0.888888888888889
"non-survivors",0,0.166666666666667,0.944444444444444
"non-survivors",0.125,0,0.958333333333333
"non-survivors",0.25,0.333333333333333,0.805555555555556
"non-survivors",0.125,0.166666666666667,0.8125
"non-survivors",0.625,0.0833333333333333,0.763888888888889
"non-survivors",0,0.222222222222222,0.925925925925926
"non-survivors",0,0.166666666666667,0.85
"non-survivors",0,0.666666666666667,0.777777777777778
"non-survivors",0,0.416666666666667,0.861111111111111
"non-survivors",0.25,0.25,0.833333333333333
"non-survivors",1,0.583333333333333,0.425
"non-survivors",0,0.166666666666667,0.944444444444444
"non-survivors",1,0.5,0.5
"non-survivors",0.25,0.166666666666667,0.861111111111111
"non-survivors",0.875,0.222222222222222,0.634259259259259
"non-survivors",0,0.166666666666667,0.944444444444444
"non-survivors",0,0.166666666666667,0.944444444444444
"non-survivors",0.375,0.166666666666667,0.819444444444444
"non-survivors",0,0.25,0.916666666666667
"non-survivors",0.25,0.166666666666667,0.775
"non-survivors",0,0.166666666666667,0.944444444444444
"non-survivors",0.625,0.416666666666667,0.652777777777778
"non-survivors",0.125,0.666666666666667,0.736111111111111
"non-survivors",0.5,0.111111111111111,0.796296296296296
"non-survivors",0.75,0.25,0.666666666666667
"non-survivors",0.375,0.5,0.708333333333333
"non-survivors",0.375,0.25,0.791666666666667
"non-survivors",0.125,0.166666666666667,0.8125
"non-survivors",0,0.5,0.833333333333333
"non-survivors",0.75,0.333333333333333,0.638888888888889
"non-survivors",0.25,0.222222222222222,0.842592592592593
"non-survivors",0,0.25,0.916666666666667
"non-survivors",0,0.5,0.833333333333333
"non-survivors",0.5,0.5,0.666666666666667
"non-survivors",0.625,0.166666666666667,0.736111111111111
"non-survivors",0,0.777777777777778,0.740740740740741
"non-survivors",0.125,0.333333333333333,0.847222222222222
"non-survivors",0.125,0.166666666666667,0.8125
"non-survivors",0.125,0.333333333333333,0.847222222222222
"non-survivors",0,0.25,0.916666666666667
"non-survivors",0,0.5,0.833333333333333
"non-survivors",0.75,0,0.75
"non-survivors",0.5,0.363636363636364,0.640909090909091
"non-survivors",0.25,0,0.916666666666667
"non-survivors",1,0.151515151515152,0.616161616161616
"non-survivors",0,0.333333333333333,0.888888888888889
"non-survivors",0,0.25,0.916666666666667
"non-survivors",0.875,0.583333333333333,0.513888888888889
"non-survivors",0.625,0.166666666666667,0.736111111111111
"non-survivors",0.375,0,0.7875
"non-survivors",0.625,0.166666666666667,0.6625
"non-survivors",0.375,0,0.875
"non-survivors",0.625,0.121212121212121,0.676136363636364
"non-survivors",0.875,0.583333333333333,0.513888888888889
"non-survivors",0.125,0.25,0.875
"non-survivors",0.125,0.0833333333333333,0.930555555555556
"non-survivors",0,0.666666666666667,0.777777777777778
"non-survivors",0,0.111111111111111,0.962962962962963
"non-survivors",0.125,0.111111111111111,0.921296296296296
"non-survivors",0,0,1
"non-survivors",0.25,0.75,0.666666666666667
"non-survivors",0,0.666666666666667,0.777777777777778
"non-survivors",0,0.25,0.916666666666667
"non-survivors",0.375,0.666666666666667,0.652777777777778
"non-survivors",0.875,0.333333333333333,0.5375
"non-survivors",0,0.0833333333333333,0.972222222222222
"non-survivors",0,0.166666666666667,0.944444444444444
"non-survivors",0,0.666666666666667,0.7
"non-survivors",0.625,0.5,0.625
"non-survivors",0,0.416666666666667,0.861111111111111
"non-survivors",1,0.833333333333333,0.35
"non-survivors",0,0.666666666666667,0.777777777777778
"non-survivors",0.125,0.416666666666667,0.819444444444444
"non-survivors",0,0.166666666666667,0.944444444444444
"non-survivors",0,0,1
"non-survivors",0,0.25,0.916666666666667
"non-survivors",0,0.0833333333333333,0.972222222222222
"non-survivors",0.125,0.416666666666667,0.819444444444444
"non-survivors",0.625,0.5,0.5625
"non-survivors",0,0.333333333333333,0.888888888888889
"non-survivors",0.125,0.25,0.875
"non-survivors",0,0.25,0.916666666666667
"non-survivors",0,0.333333333333333,0.888888888888889
"non-survivors",0.375,0.416666666666667,0.736111111111111
"non-survivors",0,0.416666666666667,0.861111111111111
"non-survivors",0.375,0.111111111111111,0.754166666666667
"non-survivors",0,0.166666666666667,0.944444444444444
"non-survivors",0.5,0.555555555555556,0.648148148148148
"non-survivors",0.75,0,0.675
"non-survivors",0,0.333333333333333,0.888888888888889
"non-survivors",0,0.416666666666667,0.861111111111111
"non-survivors",0.75,0,0.675
"non-survivors",0,0.25,0.916666666666667
"non-survivors",0,0.166666666666667,0.944444444444444
"non-survivors",0,0,1
"non-survivors",0.125,0.416666666666667,0.7375
"non-survivors",0.125,0.25,0.875
"non-survivors",0,0.5,0.833333333333333
"non-survivors",0,0.25,0.916666666666667
"non-survivors",0,0.166666666666667,0.85
"non-survivors",0,0.333333333333333,0.888888888888889
"non-survivors",0,0.25,0.916666666666667
"non-survivors",0,0.333333333333333,0.888888888888889
"non-survivors",0.125,0.0833333333333333,0.930555555555556
"non-survivors",0.125,0.1,0.8325
"non-survivors",0,0,0.9
"non-survivors",0.5,0.212121212121212,0.762626262626263
"non-survivors",0,0.75,0.675
"non-survivors",0.375,0.166666666666667,0.7375
"non-survivors",0.125,0.166666666666667,0.902777777777778
"non-survivors",0,0,0.9
"non-survivors",0.5,0.272727272727273,0.742424242424242
"non-survivors",0.5,0.166666666666667,0.777777777777778
"non-survivors",0.125,0.5,0.791666666666667
"non-survivors",0.25,0.166666666666667,0.775
"non-survivors",0.5,0.666666666666667,0.611111111111111
"non-survivors",0,0.416666666666667,0.861111111111111
"non-survivors",0.875,0.181818181818182,0.647727272727273
"non-survivors",0.5,0.333333333333333,0.722222222222222
"non-survivors",0.25,0.583333333333333,0.65
"non-survivors",0,0.333333333333333,0.888888888888889
"non-survivors",0,0.583333333333333,0.805555555555556
"non-survivors",0.5,0.416666666666667,0.625
"non-survivors",0.125,0.75,0.708333333333333
"non-survivors",0.125,0.333333333333333,0.847222222222222
"non-survivors",0.5,0.037037037037037,0.738888888888889
"non-survivors",0.375,0.0833333333333333,0.847222222222222
"non-survivors",0.5,0,0.75
"non-survivors",0,0.444444444444444,0.851851851851852
"non-survivors",0,0.333333333333333,0.888888888888889
"non-survivors",0.25,0.333333333333333,0.805555555555556
"non-survivors",0.625,0,0.791666666666667
"non-survivors",1,0.333333333333333,0.555555555555556
"non-survivors",0.625,0.303030303030303,0.621590909090909
"non-survivors",0.125,0.166666666666667,0.902777777777778
"non-survivors",0.25,0.833333333333333,0.575
"non-survivors",0,0.0833333333333333,0.972222222222222
"non-survivors",0,0,1
"non-survivors",0.875,0.583333333333333,0.513888888888889
"non-survivors",0,0.333333333333333,0.888888888888889
"non-survivors",0.375,0.416666666666667,0.736111111111111
"non-survivors",0,0.416666666666667,0.861111111111111
"non-survivors",0.5,0.333333333333333,0.722222222222222
"non-survivors",0,0,1
"non-survivors",0.375,0.833333333333333,0.5375
"non-survivors",0.5,0.583333333333333,0.638888888888889
"non-survivors",0.25,0.416666666666667,0.777777777777778
"non-survivors",0,0,1
"non-survivors",0.5,0.181818181818182,0.772727272727273
"non-survivors",0.25,0.416666666666667,0.7
"non-survivors",0.125,0.416666666666667,0.819444444444444
"non-survivors",0.375,0.5,0.708333333333333
"non-survivors",0.625,0.333333333333333,0.680555555555556
"non-survivors",0.125,0.333333333333333,0.847222222222222
"non-survivors",0,0.166666666666667,0.944444444444444
"non-survivors",0,0.166666666666667,0.944444444444444
"non-survivors",0.5,0.416666666666667,0.694444444444444
"non-survivors",0.625,0.25,0.708333333333333
"non-survivors",0.375,0.416666666666667,0.736111111111111
"non-survivors",0.125,0.25,0.875
"non-survivors",0.25,0.166666666666667,0.861111111111111
"non-survivors",0.625,0.333333333333333,0.680555555555556
"non-survivors",0.25,0.5,0.75
"non-survivors",0.25,0.25,0.833333333333333
"non-survivors",0.625,0.166666666666667,0.736111111111111
"non-survivors",0.25,0.333333333333333,0.805555555555556
"non-survivors",0.625,0.166666666666667,0.736111111111111
"non-survivors",0.875,0.393939393939394,0.519318181818182
"non-survivors",0,0.212121212121212,0.929292929292929
"non-survivors",0.125,0,0.958333333333333
"non-survivors",0.25,0.25,0.833333333333333
"non-survivors",0.75,0,0.75
"non-survivors",0.25,0.166666666666667,0.861111111111111
"non-survivors",0,0.166666666666667,0.944444444444444
"non-survivors",0,0.25,0.916666666666667
"non-survivors",0.625,0.333333333333333,0.680555555555556
"non-survivors",0,0.416666666666667,0.861111111111111
"non-survivors",0.125,0.5,0.791666666666667
"non-survivors",0.25,0.333333333333333,0.805555555555556
"non-survivors",0.125,0.5,0.791666666666667
"non-survivors",0,0.25,0.916666666666667
"non-survivors",0.125,0.416666666666667,0.7375
"non-survivors",0,0.583333333333333,0.805555555555556
"non-survivors",0,0,1
"non-survivors",0,0.5,0.75
"non-survivors",0.375,0.636363636363636,0.596590909090909
"non-survivors",0,0.583333333333333,0.805555555555556
"non-survivors",0.625,0.5,0.625
"non-survivors",0.625,0.0833333333333333,0.763888888888889
"non-survivors",0,0.666666666666667,0.777777777777778
"non-survivors",0,0.333333333333333,0.888888888888889
"non-survivors",0,0.416666666666667,0.861111111111111
"non-survivors",0,0.25,0.825
"non-survivors",0,0.25,0.916666666666667
"non-survivors",0,0.25,0.916666666666667
"non-survivors",0,0.25,0.916666666666667
"non-survivors",0.25,0.416666666666667,0.7
"non-survivors",0,0.333333333333333,0.888888888888889
"non-survivors",0,0.333333333333333,0.888888888888889
"non-survivors",0,0.0833333333333333,0.875
"non-survivors",0,0.242424242424242,0.919191919191919
"non-survivors",0,0,1
"non-survivors",0.375,0.416666666666667,0.6625
"non-survivors",0,0.166666666666667,0.944444444444444
"non-survivors",0.25,0.5,0.75
"non-survivors",0.125,0.333333333333333,0.847222222222222
"non-survivors",0,0.555555555555556,0.814814814814815
"non-survivors",0.25,0.333333333333333,0.805555555555556
"non-survivors",0.5,0,0.833333333333333
"non-survivors",0,0.0303030303030303,0.890909090909091
"non-survivors",0,0.833333333333333,0.722222222222222
"non-survivors",0,0.333333333333333,0.888888888888889
"non-survivors",0,0.0833333333333333,0.972222222222222
"non-survivors",0.625,0.416666666666667,0.652777777777778
"non-survivors",0.5,0.222222222222222,0.683333333333333
"non-survivors",0.25,0.25,0.833333333333333
"non-survivors",0.25,0.416666666666667,0.777777777777778
"non-survivors",0,0.166666666666667,0.944444444444444
"non-survivors",0.875,0.25,0.5625
"non-survivors",0.125,0.166666666666667,0.902777777777778
"non-survivors",0.125,0.757575757575758,0.705808080808081
"non-survivors",0,0,1
"non-survivors",0.5,0.75,0.583333333333333
"non-survivors",0,0.0833333333333333,0.972222222222222
"non-survivors",0.5,0.416666666666667,0.694444444444444
"non-survivors",0.625,0.416666666666667,0.652777777777778
"non-survivors",0.25,0.333333333333333,0.805555555555556
"non-survivors",0,0.25,0.916666666666667
"non-survivors",0.625,0.333333333333333,0.680555555555556
"non-survivors",0.125,0.0833333333333333,0.930555555555556
"non-survivors",0.125,0.0833333333333333,0.930555555555556
"non-survivors",0.625,0.333333333333333,0.680555555555556
"non-survivors",0.25,0.555555555555556,0.731481481481482
"non-survivors",0.5,0,0.833333333333333
"non-survivors",0.625,0.5,0.625
"non-survivors",0,0.555555555555556,0.814814814814815
"non-survivors",0.125,0.416666666666667,0.819444444444444
"non-survivors",0,0.75,0.75
"non-survivors",0.25,0.25,0.75
"non-survivors",0.125,0.25,0.875
"non-survivors",0,0.333333333333333,0.8
"non-survivors",0,0.444444444444444,0.851851851851852
"non-survivors",0.25,0.75,0.666666666666667
"non-survivors",0.25,0.333333333333333,0.805555555555556
"non-survivors",0.375,0.555555555555556,0.689814814814815
"non-survivors",0.625,0.416666666666667,0.652777777777778
"non-survivors",0.25,0.555555555555556,0.658333333333333
"non-survivors",0.75,0.75,0.5
"non-survivors",0.625,0.666666666666667,0.569444444444444
"non-survivors",0.125,0.666666666666667,0.736111111111111
"non-survivors",0.75,0.242424242424242,0.669191919191919
"non-survivors",0.125,0.166666666666667,0.902777777777778
"non-survivors",0,0.416666666666667,0.861111111111111
"non-survivors",0.25,0.222222222222222,0.842592592592593
"non-survivors",0,0.444444444444444,0.851851851851852
"non-survivors",0.5,0.166666666666667,0.777777777777778
"non-survivors",0.875,0.212121212121212,0.637626262626263
"non-survivors",0,0.666666666666667,0.777777777777778
"non-survivors",0.75,0.151515151515152,0.629545454545455
"non-survivors",0.375,0.583333333333333,0.680555555555556
"non-survivors",0.625,0.25,0.708333333333333
"non-survivors",0.75,0.416666666666667,0.611111111111111
"non-survivors",0.625,0.25,0.6375
"non-survivors",0,0,1
"non-survivors",0,0.0833333333333333,0.875
"non-survivors",0.5,0.25,0.675
"non-survivors",0,0.166666666666667,0.944444444444444
"non-survivors",0,0.166666666666667,0.944444444444444
"non-survivors",0.625,0.166666666666667,0.6625
"non-survivors",0,0.166666666666667,0.944444444444444
"non-survivors",0.125,0.333333333333333,0.847222222222222
"non-survivors",0.25,0.416666666666667,0.777777777777778
"non-survivors",0.125,0.25,0.875
"non-survivors",0,0.166666666666667,0.944444444444444
"non-survivors",0,0.666666666666667,0.7
"non-survivors",0.625,0.25,0.708333333333333
"non-survivors",0.625,0.416666666666667,0.652777777777778
"non-survivors",0,0.5,0.833333333333333
"non-survivors",0,0.666666666666667,0.777777777777778
"non-survivors",0.5,0.0833333333333333,0.805555555555556
"non-survivors",0.125,0.333333333333333,0.847222222222222
"non-survivors",0.25,0.333333333333333,NA
"non-survivors",0.25,0.333333333333333,0.805555555555556
"non-survivors",0,0.333333333333333,0.888888888888889
"non-survivors",0,0.25,0.916666666666667
"non-survivors",0.25,0.583333333333333,0.65
"non-survivors",0,0.0833333333333333,0.972222222222222
"non-survivors",0.375,0.583333333333333,0.680555555555556
"non-survivors",0.375,0.333333333333333,0.763888888888889
"non-survivors",0.875,0.416666666666667,0.569444444444444
"non-survivors",0,0.25,0.916666666666667
"non-survivors",0,0.416666666666667,0.861111111111111
"non-survivors",0,0.416666666666667,0.861111111111111
"non-survivors",0.5,0,0.833333333333333
"non-survivors",0.125,0.5,0.791666666666667
"non-survivors",0,0.222222222222222,0.833333333333333
"non-survivors",0.125,0.25,0.7875
"non-survivors",0,0.666666666666667,0.777777777777778
"non-survivors",0.25,0,0.916666666666667
"non-survivors",0,0.181818181818182,0.845454545454545
"non-survivors",0.375,0.296296296296296,0.698611111111111
"non-survivors",0.75,0.151515151515152,0.69949494949495
"non-survivors",0,0,1
"non-survivors",0.375,0.75,0.5625
"non-survivors",0.25,0.333333333333333,0.805555555555556
"non-survivors",0.125,0.5,0.791666666666667
"non-survivors",0.75,0.303030303030303,0.584090909090909
"non-survivors",0.5,0.303030303030303,0.732323232323232
"non-survivors",0,0,1
"non-survivors",0.625,0.166666666666667,0.736111111111111
"non-survivors",0.25,0.166666666666667,0.861111111111111
"non-survivors",0.625,0.583333333333333,0.597222222222222
"non-survivors",0.125,0.333333333333333,0.847222222222222
"non-survivors",0.125,0.333333333333333,0.847222222222222
"non-survivors",0.25,0.333333333333333,0.725
"non-survivors",0.375,0.0833333333333333,0.847222222222222
"non-survivors",0.25,0,0.916666666666667
"non-survivors",0,0.5,0.833333333333333
"non-survivors",0.5,0.233333333333333,0.755555555555556
"non-survivors",0.25,0.166666666666667,0.775
"non-survivors",0.5,0.166666666666667,0.7
"non-survivors",0.125,0.416666666666667,0.7375
"non-survivors",0.25,0.666666666666667,0.694444444444444
"non-survivors",0.25,0.333333333333333,0.725
"non-survivors",0,0.0833333333333333,0.972222222222222
"non-survivors",0.5,0.166666666666667,0.7
"non-survivors",0,0.111111111111111,0.962962962962963
"non-survivors",0,0.0833333333333333,0.972222222222222
"non-survivors",0.125,0.444444444444444,0.810185185185185
"non-survivors",0.875,0.333333333333333,0.597222222222222
"non-survivors",0,0.25,0.916666666666667
"non-survivors",0,0.424242424242424,0.858585858585859
"non-survivors",0,0.416666666666667,0.861111111111111
"non-survivors",0.125,0.25,0.875
"non-survivors",0,0.416666666666667,0.861111111111111
"non-survivors",0.375,0.833333333333333,0.597222222222222
"non-survivors",0.75,0.25,0.6
"non-survivors",0,0.333333333333333,0.888888888888889
"non-survivors",0,0.444444444444444,0.851851851851852
"non-survivors",0.375,0.111111111111111,0.837962962962963
"non-survivors",0.25,0.0833333333333333,0.888888888888889
"non-survivors",0.625,0.444444444444444,0.579166666666667
"non-survivors",0,0.5,0.833333333333333
"non-survivors",0,0.333333333333333,0.888888888888889
"non-survivors",0,0.222222222222222,0.925925925925926
"non-survivors",0.875,0.166666666666667,0.652777777777778
"non-survivors",0.5,0.333333333333333,0.65
"non-survivors",0,0.222222222222222,0.833333333333333
"non-survivors",0.125,0.25,0.875
"non-survivors",0,0.416666666666667,0.861111111111111
"non-survivors",0.125,0.151515151515152,0.907828282828283
"non-survivors",0,0.333333333333333,0.888888888888889
"non-survivors",0,0.416666666666667,0.861111111111111
"non-survivors",0.125,0,0.958333333333333
"non-survivors",0,0.0833333333333333,0.875
"non-survivors",0.125,0,0.958333333333333
"non-survivors",0,0.333333333333333,0.8
"non-survivors",0.5,0.333333333333333,0.722222222222222
"non-survivors",0,0.166666666666667,0.85
"non-survivors",0,0.25,0.916666666666667
"non-survivors",0.5,0.25,0.675
"non-survivors",0,0.416666666666667,0.861111111111111
"non-survivors",0.625,0.222222222222222,0.717592592592593
"non-survivors",0,0.25,0.916666666666667
"non-survivors",0,0.25,0.916666666666667
"non-survivors",0,0.166666666666667,0.944444444444444
"non-survivors",0.375,0.0833333333333333,0.7625
"non-survivors",0,0.111111111111111,0.962962962962963
"non-survivors",0.125,0.333333333333333,0.847222222222222
"non-survivors",0,0,1
"non-survivors",0.375,0.5,0.708333333333333
"non-survivors",0.375,0.583333333333333,0.680555555555556
"non-survivors",0.25,0.222222222222222,0.842592592592593
"non-survivors",0.5,0.166666666666667,0.777777777777778
"non-survivors",0,0.0833333333333333,0.972222222222222
"non-survivors",0.25,0.333333333333333,0.805555555555556
"non-survivors",0.125,0.151515151515152,0.907828282828283
"non-survivors",0,0.416666666666667,0.861111111111111
"non-survivors",0.125,0.416666666666667,0.819444444444444
"non-survivors",0.125,0.25,0.875
"non-survivors",0.375,0.416666666666667,0.736111111111111
"non-survivors",0.125,0.5,0.791666666666667
"non-survivors",0.125,0.166666666666667,0.902777777777778
"non-survivors",0.75,0.583333333333333,0.555555555555556
"non-survivors",0,0.333333333333333,0.888888888888889
"non-survivors",0.625,0.25,0.708333333333333
"non-survivors",0.875,0.916666666666667,0.402777777777778
"non-survivors",0.375,0.25,0.791666666666667
"non-survivors",0,0.25,0.916666666666667
"non-survivors",0.125,0.151515151515152,0.907828282828283
"non-survivors",0,0.166666666666667,0.944444444444444
"non-survivors",0.625,0.272727272727273,0.700757575757576
"non-survivors",0.125,0.583333333333333,0.763888888888889
"non-survivors",0.375,0.416666666666667,0.736111111111111
"non-survivors",0,0.166666666666667,0.944444444444444
"non-survivors",0.625,0.333333333333333,0.680555555555556
"non-survivors",0.625,0.166666666666667,0.736111111111111
"non-survivors",0,0.166666666666667,0.85
"non-survivors",0.125,0.333333333333333,0.847222222222222
"non-survivors",0,0.25,0.916666666666667
"non-survivors",0,0.333333333333333,0.888888888888889
"non-survivors",0.125,0.833333333333333,0.680555555555556
"non-survivors",0.875,0.75,0.4125
"non-survivors",0.25,0.25,0.833333333333333
"non-survivors",0.25,0.777777777777778,0.657407407407407
"non-survivors",0,0.25,0.916666666666667
"non-survivors",0,0.833333333333333,0.722222222222222
"non-survivors",0.25,0.333333333333333,0.805555555555556
"non-survivors",0.5,0.25,0.75
"non-survivors",0.125,0.583333333333333,0.763888888888889
"non-survivors",0.625,0.888888888888889,0.49537037037037
"non-survivors",0.625,0.25,0.708333333333333
"non-survivors",0.375,0.5,0.708333333333333
"non-survivors",0,0.416666666666667,0.861111111111111
"non-survivors",0.25,0.25,0.833333333333333
"non-survivors",0.125,0.444444444444444,0.810185185185185
"non-survivors",0,0.416666666666667,0.861111111111111
"non-survivors",0.375,0.5,0.6375
"non-survivors",0,0.212121212121212,0.929292929292929
"non-survivors",0,0.111111111111111,0.962962962962963
"non-survivors",0,0.166666666666667,0.85
"non-survivors",0.5,0.303030303030303,0.732323232323232
"non-survivors",0.25,0.5,0.75
"non-survivors",0.25,0.416666666666667,0.777777777777778
"non-survivors",0.5,0.5,0.6
"non-survivors",0.625,0.2,0.6525
"non-survivors",0,0.75,0.75
"non-survivors",0,0.5,0.833333333333333
"non-survivors",0,0.25,0.916666666666667
"non-survivors",0,0.416666666666667,0.861111111111111
"non-survivors",0,0.416666666666667,0.861111111111111
"non-survivors",0,0.0833333333333333,0.972222222222222
"non-survivors",0,0.333333333333333,0.888888888888889
"non-survivors",0.875,0.583333333333333,0.513888888888889
"non-survivors",0,0.222222222222222,0.925925925925926
"non-survivors",0,0.111111111111111,0.866666666666667
"non-survivors",0.25,0.166666666666667,0.861111111111111
"non-survivors",0,0.333333333333333,0.888888888888889
"non-survivors",0,0.444444444444444,0.851851851851852
"non-survivors",0.125,0.166666666666667,0.902777777777778
"non-survivors",0,0.166666666666667,0.944444444444444
"non-survivors",0,0.25,0.916666666666667
"non-survivors",0.125,0.333333333333333,0.7625
"non-survivors",0,0.111111111111111,0.962962962962963
"non-survivors",0.125,0.166666666666667,0.8125
"non-survivors",0,0,1
"non-survivors",0.25,0.5,0.675
"non-survivors",0,0.444444444444444,0.851851851851852
"non-survivors",0,0.25,0.916666666666667
"non-survivors",0,0.166666666666667,0.85
"non-survivors",0.125,0.166666666666667,0.902777777777778
"non-survivors",0.375,0.111111111111111,0.837962962962963
"non-survivors",0,0.416666666666667,0.861111111111111
"non-survivors",0.75,0.5,0.583333333333333
"non-survivors",0.125,0.0833333333333333,0.930555555555556
"non-survivors",0.75,0.363636363636364,0.628787878787879
"non-survivors",0.5,0.166666666666667,0.7
"non-survivors",0,0.222222222222222,0.833333333333333
"non-survivors",0.5,0.111111111111111,0.716666666666667
"non-survivors",0.5,0.444444444444444,0.685185185185185
"non-survivors",0.375,0.5,0.708333333333333
"non-survivors",0.375,0.5,0.708333333333333
"non-survivors",0,0.0833333333333333,0.972222222222222
"non-survivors",0,0.212121212121212,0.929292929292929
"non-survivors",0,0.5,0.833333333333333
"non-survivors",0.25,0.5,0.75
"non-survivors",0.25,0.166666666666667,0.861111111111111
"non-survivors",0,0.222222222222222,0.925925925925926
"non-survivors",0.625,0.5,0.5625
"non-survivors",0,0.25,0.916666666666667
"non-survivors",0,0.166666666666667,0.944444444444444
"non-survivors",0.375,0.333333333333333,0.763888888888889
"non-survivors",0.125,0,0.8625
"non-survivors",0.625,0,0.791666666666667
"non-survivors",0.125,0.25,0.875
"non-survivors",0.875,0.151515151515152,0.657828282828283
"non-survivors",0,0.25,0.916666666666667
"non-survivors",0.5,0.444444444444444,0.685185185185185
"non-survivors",0.125,0.5,0.791666666666667
"non-survivors",0.5,1,0.5
"non-survivors",0.125,0.0833333333333333,0.930555555555556
"non-survivors",0,0.5,0.833333333333333
"non-survivors",0.75,0,0.675
"non-survivors",0,0.666666666666667,0.777777777777778
"non-survivors",0.375,0.5,0.708333333333333
"non-survivors",0,0.166666666666667,0.944444444444444
"non-survivors",0.375,0.166666666666667,0.819444444444444
"non-survivors",0.125,0.583333333333333,0.763888888888889
"non-survivors",0.5,0.1,0.8
"non-survivors",0.25,0.222222222222222,0.842592592592593
"non-survivors",0.75,0.545454545454545,0.568181818181818
"non-survivors",0.875,0.25,0.625
"non-survivors",0.125,0.333333333333333,0.847222222222222
"non-survivors",0,0.266666666666667,0.911111111111111
"non-survivors",0.125,0.25,0.875
"non-survivors",0.5,0.25,0.75
"non-survivors",0,0.0833333333333333,0.972222222222222
"non-survivors",0,0.333333333333333,0.888888888888889
"non-survivors",0,0,1
"non-survivors",0.125,0.416666666666667,0.819444444444444
"non-survivors",0.125,0.416666666666667,0.819444444444444
"non-survivors",0,0.0833333333333333,0.972222222222222
"non-survivors",0.125,0.5,0.791666666666667
"non-survivors",0,0,1
"non-survivors",0,0.416666666666667,0.775
"non-survivors",0,0.333333333333333,0.888888888888889
"non-survivors",0.375,0,0.875
"non-survivors",0.5,0.25,0.75
"non-survivors",0,0.222222222222222,0.925925925925926
"non-survivors",0.375,0.333333333333333,0.763888888888889
"non-survivors",0.25,0.333333333333333,0.805555555555556
"non-survivors",0.625,0.272727272727273,0.630681818181818
"non-survivors",0,0.0833333333333333,0.972222222222222
"non-survivors",0,0.25,0.916666666666667
"non-survivors",0,0.111111111111111,0.962962962962963
"non-survivors",0.625,0.0606060606060606,0.771464646464647
"non-survivors",0.375,0.5,0.708333333333333
"non-survivors",0,0.333333333333333,0.888888888888889
"non-survivors",0,0.222222222222222,0.833333333333333
"non-survivors",0.75,0.25,0.666666666666667
"non-survivors",0.875,0.0833333333333333,0.680555555555556
"non-survivors",0.125,0.0833333333333333,0.930555555555556
"non-survivors",0,0.25,0.916666666666667
"non-survivors",0.125,0,0.958333333333333
"non-survivors",0.125,0.333333333333333,0.847222222222222
"non-survivors",0,0.166666666666667,0.944444444444444
"non-survivors",0.375,0.5,0.6375
"non-survivors",0.25,0.272727272727273,0.825757575757576
"non-survivors",0,0.266666666666667,0.911111111111111
"non-survivors",0,0.333333333333333,0.888888888888889
"non-survivors",0,0,1
"non-survivors",0,0.166666666666667,0.944444444444444
"non-survivors",0.25,0.5,0.75
"non-survivors",0.5,0.583333333333333,0.575
"non-survivors",0,0.416666666666667,0.861111111111111
"non-survivors",0.125,0.181818181818182,0.897727272727273
"non-survivors",0.25,0.166666666666667,0.861111111111111
"non-survivors",0.5,0.25,0.75
"non-survivors",0,0.5,0.833333333333333
"non-survivors",0.375,0.166666666666667,0.819444444444444
"non-survivors",0,0.666666666666667,0.777777777777778
"non-survivors",0.375,0.833333333333333,0.597222222222222
"non-survivors",0.125,0.416666666666667,0.819444444444444
"non-survivors",0.25,0.555555555555556,0.658333333333333
"non-survivors",0,0,1
"non-survivors",0,0.5,0.75
"non-survivors",0,0.333333333333333,0.8
"non-survivors",0,0.333333333333333,0.888888888888889
"non-survivors",0.125,0.0833333333333333,0.8375
"non-survivors",0.5,0.25,0.75
"non-survivors",0.25,0.333333333333333,0.805555555555556
"non-survivors",0,0.166666666666667,0.944444444444444
"non-survivors",0.125,0,0.958333333333333
"non-survivors",0,0.333333333333333,0.888888888888889
"non-survivors",0,0.0833333333333333,0.972222222222222
"non-survivors",0,0.0833333333333333,0.875
"non-survivors",0.125,0.25,0.875
"non-survivors",0,0.166666666666667,0.944444444444444
"non-survivors",0.25,0.333333333333333,0.805555555555556
"non-survivors",0,0.25,0.825
"non-survivors",0,0.333333333333333,0.888888888888889
"non-survivors",0.5,0.25,0.75
"non-survivors",0,0.0833333333333333,0.972222222222222
"non-survivors",0,0.333333333333333,0.888888888888889
"non-survivors",0.875,0.333333333333333,0.5375
"non-survivors",0.5,0.25,0.75
"non-survivors",0.5,0.25,0.75
"non-survivors",0,0.416666666666667,0.861111111111111
"non-survivors",0.75,0.166666666666667,0.625
"non-survivors",0,0.166666666666667,0.944444444444444
"non-survivors",0.125,0.333333333333333,0.847222222222222
"non-survivors",0.125,0.212121212121212,0.887626262626263
"non-survivors",0,0.333333333333333,0.888888888888889
"non-survivors",0,0.25,0.916666666666667
"non-survivors",0,0.5,0.833333333333333
"non-survivors",0,0.5,0.833333333333333
"non-survivors",0,0.0833333333333333,0.972222222222222
"non-survivors",0.375,0.166666666666667,0.7375
"non-survivors",0.75,0.583333333333333,0.555555555555556
"non-survivors",0,0.666666666666667,0.7
"non-survivors",0,0.333333333333333,0.888888888888889
"non-survivors",0.125,0.166666666666667,0.902777777777778
"non-survivors",0,0,1
"non-survivors",0,0.416666666666667,0.861111111111111
"non-survivors",0.375,0.0833333333333333,0.847222222222222
"non-survivors",0.125,0.166666666666667,0.8125
"non-survivors",0.625,0.333333333333333,0.680555555555556
"non-survivors",0,0.0666666666666667,0.977777777777778
"non-survivors",0.5,0.333333333333333,0.722222222222222
"non-survivors",0.75,0.222222222222222,0.608333333333333
"non-survivors",0.5,0.75,0.583333333333333
"non-survivors",0.25,0.0833333333333333,0.888888888888889
"non-survivors",0.625,0.583333333333333,0.597222222222222
"non-survivors",0.25,0.5,0.675
"non-survivors",0.25,0.583333333333333,0.722222222222222
"non-survivors",0.125,0.75,0.708333333333333
"non-survivors",0.5,0.303030303030303,0.732323232323232
"non-survivors",0.125,0.333333333333333,0.847222222222222
"non-survivors",0.875,0.25,0.625
"non-survivors",0,0.166666666666667,0.944444444444444
"non-survivors",0.375,0.0833333333333333,0.847222222222222
"non-survivors",0.625,0.75,0.541666666666667
"non-survivors",0,0.0833333333333333,0.972222222222222
"non-survivors",0.375,0.111111111111111,0.837962962962963
"non-survivors",0.5,0.416666666666667,0.694444444444444
"non-survivors",0,0.583333333333333,0.805555555555556
"non-survivors",0,0.416666666666667,0.861111111111111
"non-survivors",0.5,0.916666666666667,0.527777777777778
"non-survivors",0,0.222222222222222,0.925925925925926
"non-survivors",0,0.166666666666667,0.944444444444444
"non-survivors",0,0.5,0.75
"non-survivors",0,0.5,0.833333333333333
"non-survivors",0,0.583333333333333,0.805555555555556
"non-survivors",0.5,0.222222222222222,0.759259259259259
"non-survivors",0.75,0.444444444444444,0.541666666666667
"non-survivors",0.875,0.333333333333333,0.597222222222222
"non-survivors",0.25,0,0.916666666666667
"non-survivors",0.5,0.666666666666667,0.611111111111111
"non-survivors",0.625,0.25,0.708333333333333
"non-survivors",0,0.5,0.833333333333333
"non-survivors",0.5,0.333333333333333,0.722222222222222
"non-survivors",0.875,0.583333333333333,0.513888888888889
"non-survivors",0,0.666666666666667,0.777777777777778
"non-survivors",0.5,0.583333333333333,0.638888888888889
"non-survivors",0,0.583333333333333,0.805555555555556
"non-survivors",0,0.666666666666667,0.777777777777778
"non-survivors",0,0.333333333333333,0.888888888888889
"non-survivors",0.875,0.25,0.625
"non-survivors",0.125,0.5,0.791666666666667
"non-survivors",1,0.416666666666667,0.475
"non-survivors",0,0.25,0.916666666666667
"non-survivors",0.25,0.333333333333333,0.805555555555556
"non-survivors",0.625,0.416666666666667,0.652777777777778
"non-survivors",0,0.166666666666667,0.944444444444444
"non-survivors",0,0.0833333333333333,0.972222222222222
"non-survivors",0.125,0.25,0.875
"non-survivors",0,0,1
"non-survivors",0.875,0.121212121212121,0.667929292929293
"non-survivors",0,0.333333333333333,0.888888888888889
"non-survivors",0.75,0.222222222222222,0.608333333333333
"non-survivors",0,0.416666666666667,0.861111111111111
"non-survivors",0.875,0.25,0.625
"non-survivors",0.625,0.833333333333333,0.513888888888889
"non-survivors",0.875,0.333333333333333,0.597222222222222
"non-survivors",0.375,0.5,0.708333333333333
"non-survivors",0,0.0833333333333333,0.972222222222222
"non-survivors",0.875,0.166666666666667,0.5875
"non-survivors",0.25,0.25,0.833333333333333
"non-survivors",0.125,0.0833333333333333,0.8375
"non-survivors",0.75,0.166666666666667,0.694444444444444
"non-survivors",0.5,0.25,0.675
"non-survivors",0,0.5,0.833333333333333
"non-survivors",0,0.166666666666667,0.944444444444444
"non-survivors",0.5,0.583333333333333,0.638888888888889
"non-survivors",0,0.424242424242424,0.772727272727273
"non-survivors",0.25,0.666666666666667,0.694444444444444
"non-survivors",0.625,0.333333333333333,0.6125
"non-survivors",0,0.416666666666667,0.861111111111111
"non-survivors",0.25,0.333333333333333,0.725
"non-survivors",0.25,0.25,0.833333333333333
"non-survivors",0.75,0.25,0.666666666666667
"non-survivors",0.625,0.363636363636364,0.603409090909091
"non-survivors",0,0.333333333333333,0.888888888888889
"non-survivors",0.5,0.5,0.666666666666667
"non-survivors",0.125,0.222222222222222,0.795833333333333
"non-survivors",0,0.25,0.916666666666667
"non-survivors",0.375,0.0833333333333333,0.847222222222222
"non-survivors",0.5,0.333333333333333,0.722222222222222
"non-survivors",0,0.416666666666667,0.861111111111111
"non-survivors",0.125,0.25,0.875
"non-survivors",0,0.25,0.916666666666667
"non-survivors",0.375,0.583333333333333,0.680555555555556
"non-survivors",0,0.333333333333333,0.888888888888889
"non-survivors",0.125,0.333333333333333,0.847222222222222
"non-survivors",0.375,0.111111111111111,0.837962962962963
"non-survivors",0.125,0.833333333333333,0.680555555555556
"non-survivors",0.5,0.5,0.666666666666667
"non-survivors",0.75,0.212121212121212,0.679292929292929
"non-survivors",0.625,0.833333333333333,0.513888888888889
"non-survivors",0,0.555555555555556,0.814814814814815
"non-survivors",0.25,0.25,0.833333333333333
"non-survivors",0.5,0,0.833333333333333
"non-survivors",0.75,0.151515151515152,0.629545454545455
"non-survivors",0.5,0.333333333333333,0.65
"non-survivors",0,0.416666666666667,0.861111111111111
"non-survivors",0.375,0.0833333333333333,0.847222222222222
"non-survivors",0.875,0.363636363636364,0.528409090909091
"non-survivors",0.25,0.583333333333333,0.722222222222222
"non-survivors",0.5,0.25,0.75
"non-survivors",0,0.75,0.75
"non-survivors",0.25,0.222222222222222,0.842592592592593
"non-survivors",0.5,0.5,0.666666666666667
"non-survivors",0.125,0.416666666666667,0.819444444444444
"non-survivors",0.25,0.25,0.833333333333333
"non-survivors",0,0.166666666666667,0.944444444444444
"non-survivors",0,0.166666666666667,0.944444444444444
"non-survivors",0.125,0.333333333333333,0.847222222222222
"non-survivors",0.125,0.166666666666667,0.902777777777778
"non-survivors",0,0.25,0.916666666666667
"non-survivors",0.125,0.0833333333333333,0.930555555555556
"non-survivors",0.375,0.583333333333333,0.680555555555556
"non-survivors",0,0.416666666666667,0.861111111111111
"non-survivors",0.25,0.416666666666667,0.777777777777778
"non-survivors",0,0.333333333333333,0.888888888888889
"non-survivors",0,0.166666666666667,0.944444444444444
"non-survivors",0.125,0.583333333333333,0.6875
"non-survivors",0,0.222222222222222,0.925925925925926
"non-survivors",0.25,0.25,0.833333333333333
"non-survivors",0.5,0.333333333333333,0.722222222222222
"non-survivors",0.375,0.416666666666667,0.736111111111111
"non-survivors",0,0.333333333333333,0.888888888888889
"non-survivors",0,0.5,0.833333333333333
"non-survivors",0.125,0.333333333333333,0.847222222222222
"non-survivors",0,0.151515151515152,0.94949494949495
"non-survivors",0,0.0833333333333333,0.972222222222222
"non-survivors",0.375,0.333333333333333,0.6875
"non-survivors",0,0.5,0.833333333333333
"non-survivors",0,0.0833333333333333,0.972222222222222
"non-survivors",0,0,1
"non-survivors",0,1,0.666666666666667
"non-survivors",0,0.0833333333333333,0.972222222222222
"non-survivors",0.5,0.166666666666667,0.777777777777778
"non-survivors",0.25,0.583333333333333,0.722222222222222
"non-survivors",0.25,0.666666666666667,0.625
"non-survivors",0.125,0.166666666666667,0.902777777777778
"non-survivors",0.125,0.25,0.875
"non-survivors",0,0,1
"non-survivors",0.375,0.5,0.6375
"non-survivors",0,0,0.9
"non-survivors",0,0.166666666666667,0.944444444444444
"non-survivors",0.375,0.111111111111111,0.754166666666667
"non-survivors",0.125,0.25,0.875
"non-survivors",0,0.166666666666667,0.944444444444444
"non-survivors",0,0.5,0.833333333333333
"non-survivors",0.5,0.416666666666667,0.625
"non-survivors",0,0.222222222222222,0.925925925925926
"non-survivors",0,0,1
"non-survivors",0.25,0.333333333333333,0.805555555555556
"non-survivors",0.375,0,0.875
"non-survivors",0,0.444444444444444,0.851851851851852
"non-survivors",0.375,0.555555555555556,0.620833333333333
"non-survivors",0,0.666666666666667,0.777777777777778
"non-survivors",0,0.333333333333333,0.888888888888889
"non-survivors",0,0,1
"non-survivors",0,0.333333333333333,0.888888888888889
"non-survivors",0,0.416666666666667,0.861111111111111
"non-survivors",0,0.333333333333333,0.888888888888889
"non-survivors",0.625,0.333333333333333,0.6125
"non-survivors",0.25,0.333333333333333,0.805555555555556
"non-survivors",0.625,0.0833333333333333,0.763888888888889
"non-survivors",0.25,0.111111111111111,0.87962962962963
"non-survivors",0.625,0.25,0.6375
"non-survivors",0.5,0.416666666666667,0.694444444444444
"non-survivors",0,0.333333333333333,0.888888888888889
"non-survivors",0,0,1
"non-survivors",0.25,0.416666666666667,0.777777777777778
"non-survivors",0,0.5,0.833333333333333
"non-survivors",0.25,0.0909090909090909,0.886363636363636
"non-survivors",0.125,0.666666666666667,0.736111111111111
"non-survivors",0,0,0.9
"non-survivors",0.375,0.5,0.6375
"non-survivors",0,0.5,0.833333333333333
"non-survivors",0.5,0.416666666666667,0.694444444444444
"non-survivors",0,0.333333333333333,0.888888888888889
"non-survivors",0.375,0.583333333333333,0.6125
"non-survivors",0,0.0833333333333333,0.972222222222222
"non-survivors",0,0.222222222222222,0.925925925925926
"non-survivors",0.875,0.25,0.625
"non-survivors",0,0.25,0.916666666666667
"non-survivors",0.5,0.166666666666667,0.7
"non-survivors",0,0.416666666666667,0.861111111111111
"non-survivors",0.5,0.424242424242424,0.691919191919192
"non-survivors",0.5,0.416666666666667,0.694444444444444
"non-survivors",0.25,0.416666666666667,0.777777777777778
"non-survivors",0,0.333333333333333,0.888888888888889
"non-survivors",0,0,1
"non-survivors",0.125,0,0.958333333333333
"non-survivors",0.125,0.416666666666667,0.819444444444444
"non-survivors",0.625,0.5,0.625
"non-survivors",0,0.444444444444444,0.851851851851852
"non-survivors",0,0.25,0.916666666666667
"non-survivors",0,0.666666666666667,0.777777777777778
"non-survivors",0,0.111111111111111,0.962962962962963
"non-survivors",0,0,1
"non-survivors",0.5,0.333333333333333,0.722222222222222
"non-survivors",0.625,0.272727272727273,0.630681818181818
"non-survivors",1,0.583333333333333,0.425
"non-survivors",0,0.166666666666667,0.944444444444444
"non-survivors",0.25,0.111111111111111,0.791666666666667
"non-survivors",0,0.0833333333333333,0.875
"non-survivors",0.375,0.222222222222222,0.800925925925926
"non-survivors",0,0.416666666666667,0.861111111111111
"non-survivors",0.25,0.222222222222222,0.758333333333333
"non-survivors",0,0.166666666666667,0.944444444444444
"non-survivors",0.875,0.242424242424242,0.564772727272727
"non-survivors",0,0.25,0.916666666666667
"non-survivors",0.5,0,0.833333333333333
"non-survivors",0.5,0.166666666666667,0.7
"non-survivors",0,0.583333333333333,0.725
"non-survivors",0,0,1
"non-survivors",0.5,0.416666666666667,0.694444444444444
"non-survivors",0.25,0.25,0.75
"non-survivors",0,0.166666666666667,0.944444444444444
"non-survivors",0,0.25,0.916666666666667
"non-survivors",0,0.833333333333333,0.722222222222222
"non-survivors",0.75,0.5,0.525
"non-survivors",0,0.25,0.916666666666667
"non-survivors",0.875,0.333333333333333,0.5375
"non-survivors",0.375,0.166666666666667,0.819444444444444
"non-survivors",0,0.416666666666667,0.861111111111111
"non-survivors",0.875,0.242424242424242,0.627525252525252
"non-survivors",0.125,0.25,0.7875
"non-survivors",0,0.166666666666667,0.85
"non-survivors",0.125,0.333333333333333,0.847222222222222
"non-survivors",0.25,0,0.916666666666667
"non-survivors",0.375,0.333333333333333,0.763888888888889
"non-survivors",0.375,0.25,0.7125
"non-survivors",0.875,0.151515151515152,0.657828282828283
"non-survivors",0,0.333333333333333,0.888888888888889
"non-survivors",0,0.166666666666667,0.944444444444444
"non-survivors",0.125,0.833333333333333,0.680555555555556
"non-survivors",0,0.0833333333333333,0.972222222222222
"non-survivors",0.5,0.5,0.666666666666667
"non-survivors",0,0.25,0.825
"non-survivors",0.375,0.25,0.791666666666667
"non-survivors",0,0.333333333333333,0.888888888888889
"non-survivors",0.25,0.0833333333333333,0.888888888888889
"non-survivors",1,0,0.666666666666667
"non-survivors",0,0.166666666666667,0.944444444444444
"non-survivors",0,0.166666666666667,0.944444444444444
"non-survivors",0.25,0.0833333333333333,0.888888888888889
"non-survivors",0.875,0.166666666666667,0.652777777777778
"non-survivors",0.5,0.0606060606060606,0.731818181818182
"non-survivors",0,0.416666666666667,0.861111111111111
"non-survivors",0,0,1
"non-survivors",0,0.151515151515152,0.94949494949495
"non-survivors",0.75,0.0833333333333333,0.722222222222222
"non-survivors",0,0,1
"non-survivors",0.375,0.166666666666667,0.819444444444444
"non-survivors",0,0.333333333333333,0.888888888888889
"non-survivors",0,0.5,0.833333333333333
"non-survivors",0.625,0.25,0.708333333333333
"non-survivors",0.25,0.25,0.833333333333333
"non-survivors",0.375,0.222222222222222,0.720833333333333
"non-survivors",0,0.416666666666667,0.861111111111111
"non-survivors",0,0.111111111111111,0.962962962962963
"non-survivors",0,0.25,0.916666666666667
"non-survivors",0,0,1
"non-survivors",0.25,0.333333333333333,0.805555555555556
"non-survivors",0,0.0833333333333333,0.972222222222222
"non-survivors",0,0.333333333333333,0.888888888888889
"non-survivors",0,0.583333333333333,0.805555555555556
"non-survivors",0.125,0.75,0.708333333333333
"non-survivors",0.125,0.333333333333333,0.847222222222222
"non-survivors",0.125,0.75,0.708333333333333
"non-survivors",0,0.888888888888889,0.703703703703704
"non-survivors",0,0.833333333333333,0.722222222222222
"non-survivors",0,0.75,0.75
"non-survivors",0,0.303030303030303,0.898989898989899
"non-survivors",0,0.333333333333333,0.888888888888889
"non-survivors",0.5,0.777777777777778,0.574074074074074
"non-survivors",0,0.333333333333333,0.888888888888889
"non-survivors",0.625,0.0833333333333333,0.763888888888889
"non-survivors",0,0.222222222222222,0.925925925925926
"non-survivors",0.5,0.583333333333333,0.638888888888889
"non-survivors",0,0.833333333333333,0.722222222222222
"non-survivors",0.625,0.666666666666667,0.5125
"non-survivors",0.375,0.166666666666667,0.819444444444444
"non-survivors",0.25,0.5,0.75
"non-survivors",0,0.416666666666667,0.861111111111111
"non-survivors",0.875,0.416666666666667,0.569444444444444
"non-survivors",0.5,0.444444444444444,0.685185185185185
"non-survivors",0,0.333333333333333,0.888888888888889
"non-survivors",0,0.333333333333333,0.8
"non-survivors",0,0.151515151515152,0.94949494949495
"non-survivors",0.625,0.583333333333333,0.597222222222222
"non-survivors",0.125,0,0.958333333333333
"non-survivors",0,0.555555555555556,0.814814814814815
"non-survivors",0,0.0833333333333333,0.972222222222222
"non-survivors",0.25,0.5,0.75
"non-survivors",0.25,0.166666666666667,0.861111111111111
"non-survivors",0.625,0.333333333333333,0.680555555555556
"non-survivors",0.25,0.25,0.833333333333333
"non-survivors",1,0.166666666666667,0.611111111111111
"non-survivors",0.125,0.25,0.875
"non-survivors",0.375,0.555555555555556,0.689814814814815
"non-survivors",0.25,0.5,0.675
"non-survivors",0.375,0.0909090909090909,0.84469696969697
"non-survivors",0.5,0.416666666666667,0.694444444444444
"non-survivors",0.5,0.916666666666667,0.527777777777778
"non-survivors",0.125,0.416666666666667,0.819444444444444
"non-survivors",0.5,0.466666666666667,0.677777777777778
"non-survivors",0.875,0.393939393939394,0.577020202020202
"non-survivors",0,0.0833333333333333,0.875
"non-survivors",0.5,0.515151515151515,0.661616161616162
"non-survivors",0.375,0.272727272727273,0.784090909090909
"non-survivors",0.375,0.466666666666667,0.719444444444444
"non-survivors",0,0.25,0.916666666666667
"non-survivors",0,0.583333333333333,0.805555555555556
"non-survivors",0,0.166666666666667,0.944444444444444
"non-survivors",0.625,0.181818181818182,0.657954545454545
"non-survivors",0.625,0.166666666666667,0.736111111111111
"non-survivors",0,0.133333333333333,0.955555555555556
"non-survivors",0,0.583333333333333,0.805555555555556
"non-survivors",0.125,0.222222222222222,0.884259259259259
"non-survivors",0,0.166666666666667,0.944444444444444
"non-survivors",0.125,0.166666666666667,0.902777777777778
"non-survivors",0,0.0833333333333333,0.972222222222222
"non-survivors",0.5,0.25,0.75
"non-survivors",0,0.5,0.833333333333333
"non-survivors",0.125,0.166666666666667,0.8125
"non-survivors",0,0.166666666666667,0.944444444444444
"non-survivors",0,0.416666666666667,0.861111111111111
"non-survivors",0.375,0.333333333333333,0.763888888888889
"non-survivors",0.125,0.333333333333333,0.847222222222222
"non-survivors",0,0.416666666666667,0.861111111111111
"non-survivors",0,0.0833333333333333,0.875
"non-survivors",0,0.166666666666667,0.944444444444444
"non-survivors",0,0.5,0.833333333333333
"non-survivors",0.125,0.333333333333333,0.847222222222222
"non-survivors",0.25,0.166666666666667,0.775
"non-survivors",0.375,0.166666666666667,0.7375
"non-survivors",0,0.5,0.833333333333333
"non-survivors",0,0.333333333333333,0.888888888888889
"non-survivors",0.25,0.166666666666667,0.861111111111111
"non-survivors",0.125,0,0.958333333333333
"non-survivors",0,0.166666666666667,0.944444444444444
"non-survivors",0,0.25,0.916666666666667
"non-survivors",0.25,0.666666666666667,0.694444444444444
"non-survivors",0,0.555555555555556,0.814814814814815
"non-survivors",0.375,0.5,0.708333333333333
"non-survivors",0.875,0.5,0.4875
"non-survivors",0.625,0.583333333333333,0.597222222222222
"non-survivors",0,0.25,0.825
"non-survivors",0,0.444444444444444,0.766666666666667
"non-survivors",0.5,0.166666666666667,0.7
"non-survivors",0,0.0833333333333333,0.875
"non-survivors",0,0.25,0.916666666666667
"non-survivors",0,0.0833333333333333,0.972222222222222
"non-survivors",0,0.583333333333333,0.805555555555556
"non-survivors",0,0,1
"non-survivors",0.125,0.25,0.875
"non-survivors",0,0.333333333333333,0.888888888888889
"non-survivors",0.75,0.416666666666667,0.611111111111111
"non-survivors",0.625,0.416666666666667,0.5875
"non-survivors",0.125,0.25,0.875
"non-survivors",0.125,0.25,0.875
"non-survivors",0.5,0.444444444444444,0.616666666666667
"non-survivors",0.125,0.333333333333333,0.847222222222222
"non-survivors",0.875,0.25,0.625
"non-survivors",0.125,0.833333333333333,0.680555555555556
"non-survivors",0,0.333333333333333,0.888888888888889
"non-survivors",0.25,0.222222222222222,0.842592592592593
"non-survivors",0,0.0606060606060606,0.97979797979798
"non-survivors",0.75,0.166666666666667,0.694444444444444
"non-survivors",0.125,0.666666666666667,0.736111111111111
"non-survivors",0.75,0.333333333333333,0.575
"non-survivors",0,0.222222222222222,0.833333333333333
"non-survivors",0.25,0.333333333333333,0.805555555555556
"non-survivors",0,0.416666666666667,0.861111111111111
"non-survivors",0.125,0.222222222222222,0.795833333333333
"non-survivors",0,0.222222222222222,0.925925925925926
"non-survivors",0,0,0.9
"non-survivors",0.875,0.133333333333333,0.5975
"non-survivors",0.5,0.833333333333333,0.555555555555556
"non-survivors",0,0.222222222222222,0.833333333333333
"non-survivors",0,0.416666666666667,0.861111111111111
"non-survivors",0,0,1
"non-survivors",0.375,0.133333333333333,0.7475
"non-survivors",0.5,0.666666666666667,0.611111111111111
"non-survivors",0.375,0.272727272727273,0.784090909090909
"non-survivors",0.875,0.466666666666667,0.4975
"non-survivors",0.25,0.333333333333333,0.805555555555556
"non-survivors",0,0.5,0.833333333333333
"non-survivors",0,0.333333333333333,0.888888888888889
"non-survivors",0.25,0.583333333333333,0.722222222222222
"non-survivors",0,0.416666666666667,0.861111111111111
"non-survivors",0,0.333333333333333,0.888888888888889
"non-survivors",0.125,0.25,0.875
"non-survivors",0.625,0.583333333333333,0.597222222222222
"non-survivors",1,0.5,0.45
"non-survivors",0.125,0.25,0.875
"non-survivors",0,0.5,0.833333333333333
"non-survivors",0.25,0,0.916666666666667
"non-survivors",0.625,0.272727272727273,0.700757575757576
"non-survivors",0.625,0.5,0.625
"non-survivors",0.125,0.666666666666667,0.736111111111111
"non-survivors",0.125,0.333333333333333,0.847222222222222
"non-survivors",0,0.416666666666667,0.861111111111111
"non-survivors",0.125,0.416666666666667,0.819444444444444
"non-survivors",0,0.5,0.833333333333333
"non-survivors",0.125,0.5,0.791666666666667
"non-survivors",0.625,0.75,0.541666666666667
"non-survivors",0,0.151515151515152,0.94949494949495
"non-survivors",0.375,0.583333333333333,0.680555555555556
"non-survivors",0.375,0.5,0.6375
"non-survivors",0.5,0.3,0.66
"non-survivors",0.125,0.5,0.791666666666667
"non-survivors",0.25,0.222222222222222,0.842592592592593
"non-survivors",0.125,0.5,0.791666666666667
"non-survivors",0.75,0.25,0.666666666666667
"non-survivors",0.25,0.0833333333333333,0.888888888888889
"non-survivors",0.5,0.416666666666667,0.625
"non-survivors",0.5,0.25,0.75
"non-survivors",0.125,0.416666666666667,0.819444444444444
"non-survivors",0,0.583333333333333,0.725
"non-survivors",0,0.166666666666667,0.944444444444444
"non-survivors",0.125,0,0.958333333333333
"non-survivors",0.125,0.166666666666667,0.8125
"non-survivors",0.125,0.583333333333333,0.763888888888889
"non-survivors",0,1,0.666666666666667
"non-survivors",0,0.0833333333333333,0.972222222222222
"non-survivors",0,0.666666666666667,0.777777777777778
"non-survivors",0.375,0.583333333333333,0.680555555555556
"non-survivors",0.125,0.166666666666667,0.8125
"non-survivors",0.5,0.833333333333333,0.5
"non-survivors",0.75,0.25,0.666666666666667
"non-survivors",0,0.333333333333333,0.888888888888889
"non-survivors",0.375,0.0833333333333333,0.7625
"non-survivors",0,0.0833333333333333,0.972222222222222
"non-survivors",0,0,1
"non-survivors",0.25,0.0833333333333333,0.888888888888889
"non-survivors",0,0.166666666666667,0.944444444444444
"non-survivors",0.375,0.333333333333333,0.763888888888889
"non-survivors",0,0.25,0.916666666666667
"non-survivors",0,0,1
"non-survivors",0.875,0.333333333333333,0.597222222222222
"non-survivors",0,0.0833333333333333,0.972222222222222
"non-survivors",0,0.111111111111111,0.962962962962963
"non-survivors",0,0.25,0.916666666666667
"non-survivors",0.5,0.0909090909090909,0.722727272727273
"non-survivors",0.375,0.166666666666667,0.819444444444444
"non-survivors",1,0.666666666666667,0.444444444444444
"non-survivors",0,0.575757575757576,0.727272727272727
"non-survivors",0.625,0.666666666666667,0.569444444444444
"non-survivors",0.375,0,0.875
"non-survivors",0.375,0.181818181818182,0.814393939393939
"non-survivors",0.125,0.166666666666667,0.8125
"non-survivors",0.125,0.303030303030303,0.857323232323232
"non-survivors",0.625,0.25,0.708333333333333
"non-survivors",0.375,0.25,0.791666666666667
"non-survivors",0.25,0.222222222222222,0.842592592592593
"non-survivors",0.125,0.333333333333333,0.847222222222222
"non-survivors",0,0.111111111111111,0.962962962962963
"non-survivors",0.125,0,0.958333333333333
"non-survivors",0,0.583333333333333,0.725
"non-survivors",0.375,0.666666666666667,0.5875
"non-survivors",0.875,0.212121212121212,0.637626262626263
"non-survivors",0.375,0,0.875
"non-survivors",0,0,1
"non-survivors",0,0,1
"non-survivors",0,0.25,0.916666666666667
"non-survivors",0,0.416666666666667,0.775
"non-survivors",0,0.333333333333333,0.888888888888889
"non-survivors",0.5,0.333333333333333,0.722222222222222
"non-survivors",0,0,1
"non-survivors",0.25,0.333333333333333,0.805555555555556
"non-survivors",0,0.25,0.916666666666667
"non-survivors",0.5,0.0833333333333333,0.805555555555556
"non-survivors",0,0.25,0.916666666666667
"non-survivors",0,0.111111111111111,0.962962962962963
"non-survivors",0.5,0.555555555555556,0.648148148148148
"non-survivors",0,0.0833333333333333,0.972222222222222
"non-survivors",0.125,0.166666666666667,0.902777777777778
"non-survivors",0.25,0.166666666666667,0.861111111111111
"non-survivors",0.875,0.583333333333333,0.513888888888889
"non-survivors",0.5,0.166666666666667,0.7
"non-survivors",0,0.416666666666667,0.861111111111111
"non-survivors",0.5,0.416666666666667,0.694444444444444
"non-survivors",0.25,0.75,0.666666666666667
"non-survivors",0.5,0.333333333333333,0.722222222222222
"non-survivors",0.25,0.25,0.75
"non-survivors",0.375,0.416666666666667,0.6625
"non-survivors",0.25,0.333333333333333,0.725
"non-survivors",0,0.111111111111111,0.962962962962963
"non-survivors",0.25,0.5,0.75
"non-survivors",0.125,0.833333333333333,0.680555555555556
"non-survivors",0.125,0.166666666666667,0.902777777777778
"non-survivors",0.625,0.416666666666667,0.652777777777778
"non-survivors",0.75,0,0.675
"non-survivors",0.625,0.333333333333333,0.680555555555556
"non-survivors",0.125,0.0833333333333333,0.930555555555556
"non-survivors",0.5,0.222222222222222,0.683333333333333
"non-survivors",0,0.166666666666667,0.944444444444444
"non-survivors",0,0.0833333333333333,0.972222222222222
"non-survivors",0.125,0.0833333333333333,0.930555555555556
"non-survivors",0,0.25,0.916666666666667
"non-survivors",0.125,0,0.958333333333333
"non-survivors",0.125,0.166666666666667,0.902777777777778
"non-survivors",0,0.333333333333333,0.888888888888889
"non-survivors",0.125,0.0833333333333333,0.930555555555556
"non-survivors",0,0.583333333333333,0.805555555555556
"non-survivors",0,0.333333333333333,0.8
"non-survivors",0.125,0.25,0.875
"non-survivors",0.75,0.121212121212121,0.70959595959596
"non-survivors",0.125,0.416666666666667,0.819444444444444
"non-survivors",0.375,0.25,0.791666666666667
"non-survivors",0,0.166666666666667,0.944444444444444
"non-survivors",1,0.25,0.525
"non-survivors",0,0.111111111111111,0.962962962962963
"non-survivors",0.375,0.242424242424242,0.714772727272727
"non-survivors",0.875,0.0909090909090909,0.678030303030303
"non-survivors",0.125,0.416666666666667,0.819444444444444
"non-survivors",0,0,1
"non-survivors",0.125,0.181818181818182,0.897727272727273
"non-survivors",0.375,0.583333333333333,0.680555555555556
"non-survivors",0,0.25,0.916666666666667
"non-survivors",0.125,0.416666666666667,0.819444444444444
"non-survivors",0.875,0.416666666666667,0.569444444444444
"non-survivors",0,0,1
"non-survivors",0.375,0.166666666666667,0.7375
"non-survivors",0,0.444444444444444,0.851851851851852
"non-survivors",0.25,0.333333333333333,0.805555555555556
"non-survivors",0,0.166666666666667,0.944444444444444
"non-survivors",0,0.0833333333333333,0.972222222222222
"non-survivors",0,0,1
"non-survivors",0,0.151515151515152,0.94949494949495
"non-survivors",0.625,0.25,0.708333333333333
"non-survivors",0.25,0.333333333333333,0.805555555555556
"non-survivors",0.5,0.181818181818182,0.772727272727273
"non-survivors",0,0.333333333333333,0.888888888888889
"non-survivors",0,0.333333333333333,0.888888888888889
"non-survivors",0.125,0.555555555555556,0.773148148148148
"non-survivors",0.125,0.166666666666667,0.902777777777778
"non-survivors",0.25,0.0833333333333333,0.888888888888889
"non-survivors",0,0.25,0.916666666666667
"non-survivors",0.125,0.5,0.791666666666667
"non-survivors",0,0.0833333333333333,0.875
"non-survivors",0.25,0.583333333333333,0.722222222222222
"non-survivors",0,0.166666666666667,0.944444444444444
"non-survivors",0.5,0.166666666666667,0.777777777777778
"non-survivors",0,0.166666666666667,0.944444444444444
"non-survivors",0,0.75,0.75
"non-survivors",0,0.416666666666667,0.861111111111111
"non-survivors",0.375,0.75,0.5625
"non-survivors",1,0.166666666666667,0.611111111111111
"non-survivors",0.125,0.25,0.7875
"non-survivors",0.5,0.8,0.51
"non-survivors",0,0.25,0.916666666666667
"non-survivors",0.625,0.25,0.708333333333333
"non-survivors",0,0.166666666666667,0.944444444444444
"non-survivors",0,0,1
"non-survivors",0,0.416666666666667,0.861111111111111
"non-survivors",1,0.333333333333333,0.555555555555556
"non-survivors",0.25,0.416666666666667,0.777777777777778
"non-survivors",0.25,0.222222222222222,0.842592592592593
"non-survivors",0,0,0.9
"non-survivors",0.125,0.416666666666667,0.819444444444444
"non-survivors",0,0,1
"non-survivors",0.375,0.0909090909090909,0.760227272727273
"non-survivors",0,0.166666666666667,0.944444444444444
"non-survivors",0.125,0.0833333333333333,0.930555555555556
"non-survivors",0,0.0833333333333333,0.972222222222222
"non-survivors",0.375,0.0833333333333333,0.847222222222222
"non-survivors",0,0,1
"non-survivors",0.5,0.416666666666667,0.694444444444444
"non-survivors",0,0.0833333333333333,0.875
"non-survivors",0,0,1
"non-survivors",0.375,0.25,0.791666666666667
"non-survivors",0,0.0833333333333333,0.972222222222222
"non-survivors",0.625,0.363636363636364,0.670454545454545
"non-survivors",0.5,0.222222222222222,0.759259259259259
"non-survivors",0.5,0.0833333333333333,0.725
"non-survivors",0,0.5,0.833333333333333
"non-survivors",0.75,0.25,0.6
"non-survivors",0.125,0.666666666666667,0.736111111111111
"non-survivors",0,0.222222222222222,0.833333333333333
"non-survivors",0.375,0.5,0.6375
"non-survivors",0.125,0.25,0.875
"non-survivors",0,0.0909090909090909,0.872727272727273
"non-survivors",0.625,0.166666666666667,0.6625
"non-survivors",0.125,0,0.958333333333333
"non-survivors",0,0.222222222222222,0.925925925925926
"non-survivors",0,0.333333333333333,0.888888888888889
"non-survivors",0.25,0.166666666666667,0.861111111111111
"non-survivors",0,0.222222222222222,0.833333333333333
"non-survivors",0,0.166666666666667,0.944444444444444
"non-survivors",0.5,0.25,0.75
"non-survivors",0,0.25,0.916666666666667
"non-survivors",0,0.25,0.916666666666667
"non-survivors",0.375,0.272727272727273,0.784090909090909
"non-survivors",0.25,0.333333333333333,0.805555555555556
"non-survivors",0.625,0,0.7125
"non-survivors",0,0.166666666666667,0.944444444444444
"non-survivors",0.75,0.25,0.666666666666667
"non-survivors",0.125,0.25,0.875
"non-survivors",0,0.5,0.833333333333333
"non-survivors",0.125,0.0833333333333333,0.930555555555556
"non-survivors",0.375,0.166666666666667,0.819444444444444
"non-survivors",0.375,0.166666666666667,0.819444444444444
"non-survivors",1,0.416666666666667,0.475
"non-survivors",0,0.25,0.916666666666667
"non-survivors",0,0.0833333333333333,0.875
"non-survivors",0.5,0.25,0.75
"non-survivors",0,0.0909090909090909,0.96969696969697
"non-survivors",0,0.5,0.833333333333333
"non-survivors",0.625,0.166666666666667,0.736111111111111
"non-survivors",0,0.25,0.916666666666667
"non-survivors",0.25,0.75,0.666666666666667
"non-survivors",0,0.25,0.916666666666667
"non-survivors",0.5,0,0.75
"non-survivors",0.375,0.583333333333333,0.680555555555556
"non-survivors",0,0.416666666666667,0.861111111111111
"non-survivors",0.75,0.75,0.45
"non-survivors",0,0.222222222222222,0.925925925925926
"non-survivors",0,0,1
"non-survivors",0,0.166666666666667,0.85
"non-survivors",0.625,0.222222222222222,0.717592592592593
"non-survivors",0,0.166666666666667,0.944444444444444
"non-survivors",0,0.166666666666667,0.944444444444444
"non-survivors",0.625,0.333333333333333,0.680555555555556
"non-survivors",0.875,0.583333333333333,0.513888888888889
"non-survivors",0.5,0.583333333333333,0.575
"non-survivors",0.875,0.166666666666667,0.652777777777778
"non-survivors",0,0.0833333333333333,0.972222222222222
"non-survivors",0.5,0,0.833333333333333
"non-survivors",0,0.416666666666667,0.861111111111111
"non-survivors",0,0.555555555555556,0.814814814814815
"non-survivors",0,0,0.9
"non-survivors",0.25,0.333333333333333,0.805555555555556
"non-survivors",0.125,0.151515151515152,0.907828282828283
"non-survivors",0.375,0.5,0.6375
"non-survivors",0.25,0.166666666666667,0.861111111111111
"non-survivors",0.125,0.333333333333333,0.847222222222222
"non-survivors",0,0.5,0.833333333333333
"non-survivors",0.25,0.0833333333333333,0.888888888888889
"non-survivors",0,0.916666666666667,0.694444444444444
"non-survivors",0,0.416666666666667,0.861111111111111
"non-survivors",0,0.444444444444444,0.766666666666667
"non-survivors",0.125,0.416666666666667,0.819444444444444
"non-survivors",0,0.25,0.916666666666667
"non-survivors",0,0.166666666666667,0.944444444444444
"non-survivors",0.375,0.333333333333333,0.763888888888889
"non-survivors",0,0.416666666666667,0.861111111111111
"non-survivors",0.625,0.333333333333333,0.680555555555556
"non-survivors",0.125,0.583333333333333,0.763888888888889
"non-survivors",0,0,1
"non-survivors",0.625,0,0.791666666666667
"non-survivors",0,0.333333333333333,0.888888888888889
"non-survivors",0.375,0.0833333333333333,0.847222222222222
"non-survivors",0.25,0.333333333333333,0.805555555555556
"non-survivors",0.25,0.416666666666667,0.777777777777778
"non-survivors",0.5,0.583333333333333,0.638888888888889
"non-survivors",0,0.166666666666667,0.85
"non-survivors",0.125,0.583333333333333,0.763888888888889
"non-survivors",0,0.333333333333333,0.888888888888889
"non-survivors",0.875,0.25,0.625
"non-survivors",0,0.181818181818182,0.939393939393939
"non-survivors",0.125,0,0.958333333333333
"non-survivors",0.375,0,0.875
"non-survivors",0.5,0.333333333333333,0.722222222222222
"non-survivors",0,0.0833333333333333,0.972222222222222
"non-survivors",1,0.5,0.5
"non-survivors",0,0.363636363636364,0.878787878787879
"non-survivors",0.75,0.583333333333333,0.5
"non-survivors",0,0.0833333333333333,0.972222222222222
"non-survivors",0,0.333333333333333,0.888888888888889
"non-survivors",0.75,0.5,0.583333333333333
"non-survivors",0,0.666666666666667,0.777777777777778
"non-survivors",0.125,0.166666666666667,0.902777777777778
"non-survivors",0,0.416666666666667,0.861111111111111
"non-survivors",0,0,1
"non-survivors",0.125,0.333333333333333,0.847222222222222
"non-survivors",0.375,0.111111111111111,0.754166666666667
"non-survivors",0,0.166666666666667,0.944444444444444
"non-survivors",0.375,0.166666666666667,0.819444444444444
"non-survivors",0,0.833333333333333,0.722222222222222
"non-survivors",0.75,0.181818181818182,0.689393939393939
"non-survivors",0.25,0.25,0.833333333333333
"non-survivors",0.5,0.454545454545455,0.681818181818182
"non-survivors",0.375,0.75,0.625
"non-survivors",0.5,0.25,0.675
"non-survivors",0.25,0.416666666666667,0.777777777777778
"non-survivors",0,0.0833333333333333,0.972222222222222
"non-survivors",0.125,0.333333333333333,0.847222222222222
"non-survivors",0,0.166666666666667,0.944444444444444
"non-survivors",0,0.583333333333333,0.805555555555556
"non-survivors",0,0,1
"non-survivors",0,0,1
"non-survivors",0.625,0.181818181818182,0.731060606060606
"non-survivors",0.125,0.166666666666667,0.8125
"non-survivors",0,0.25,0.916666666666667
"non-survivors",0,0.0833333333333333,0.972222222222222
"non-survivors",0.125,0.25,0.875
"non-survivors",0.125,0.416666666666667,0.819444444444444
"non-survivors",0.5,0.833333333333333,0.555555555555556
"non-survivors",0.125,0.416666666666667,0.819444444444444
"non-survivors",0,0.416666666666667,0.775
"non-survivors",0,0.5,0.833333333333333
"non-survivors",0,0.333333333333333,0.8
"non-survivors",0,0.5,0.833333333333333
"non-survivors",1,0.222222222222222,0.592592592592593
"non-survivors",0,0.25,0.916666666666667
"non-survivors",0.5,0.0833333333333333,0.805555555555556
"non-survivors",0.5,0.416666666666667,0.625
"non-survivors",0.25,0.416666666666667,0.777777777777778
"non-survivors",0.375,0.166666666666667,0.7375
"non-survivors",0.5,0.166666666666667,0.777777777777778
"non-survivors",0.375,0.583333333333333,0.680555555555556
"non-survivors",0.25,0.25,0.833333333333333
"non-survivors",0.125,0.416666666666667,0.819444444444444
"non-survivors",0,0.583333333333333,0.805555555555556
"non-survivors",0,0.5,0.833333333333333
"non-survivors",0.5,0.25,0.75
"non-survivors",0.625,0.333333333333333,0.680555555555556
"non-survivors",0.25,0.25,0.833333333333333
"non-survivors",0.125,0.303030303030303,0.857323232323232
"non-survivors",0,0,1
"non-survivors",0.25,0.666666666666667,0.694444444444444
"non-survivors",0,0.5,0.833333333333333
"non-survivors",0,0.444444444444444,0.851851851851852
"non-survivors",0.125,0,0.958333333333333
"non-survivors",0.75,0.666666666666667,0.527777777777778
"non-survivors",0,0.25,0.916666666666667
"non-survivors",0.25,0.333333333333333,0.805555555555556
"non-survivors",0,0.777777777777778,0.740740740740741
"non-survivors",0.25,0.222222222222222,0.842592592592593
"non-survivors",0.125,0.272727272727273,0.867424242424242
"non-survivors",0.125,0.583333333333333,0.763888888888889
"non-survivors",0,0.333333333333333,0.888888888888889
"non-survivors",0,0.25,0.916666666666667
"non-survivors",0.75,0.25,0.6
"non-survivors",0,0.393939393939394,0.868686868686869
"non-survivors",0.375,0.416666666666667,0.736111111111111
"non-survivors",0,0.555555555555556,0.814814814814815
"non-survivors",0.5,0.333333333333333,0.722222222222222
"non-survivors",0.125,0.166666666666667,0.902777777777778
"non-survivors",0,0.333333333333333,0.888888888888889
"non-survivors",0,0.148148148148148,0.950617283950617
"non-survivors",0,0.416666666666667,0.775
"non-survivors",0.125,0.583333333333333,0.763888888888889
"non-survivors",0.25,0.272727272727273,0.825757575757576
"non-survivors",0,0.0666666666666667,0.88
"non-survivors",0,0,0.9
"non-survivors",0,0.333333333333333,0.888888888888889
"non-survivors",0.125,0.5,0.791666666666667
"non-survivors",0.5,0.25,0.675
"non-survivors",0,0.5,0.833333333333333
"non-survivors",0.75,0.454545454545455,0.538636363636364
"non-survivors",0,0.5,0.833333333333333
"non-survivors",0.25,0.666666666666667,0.694444444444444
"non-survivors",0,0.25,0.916666666666667
"non-survivors",0,0.333333333333333,0.888888888888889
"non-survivors",0,0.833333333333333,0.722222222222222
"non-survivors",0.875,0.303030303030303,0.607323232323232
"non-survivors",0.25,0.583333333333333,0.722222222222222
"non-survivors",0,0.333333333333333,0.888888888888889
"non-survivors",0,0.333333333333333,0.888888888888889
"non-survivors",0,0.166666666666667,0.944444444444444
"non-survivors",0,0.0833333333333333,0.972222222222222
"non-survivors",0,0.25,0.916666666666667
"non-survivors",0.125,0.583333333333333,0.763888888888889
"non-survivors",0,0.0833333333333333,0.972222222222222
"non-survivors",0,0,0.9
"non-survivors",0.125,0.272727272727273,0.867424242424242
"non-survivors",0.125,0.333333333333333,0.7625
"non-survivors",0,0.25,0.825
"non-survivors",0.5,0.242424242424242,0.752525252525252
"non-survivors",0,0.166666666666667,0.944444444444444
"non-survivors",0.375,0.75,0.625
"non-survivors",0.5,0.333333333333333,0.722222222222222
"non-survivors",0.375,0.166666666666667,0.819444444444444
"non-survivors",0.5,0.666666666666667,0.55
"non-survivors",0,0.25,0.916666666666667
"non-survivors",0.25,0.166666666666667,0.861111111111111
"non-survivors",0.25,0.166666666666667,0.775
"non-survivors",0,0.333333333333333,0.888888888888889
"non-survivors",1,0.416666666666667,0.527777777777778
"non-survivors",0.5,0.75,0.525
"non-survivors",0,0,1
"non-survivors",0,0.25,0.916666666666667
"non-survivors",0.25,0.0833333333333333,0.888888888888889
"non-survivors",0,0.0833333333333333,0.972222222222222
"non-survivors",0,0.166666666666667,0.85
"non-survivors",0,0.0606060606060606,0.97979797979798
"non-survivors",0,0.222222222222222,0.925925925925926
"non-survivors",0,0.25,0.916666666666667
"non-survivors",0.875,0,0.708333333333333
"non-survivors",0,0,1
"non-survivors",0,0.75,0.75
"non-survivors",0,0.25,0.916666666666667
"non-survivors",0.25,0.416666666666667,0.777777777777778
"non-survivors",0,0.25,0.916666666666667
"non-survivors",0.25,0.333333333333333,0.805555555555556
"non-survivors",0.125,0.416666666666667,0.819444444444444
"non-survivors",0.5,0.416666666666667,0.694444444444444
"non-survivors",0,0.555555555555556,0.814814814814815
"non-survivors",0,0.25,0.916666666666667
"non-survivors",0.625,0,0.791666666666667
"non-survivors",0.375,0.25,0.791666666666667
"non-survivors",1,0.666666666666667,0.444444444444444
"non-survivors",0,0.25,0.916666666666667
"non-survivors",0.5,0,0.833333333333333
"non-survivors",0,0.333333333333333,0.888888888888889
"non-survivors",0.5,0.666666666666667,0.611111111111111
"non-survivors",0,0.166666666666667,0.944444444444444
"non-survivors",0,0.75,0.75
"non-survivors",0.5,0.166666666666667,0.7
"non-survivors",0,0.5,0.833333333333333
"non-survivors",1,0.666666666666667,0.444444444444444
"non-survivors",0,0.111111111111111,0.962962962962963
"non-survivors",0,0.666666666666667,0.777777777777778
"non-survivors",0.125,0,0.958333333333333
"non-survivors",0.125,0.111111111111111,0.921296296296296
"non-survivors",0,0.0833333333333333,0.972222222222222
"non-survivors",0,0.25,0.916666666666667
"non-survivors",0.375,0.444444444444444,0.726851851851852
"non-survivors",0,0.166666666666667,0.944444444444444
"non-survivors",0.125,0.5,0.791666666666667
"non-survivors",0.125,0.833333333333333,0.680555555555556
"non-survivors",0.875,0.5,0.541666666666667
"non-survivors",0.125,0.333333333333333,0.847222222222222
"non-survivors",0.375,0.583333333333333,0.680555555555556
"non-survivors",0.5,0.5,0.666666666666667
"non-survivors",0.75,0.666666666666667,0.527777777777778
"non-survivors",0.25,0.166666666666667,0.861111111111111
"non-survivors",0,0.333333333333333,0.888888888888889
"non-survivors",0.375,0.5,0.708333333333333
"non-survivors",0.375,0.583333333333333,0.6125
"non-survivors",0.375,0.242424242424242,0.794191919191919
"non-survivors",0.25,0.444444444444444,0.768518518518518
"non-survivors",0.75,0.777777777777778,0.490740740740741
"non-survivors",0.5,0.583333333333333,0.638888888888889
"non-survivors",0.125,0.0833333333333333,0.930555555555556
"non-survivors",0.125,0.25,0.875
"non-survivors",0,0.333333333333333,0.888888888888889
"non-survivors",0,0.222222222222222,0.925925925925926
"non-survivors",0,0.833333333333333,0.722222222222222
"non-survivors",0.75,0.515151515151515,0.578282828282828
"non-survivors",0,0.555555555555556,0.814814814814815
"non-survivors",0.125,0.222222222222222,0.884259259259259
"non-survivors",0,0.25,0.916666666666667
"non-survivors",0.25,0.5,0.75
"non-survivors",0.125,0.25,0.875
"non-survivors",0,0.0833333333333333,0.972222222222222
"non-survivors",0,0,1
"non-survivors",0,0,1
"non-survivors",0,0.333333333333333,0.888888888888889
"non-survivors",0.125,0.166666666666667,0.902777777777778
"non-survivors",0,0.583333333333333,0.805555555555556
"non-survivors",0,0.166666666666667,0.944444444444444
"non-survivors",0,0.166666666666667,0.944444444444444
"non-survivors",0.125,0.333333333333333,0.847222222222222
"non-survivors",0,0.166666666666667,0.944444444444444
"non-survivors",0.25,0.416666666666667,0.777777777777778
"non-survivors",0,0,1
"non-survivors",0.125,0.5,0.791666666666667
"non-survivors",0.25,0.583333333333333,0.722222222222222
"non-survivors",0,0.416666666666667,0.861111111111111
"non-survivors",0,0.25,0.916666666666667
"non-survivors",0,0.416666666666667,0.775
"non-survivors",0.25,0.166666666666667,0.861111111111111
"non-survivors",0.375,0,0.875
"non-survivors",0,0.25,0.825
"non-survivors",0,0.166666666666667,0.944444444444444
"non-survivors",0.125,0.222222222222222,0.884259259259259
"non-survivors",0,0.166666666666667,0.944444444444444
"non-survivors",0.25,0.333333333333333,0.805555555555556
"non-survivors",0.25,0.333333333333333,0.725
"non-survivors",0,0.111111111111111,0.866666666666667
"non-survivors",0,0.444444444444444,0.851851851851852
"non-survivors",0.375,0.424242424242424,0.733585858585859
"non-survivors",1,0.333333333333333,0.555555555555556
"non-survivors",0,0.166666666666667,0.85
"non-survivors",0.75,0.166666666666667,0.625
"non-survivors",0.125,0.416666666666667,0.819444444444444
"non-survivors",0.25,0.222222222222222,0.842592592592593
"non-survivors",0.125,0.444444444444444,0.810185185185185
"non-survivors",0.75,0.0833333333333333,0.722222222222222
"non-survivors",0.75,0.75,0.45
"non-survivors",0,0.0833333333333333,0.972222222222222
"non-survivors",0,0.333333333333333,0.8
"non-survivors",0.75,0.333333333333333,0.575
"non-survivors",0.125,0.222222222222222,0.795833333333333
"non-survivors",0.125,0.75,0.6375
"non-survivors",0,0.166666666666667,0.944444444444444
"non-survivors",0.25,0.2,0.85
"non-survivors",0.125,0.111111111111111,0.921296296296296
"non-survivors",0.625,0.363636363636364,0.603409090909091
"non-survivors",0,0.833333333333333,0.722222222222222
"non-survivors",0.875,0.333333333333333,0.597222222222222
"non-survivors",0.125,0.333333333333333,0.7625
"non-survivors",0,0.25,0.916666666666667
"non-survivors",0.125,0.333333333333333,0.7625
"non-survivors",0,0.555555555555556,0.814814814814815
"non-survivors",0.125,0.393939393939394,0.827020202020202
"non-survivors",0.625,0.121212121212121,0.751262626262626
"non-survivors",0.75,0.25,0.666666666666667
"non-survivors",0.25,0.333333333333333,0.805555555555556
"non-survivors",0,0.333333333333333,0.888888888888889
"non-survivors",0.75,0.0666666666666667,0.655
"non-survivors",0.625,0.272727272727273,0.700757575757576
"non-survivors",0.5,0.583333333333333,0.638888888888889
"non-survivors",0.25,0.5,0.75
"non-survivors",0,0.583333333333333,0.805555555555556
"non-survivors",0,0.416666666666667,0.861111111111111
"non-survivors",0.625,0.333333333333333,0.680555555555556
"non-survivors",0.25,0.583333333333333,0.722222222222222
"non-survivors",0,0.777777777777778,0.740740740740741
"non-survivors",0.25,0.333333333333333,0.805555555555556
"non-survivors",0.125,0.166666666666667,0.902777777777778
"non-survivors",0.75,0.111111111111111,0.641666666666667
"non-survivors",0,0.916666666666667,0.694444444444444
"non-survivors",0.125,0.333333333333333,0.847222222222222
"non-survivors",0.125,0.333333333333333,0.847222222222222
"non-survivors",0,0.333333333333333,0.888888888888889
"non-survivors",1,0.366666666666667,0.544444444444444
"non-survivors",0.375,0.212121212121212,0.804292929292929
"non-survivors",0.625,0.333333333333333,0.6125
"non-survivors",0,0.166666666666667,0.944444444444444
"non-survivors",0,0,1
"non-survivors",0.25,0.444444444444444,0.768518518518518
"non-survivors",0,0.0833333333333333,0.972222222222222
"non-survivors",0,0,1
"non-survivors",0,0.416666666666667,0.861111111111111
"non-survivors",1,0.416666666666667,0.475
"non-survivors",0.375,0.1,0.841666666666667
"non-survivors",0,0.166666666666667,0.944444444444444
"non-survivors",0,0.0833333333333333,0.972222222222222
"non-survivors",0,0.5,0.833333333333333
"non-survivors",0,0.555555555555556,0.733333333333333
"non-survivors",0.125,0,0.8625
"non-survivors",0,0.25,0.916666666666667
"non-survivors",0,0,1
"non-survivors",0.125,0.166666666666667,0.8125
"non-survivors",0,0.75,0.675
"non-survivors",0,0.25,0.916666666666667
"non-survivors",0,0.416666666666667,0.861111111111111
"non-survivors",0.375,0.25,0.791666666666667
"non-survivors",0,0.166666666666667,0.944444444444444
"non-survivors",0.125,0.833333333333333,0.6125
"non-survivors",0.25,0.25,0.75
"non-survivors",0.75,0.416666666666667,0.611111111111111
"non-survivors",0.5,0.166666666666667,0.777777777777778
"non-survivors",0,0.416666666666667,0.775
"non-survivors",0.625,0,0.7125
"non-survivors",0.75,0.166666666666667,0.694444444444444
"non-survivors",0.25,0,0.916666666666667
"non-survivors",0.25,0.166666666666667,0.861111111111111
"non-survivors",0,0.416666666666667,0.861111111111111
"non-survivors",0.625,0.25,0.708333333333333
"non-survivors",0.625,0.166666666666667,0.736111111111111
"non-survivors",0.25,0,0.916666666666667
"non-survivors",0,0.25,0.916666666666667
"non-survivors",0,0.666666666666667,0.777777777777778
"non-survivors",0,0,1
"non-survivors",0,0.333333333333333,0.888888888888889
"non-survivors",0.25,0.583333333333333,0.722222222222222
"non-survivors",0,0.333333333333333,0.888888888888889
"non-survivors",0.125,0.363636363636364,0.837121212121212
"non-survivors",0,0.777777777777778,0.740740740740741
"non-survivors",0,0.333333333333333,0.8
"non-survivors",0.375,0,0.875
"non-survivors",0.125,0.333333333333333,0.847222222222222
"non-survivors",0.25,0.333333333333333,0.725
"non-survivors",0,0.166666666666667,0.944444444444444
"non-survivors",0.125,0.416666666666667,0.819444444444444
"non-survivors",0.125,0.181818181818182,0.897727272727273
"non-survivors",0,0.0833333333333333,0.972222222222222
"non-survivors",0,0.5,0.833333333333333
"non-survivors",0,0,1
"non-survivors",0.75,0.666666666666667,0.527777777777778
"non-survivors",0,0.166666666666667,0.944444444444444
"non-survivors",0.125,0.416666666666667,0.819444444444444
"non-survivors",0.125,0,0.958333333333333
"non-survivors",0,0.424242424242424,0.858585858585859
"non-survivors",0.125,0.416666666666667,0.819444444444444
"non-survivors",0,0,1
"non-survivors",0.25,0.333333333333333,0.805555555555556
"non-survivors",0,0.25,0.916666666666667
"non-survivors",0,0.0833333333333333,0.972222222222222
"non-survivors",0.25,0.416666666666667,0.7
"non-survivors",0.25,0,0.916666666666667
"non-survivors",0.125,0.666666666666667,0.736111111111111
"non-survivors",0.375,0.777777777777778,0.554166666666667
"non-survivors",0.5,0.222222222222222,0.759259259259259
"non-survivors",0,0.555555555555556,0.814814814814815
"non-survivors",0.375,0.333333333333333,0.763888888888889
"non-survivors",1,0,0.666666666666667
"non-survivors",0,0.0833333333333333,0.972222222222222
"non-survivors",0.125,0.5,0.791666666666667
"non-survivors",0,0.583333333333333,0.805555555555556
"non-survivors",0,0.5,0.833333333333333
"non-survivors",0,0.166666666666667,0.944444444444444
"non-survivors",0.125,0.25,0.875
"non-survivors",0.375,0.333333333333333,0.763888888888889
"non-survivors",0.375,0.166666666666667,0.7375
"non-survivors",0,0.0833333333333333,0.972222222222222
"non-survivors",0.125,0.181818181818182,0.897727272727273
"non-survivors",0,0.333333333333333,0.888888888888889
"non-survivors",0,0.333333333333333,0.888888888888889
"non-survivors",0.25,0.583333333333333,0.722222222222222
"non-survivors",0.125,0.416666666666667,0.819444444444444
"non-survivors",1,0.333333333333333,0.555555555555556
"non-survivors",0.5,0.833333333333333,0.555555555555556
"non-survivors",0,0.25,0.916666666666667
"non-survivors",0.25,0.333333333333333,0.805555555555556
"non-survivors",0,0.333333333333333,0.888888888888889
"non-survivors",0.125,0.583333333333333,0.763888888888889
"non-survivors",0.375,0.5,0.708333333333333
"non-survivors",0,0.416666666666667,0.861111111111111
"non-survivors",0.25,0.25,0.833333333333333
"non-survivors",0.125,0.333333333333333,0.847222222222222
"non-survivors",0.375,0.0833333333333333,0.847222222222222
"non-survivors",0.25,0.166666666666667,0.861111111111111
"non-survivors",0,0.166666666666667,0.944444444444444
"non-survivors",0,0.5,0.833333333333333
"non-survivors",0.375,0.222222222222222,0.800925925925926
"non-survivors",0,0,1
"non-survivors",0.125,0,0.958333333333333
"non-survivors",0.75,0.25,0.666666666666667
"non-survivors",0,0.222222222222222,0.925925925925926
"non-survivors",0.375,0.416666666666667,0.736111111111111
"non-survivors",0,0.111111111111111,0.962962962962963
"non-survivors",0,0.166666666666667,0.944444444444444
"non-survivors",0,0,1
"non-survivors",0,0.111111111111111,0.962962962962963
"non-survivors",0.875,0.333333333333333,0.5375
"non-survivors",0.125,0.222222222222222,0.795833333333333
"non-survivors",0,0.5,0.833333333333333
"non-survivors",0.125,0.583333333333333,0.6875
"non-survivors",1,0.25,0.525
"non-survivors",0.25,0.5,0.75
"non-survivors",0.875,0.25,0.625
"non-survivors",0.75,0.666666666666667,0.475
"non-survivors",0,0.25,0.825
"non-survivors",0,0.166666666666667,0.85
"non-survivors",0.375,0.416666666666667,0.736111111111111
"non-survivors",0,0.166666666666667,0.944444444444444
"non-survivors",0.5,0.0833333333333333,0.805555555555556
"non-survivors",0,0.333333333333333,0.888888888888889
"non-survivors",0,0,1
"non-survivors",0,0.444444444444444,0.851851851851852
"non-survivors",0,0.25,0.825
"non-survivors",0,0.0833333333333333,0.972222222222222
"non-survivors",0,0.416666666666667,0.861111111111111
"non-survivors",0.75,0.0833333333333333,0.65
"non-survivors",0,0.25,0.825
"non-survivors",0.375,0.333333333333333,0.763888888888889
"non-survivors",0.25,0.333333333333333,0.805555555555556
"non-survivors",0.125,0.333333333333333,0.7625
"non-survivors",0,0.0833333333333333,0.972222222222222
"non-survivors",0,0.166666666666667,0.944444444444444
"non-survivors",0,0.416666666666667,0.861111111111111
"non-survivors",0,0.25,0.916666666666667
"non-survivors",0.125,0.583333333333333,0.763888888888889
"non-survivors",0,0,1
"non-survivors",0,0.166666666666667,0.944444444444444
"non-survivors",0.125,0.0833333333333333,0.8375
"non-survivors",0,0.0833333333333333,0.972222222222222
"non-survivors",0.75,0.166666666666667,0.625
"non-survivors",0,0.333333333333333,0.888888888888889
"non-survivors",0,0.5,0.833333333333333
"non-survivors",0.125,0.333333333333333,0.7625
"non-survivors",0,0.333333333333333,0.888888888888889
"non-survivors",0.875,0.416666666666667,0.569444444444444
"non-survivors",0,0.166666666666667,0.944444444444444
"non-survivors",0.25,0.25,0.833333333333333
"non-survivors",0.125,0.5,0.791666666666667
"non-survivors",0,0.5,0.833333333333333
"non-survivors",1,0.583333333333333,0.472222222222222
"non-survivors",0.375,0.583333333333333,0.680555555555556
"non-survivors",0,0.333333333333333,0.888888888888889
"non-survivors",0,0.5,0.833333333333333
"non-survivors",0,0.5,0.833333333333333
"non-survivors",0.125,0,0.958333333333333
"non-survivors",0.25,0.666666666666667,0.694444444444444
"non-survivors",0.25,0.222222222222222,0.842592592592593
"non-survivors",0.125,0.444444444444444,0.810185185185185
"non-survivors",0.375,0.333333333333333,0.763888888888889
"non-survivors",0.125,0.333333333333333,0.847222222222222
"non-survivors",0.375,0,0.875
"non-survivors",0.125,0.333333333333333,0.847222222222222
"non-survivors",0.25,0.583333333333333,0.722222222222222
"non-survivors",0.25,0.75,0.666666666666667
"non-survivors",0.125,0.416666666666667,0.819444444444444
"non-survivors",0.25,0.333333333333333,0.725
"non-survivors",0,0.166666666666667,0.944444444444444
"non-survivors",0,0.916666666666667,0.694444444444444
"non-survivors",0,0.416666666666667,0.861111111111111
"non-survivors",0.125,0.25,0.875
"non-survivors",0.5,0.666666666666667,0.611111111111111
"non-survivors",0.25,0.333333333333333,0.805555555555556
"non-survivors",0,0.25,0.825
"non-survivors",0.25,0.222222222222222,0.758333333333333
"non-survivors",0.375,0.0740740740740741,0.850308641975309
"non-survivors",0.5,0.111111111111111,0.796296296296296
"non-survivors",0,0.5,0.833333333333333
"non-survivors",0.25,0.0833333333333333,0.888888888888889
"non-survivors",0,0.25,0.916666666666667
"non-survivors",0.5,0.242424242424242,0.752525252525252
"non-survivors",0.375,0,0.875
"non-survivors",0.5,0.416666666666667,0.694444444444444
"non-survivors",0.25,0.166666666666667,0.861111111111111
"non-survivors",0,0.0833333333333333,0.875
"non-survivors",0,0.166666666666667,0.944444444444444
"non-survivors",0.125,0,0.958333333333333
"non-survivors",0,0.0833333333333333,0.972222222222222
"non-survivors",0,0.111111111111111,0.962962962962963
"non-survivors",0.25,0.222222222222222,0.842592592592593
"non-survivors",0,0.222222222222222,0.925925925925926
"non-survivors",0.125,0.166666666666667,0.902777777777778
"non-survivors",0.75,0.5,0.583333333333333
"non-survivors",0,0.25,0.916666666666667
"non-survivors",0,0,1
"non-survivors",0.375,0.222222222222222,0.800925925925926
"non-survivors",0.125,0.444444444444444,0.729166666666667
"non-survivors",0.125,0.333333333333333,0.847222222222222
"non-survivors",0,0,1
"non-survivors",0,0.333333333333333,0.8
"non-survivors",0,0.333333333333333,0.888888888888889
"non-survivors",0.25,0.222222222222222,0.842592592592593
"non-survivors",0.125,0.166666666666667,0.902777777777778
"non-survivors",0,0.666666666666667,0.777777777777778
"non-survivors",0,0.583333333333333,0.805555555555556
"non-survivors",0.875,0.333333333333333,0.597222222222222
"non-survivors",0.625,0.0833333333333333,0.6875
"non-survivors",0.25,0.333333333333333,0.725
"non-survivors",0.375,0.333333333333333,0.6875
"non-survivors",0.125,0.416666666666667,0.819444444444444
"non-survivors",0.75,0.166666666666667,0.694444444444444
"non-survivors",0,0.25,0.916666666666667
"non-survivors",0.25,0.166666666666667,0.861111111111111
"non-survivors",0.5,0.333333333333333,0.722222222222222
"non-survivors",0,0.25,0.916666666666667
"non-survivors",0.125,0.777777777777778,0.699074074074074
"non-survivors",0.25,0.5,0.75
"non-survivors",0.125,0.583333333333333,0.763888888888889
"non-survivors",0.25,0,0.916666666666667
"non-survivors",0.375,0.25,0.791666666666667
"non-survivors",0,0,1
"non-survivors",0.25,0.583333333333333,0.65
"non-survivors",0,0.25,0.916666666666667
"non-survivors",0.25,0.25,0.833333333333333
"non-survivors",0,0,1
"non-survivors",0,0.25,0.916666666666667
"non-survivors",0,0.333333333333333,0.888888888888889
"non-survivors",0,0.333333333333333,0.888888888888889
"non-survivors",0.25,0.888888888888889,0.558333333333333
"non-survivors",0,0,1
"non-survivors",0,0.416666666666667,0.861111111111111
"non-survivors",0.125,0.333333333333333,0.847222222222222
"non-survivors",0.625,0.333333333333333,0.680555555555556
"non-survivors",0,0.0833333333333333,0.972222222222222
"non-survivors",0,0.0833333333333333,0.972222222222222
"non-survivors",0,0.166666666666667,0.944444444444444
"non-survivors",0,0.25,0.916666666666667
"non-survivors",0.375,0.166666666666667,0.819444444444444
"non-survivors",0,0.25,0.825
"non-survivors",0.5,0.75,0.583333333333333
"non-survivors",0,0.166666666666667,0.944444444444444
"non-survivors",0.25,0.222222222222222,0.842592592592593
"non-survivors",0,0.5,0.833333333333333
"non-survivors",0,0.166666666666667,0.944444444444444
"non-survivors",0.25,0.416666666666667,0.777777777777778
"non-survivors",0.375,0.0833333333333333,0.847222222222222
"non-survivors",0,0.416666666666667,0.775
"non-survivors",0,0,1
"non-survivors",0,0.0833333333333333,0.875
"non-survivors",0.25,0.5,0.75
"non-survivors",0,0.166666666666667,0.944444444444444
"non-survivors",0,0.416666666666667,0.861111111111111
"non-survivors",0,0.111111111111111,0.962962962962963
"non-survivors",0.25,0.222222222222222,0.842592592592593
"non-survivors",0.75,0.166666666666667,0.694444444444444
"non-survivors",0,0.333333333333333,0.888888888888889
"non-survivors",0.375,0,0.875
"non-survivors",0,0.416666666666667,0.861111111111111
"non-survivors",0.25,0.333333333333333,0.805555555555556
"non-survivors",0,0.416666666666667,0.861111111111111
"non-survivors",0,0.333333333333333,0.888888888888889
"non-survivors",0,0.333333333333333,0.888888888888889
"non-survivors",0.25,0.333333333333333,0.805555555555556
"non-survivors",0.375,0.166666666666667,0.819444444444444
"non-survivors",0,0.25,0.916666666666667
"non-survivors",0.25,0.333333333333333,0.725
"non-survivors",0.625,0.222222222222222,0.717592592592593
"non-survivors",0,0.444444444444444,0.851851851851852
"non-survivors",0.375,0.583333333333333,0.680555555555556
"non-survivors",0,0.333333333333333,0.888888888888889
"non-survivors",0,0,1
"non-survivors",0,0.333333333333333,0.888888888888889
"non-survivors",0,0.0833333333333333,0.972222222222222
"non-survivors",0.75,0.151515151515152,0.69949494949495
"non-survivors",0.375,0,0.875
"non-survivors",0.125,0.166666666666667,0.902777777777778
"non-survivors",0,0.333333333333333,0.888888888888889
"non-survivors",1,0.222222222222222,0.533333333333333
"non-survivors",0.25,0.111111111111111,0.791666666666667
"non-survivors",0.125,0.666666666666667,0.6625
"non-survivors",0,0.222222222222222,0.925925925925926
"non-survivors",0.125,0.583333333333333,0.763888888888889
"non-survivors",0,0,1
"non-survivors",0,0.444444444444444,0.851851851851852
"non-survivors",0,0.272727272727273,0.909090909090909
"non-survivors",0.125,0.916666666666667,0.652777777777778
"non-survivors",0.25,0.666666666666667,0.625
"non-survivors",0.25,0.0833333333333333,0.888888888888889
"non-survivors",0,0.25,0.916666666666667
"non-survivors",0.125,0.166666666666667,0.902777777777778
"non-survivors",0.75,0.416666666666667,0.611111111111111
"non-survivors",0,0.166666666666667,0.944444444444444
"non-survivors",0.125,0.333333333333333,0.847222222222222
"non-survivors",0.25,0.0833333333333333,0.888888888888889
"non-survivors",0.125,0.416666666666667,0.7375
"non-survivors",0,0.5,0.833333333333333
"non-survivors",0,0.333333333333333,0.8
"non-survivors",0.625,0.333333333333333,0.680555555555556
"non-survivors",0.375,0.0833333333333333,0.847222222222222
"non-survivors",0,0.166666666666667,0.944444444444444
"non-survivors",0.625,0.0833333333333333,0.763888888888889
"non-survivors",0,0.0833333333333333,0.972222222222222
"non-survivors",0,0.555555555555556,0.814814814814815
"non-survivors",0,0.25,0.916666666666667
"non-survivors",0,0.25,0.825
"non-survivors",0,0.333333333333333,0.888888888888889
"non-survivors",0.5,0.333333333333333,0.722222222222222
"non-survivors",0.25,0.444444444444444,0.768518518518518
"non-survivors",0.25,0.333333333333333,0.805555555555556
"non-survivors",0,0.75,0.75
"non-survivors",0,0.583333333333333,0.805555555555556
"non-survivors",0,0,1
"non-survivors",0.125,0.583333333333333,0.763888888888889
"non-survivors",0.375,0.0833333333333333,0.7625
"non-survivors",0,0.333333333333333,0.888888888888889
"non-survivors",0,0.111111111111111,0.866666666666667
"non-survivors",0,0.333333333333333,0.8
"non-survivors",0,0.333333333333333,0.888888888888889
"non-survivors",0,0.166666666666667,0.944444444444444
"non-survivors",0.25,0.333333333333333,0.805555555555556
"non-survivors",0,0.833333333333333,0.722222222222222
"non-survivors",0,0.333333333333333,0.888888888888889
"non-survivors",0.625,0.583333333333333,0.597222222222222
"non-survivors",0,0.416666666666667,0.861111111111111
"non-survivors",0.125,0.333333333333333,0.847222222222222
"non-survivors",0.5,0.333333333333333,0.722222222222222
"non-survivors",0,0.5,0.833333333333333
"non-survivors",0,0.333333333333333,0.888888888888889
"non-survivors",0.25,0.166666666666667,0.861111111111111
"non-survivors",0,0.222222222222222,0.833333333333333
"non-survivors",0,0.25,0.916666666666667
"non-survivors",0,0.333333333333333,0.888888888888889
"non-survivors",0.25,0.416666666666667,0.777777777777778
"non-survivors",0.375,0.166666666666667,0.819444444444444
"non-survivors",0.125,0.666666666666667,0.736111111111111
"non-survivors",0,0.333333333333333,0.888888888888889
"non-survivors",0.125,0.25,0.875
"non-survivors",0.25,0.222222222222222,0.842592592592593
"non-survivors",0.25,0.416666666666667,0.777777777777778
"non-survivors",0,0.916666666666667,0.625
"non-survivors",0,0.166666666666667,0.944444444444444
"non-survivors",0.125,0.583333333333333,0.6875
"non-survivors",0.125,0.272727272727273,0.867424242424242
"non-survivors",0.5,0.222222222222222,0.683333333333333
"non-survivors",0,0.333333333333333,0.888888888888889
"non-survivors",0.75,0.166666666666667,0.694444444444444
"non-survivors",0.75,0.888888888888889,0.408333333333333
"non-survivors",0,0.444444444444444,0.851851851851852
"non-survivors",0.25,0.416666666666667,0.7
"non-survivors",0,0.5,0.833333333333333
"non-survivors",0.875,0.416666666666667,0.569444444444444
"non-survivors",0,0.5,0.833333333333333
"non-survivors",0,0.555555555555556,0.814814814814815
"non-survivors",0,0.25,0.916666666666667
"non-survivors",0.375,0.333333333333333,0.6875
"non-survivors",0.25,0.166666666666667,0.861111111111111
"non-survivors",0.375,0.0909090909090909,0.84469696969697
"non-survivors",0,0.416666666666667,0.861111111111111
"non-survivors",0.25,0.166666666666667,0.861111111111111
"non-survivors",0,0.833333333333333,0.722222222222222
"non-survivors",0.375,0.583333333333333,0.680555555555556
"non-survivors",0,0.833333333333333,0.722222222222222
"non-survivors",0.875,0.416666666666667,0.569444444444444
"non-survivors",0,0.416666666666667,0.861111111111111
"non-survivors",0.875,0.0833333333333333,0.680555555555556
"non-survivors",0,0.333333333333333,0.888888888888889
"non-survivors",0,0.272727272727273,0.909090909090909
"non-survivors",0.125,0.0833333333333333,0.930555555555556
"non-survivors",0.125,0.5,0.791666666666667
"non-survivors",0,0.555555555555556,0.814814814814815
"non-survivors",0.625,0.583333333333333,0.597222222222222
"non-survivors",0,0.25,0.825
"non-survivors",0,0.25,0.916666666666667
"non-survivors",0.375,0.25,0.791666666666667
"non-survivors",0,0,1
"non-survivors",0.125,0.416666666666667,0.819444444444444
"non-survivors",0.5,0.444444444444444,0.685185185185185
"non-survivors",0.375,0.0833333333333333,0.847222222222222
"non-survivors",0.25,0.25,0.833333333333333
"non-survivors",0.125,0.0833333333333333,0.930555555555556
"non-survivors",0,0.333333333333333,0.8
"non-survivors",0.125,0.416666666666667,0.819444444444444
"non-survivors",0,0.166666666666667,0.944444444444444
"non-survivors",0.125,0.25,0.7875
"non-survivors",0.5,0.555555555555556,0.648148148148148
"non-survivors",0,0.444444444444444,0.851851851851852
"non-survivors",0.125,0.333333333333333,0.847222222222222
"non-survivors",0,0.555555555555556,0.814814814814815
"non-survivors",0,0.0833333333333333,0.972222222222222
"non-survivors",0,0.222222222222222,0.925925925925926
"non-survivors",0.625,0.25,0.708333333333333
"non-survivors",0,0.333333333333333,0.888888888888889
"non-survivors",0,0.666666666666667,0.7
"non-survivors",0,0,1
"non-survivors",0,0.5,0.833333333333333
"non-survivors",0.125,0.5,0.791666666666667
"non-survivors",0,0.583333333333333,0.805555555555556
"non-survivors",0,0.166666666666667,0.944444444444444
"non-survivors",0.125,0.111111111111111,0.921296296296296
"non-survivors",0,0.583333333333333,0.725
"non-survivors",0.5,0.166666666666667,0.7
"non-survivors",0.125,0.222222222222222,0.884259259259259
"non-survivors",0,0.25,0.916666666666667
"non-survivors",0,0.333333333333333,0.888888888888889
"non-survivors",0,0.166666666666667,0.944444444444444
"non-survivors",0.25,0.166666666666667,0.861111111111111
"non-survivors",0.75,0.333333333333333,0.638888888888889
"non-survivors",0.375,0.166666666666667,0.819444444444444
"non-survivors",0,0.5,0.833333333333333
"non-survivors",0,0.222222222222222,0.925925925925926
"non-survivors",0,0.416666666666667,0.861111111111111
"non-survivors",0,0.111111111111111,0.866666666666667
"non-survivors",0.25,0,0.825
"non-survivors",0,0.25,0.916666666666667
"non-survivors",0.5,0.222222222222222,0.759259259259259
"non-survivors",0,0.333333333333333,0.888888888888889
"non-survivors",0.125,0.0833333333333333,0.930555555555556
"non-survivors",0,0.416666666666667,0.861111111111111
"non-survivors",0.25,0.416666666666667,0.777777777777778
"non-survivors",1,0.75,0.375
"non-survivors",0,0.25,0.916666666666667
"non-survivors",0,0.25,0.916666666666667
"non-survivors",1,0.233333333333333,0.588888888888889
"non-survivors",0,0.25,0.916666666666667
"non-survivors",0.25,0,0.916666666666667
"non-survivors",0,0.333333333333333,0.888888888888889
"non-survivors",0,0.333333333333333,0.888888888888889
"non-survivors",0,0.111111111111111,0.962962962962963
"non-survivors",0.25,0.166666666666667,0.861111111111111
"non-survivors",0.125,0.666666666666667,0.736111111111111
"non-survivors",0.25,0.333333333333333,0.805555555555556
"non-survivors",0,0.0833333333333333,0.972222222222222
"non-survivors",0,0.444444444444444,0.851851851851852
"non-survivors",0.125,0.333333333333333,0.847222222222222
"non-survivors",1,0.916666666666667,0.361111111111111
"non-survivors",0,0.424242424242424,0.858585858585859
"non-survivors",0.625,0.111111111111111,0.75462962962963
"non-survivors",0.625,0.333333333333333,0.6125
"non-survivors",0.25,0.25,0.75
"non-survivors",0,0.583333333333333,0.805555555555556
"non-survivors",0,0.583333333333333,0.805555555555556
"non-survivors",0,0.25,0.916666666666667
"non-survivors",0.625,0.0833333333333333,0.763888888888889
"non-survivors",0,0.148148148148148,0.950617283950617
"non-survivors",0,0.333333333333333,0.888888888888889
"non-survivors",0,0.166666666666667,0.85
"non-survivors",0.25,0.416666666666667,0.7
"non-survivors",0,0.833333333333333,0.722222222222222
"non-survivors",0,0.666666666666667,0.777777777777778
"non-survivors",0.75,0.166666666666667,0.694444444444444
"non-survivors",0,0.25,0.916666666666667
"non-survivors",0.125,0,0.958333333333333
"non-survivors",0,0.416666666666667,0.861111111111111
"non-survivors",0.125,0.25,0.875
"non-survivors",0.5,0.666666666666667,0.611111111111111
"non-survivors",0.625,0.75,0.541666666666667
"non-survivors",0.625,0.166666666666667,0.736111111111111
"non-survivors",0,0.416666666666667,0.775
"non-survivors",0,0.0833333333333333,0.972222222222222
"non-survivors",0.5,0.303030303030303,0.732323232323232
"non-survivors",0,0.333333333333333,0.888888888888889
"non-survivors",0.375,0,0.875
"non-survivors",0.125,0.416666666666667,0.819444444444444
"non-survivors",0,0.333333333333333,0.888888888888889
"non-survivors",0,0.363636363636364,0.878787878787879
"non-survivors",0,0.333333333333333,0.888888888888889
"non-survivors",0.125,0.416666666666667,0.819444444444444
"non-survivors",0,0.5,0.833333333333333
"non-survivors",0.125,0.25,0.875
"non-survivors",0.25,0.212121212121212,0.761363636363636
"non-survivors",0.25,0.25,0.833333333333333
"non-survivors",0,0.25,0.916666666666667
"non-survivors",0.5,0.5,0.666666666666667
"non-survivors",0.625,0.242424242424242,0.639772727272727
"non-survivors",0.125,0.166666666666667,0.902777777777778
"non-survivors",0.5,0.5,0.666666666666667
"non-survivors",0.125,0.583333333333333,0.763888888888889
"non-survivors",0.125,0.166666666666667,0.902777777777778
"non-survivors",0.125,0.5,0.791666666666667
"non-survivors",0,0.777777777777778,0.740740740740741
"non-survivors",0,0.666666666666667,0.777777777777778
"non-survivors",0.75,0.0303030303030303,0.73989898989899
"non-survivors",0,0.777777777777778,0.740740740740741
"non-survivors",0.125,0.5,0.7125
"non-survivors",0,1,0.666666666666667
"non-survivors",0.25,0.833333333333333,0.575
"non-survivors",1,0.333333333333333,0.5
"non-survivors",0.125,0.25,0.875
"non-survivors",0,0.333333333333333,0.888888888888889
"non-survivors",0,0.166666666666667,0.944444444444444
"non-survivors",0.25,0.296296296296296,0.736111111111111
"non-survivors",0,0.166666666666667,0.85
"non-survivors",0,0.111111111111111,0.866666666666667
"non-survivors",0,0.5,0.833333333333333
"non-survivors",0.25,0.25,0.833333333333333
"non-survivors",0.125,0.0833333333333333,0.8375
"non-survivors",0,0.5,0.75
"non-survivors",0,0.444444444444444,0.851851851851852
"non-survivors",0.25,0.416666666666667,0.777777777777778
"non-survivors",0.5,0,0.75
"non-survivors",0.25,0.222222222222222,0.842592592592593
"non-survivors",0,0.0833333333333333,0.972222222222222
"non-survivors",0,0.333333333333333,0.888888888888889
"non-survivors",0.125,0,0.958333333333333
"non-survivors",0.25,0.666666666666667,0.694444444444444
"non-survivors",0,0,1
"non-survivors",0,0.3,0.9
"non-survivors",0,0,1
"non-survivors",0.875,0,0.6375
"non-survivors",0.875,0.25,0.5625
"non-survivors",0.375,0.333333333333333,0.763888888888889
"non-survivors",0,0.5,0.833333333333333
"non-survivors",0,0.166666666666667,0.85
"non-survivors",0.625,0.583333333333333,0.5375
"non-survivors",0.25,0.0833333333333333,0.888888888888889
"non-survivors",0,0.666666666666667,0.777777777777778
"non-survivors",0.375,0.222222222222222,0.720833333333333
"non-survivors",0,0.166666666666667,0.944444444444444
"non-survivors",0,0.583333333333333,0.805555555555556
"non-survivors",0,0,0.9
"non-survivors",0.25,0.5,0.75
"non-survivors",0.125,0.416666666666667,0.819444444444444
"non-survivors",0.375,0.166666666666667,0.819444444444444
"non-survivors",0.625,0.166666666666667,0.6625
"non-survivors",0.875,0.444444444444444,0.504166666666667
"non-survivors",0.25,0.416666666666667,0.777777777777778
"non-survivors",0,0,1
"non-survivors",0,0.416666666666667,0.861111111111111
"non-survivors",0.25,0,0.916666666666667
"non-survivors",0,0.333333333333333,0.888888888888889
"non-survivors",0.5,0.222222222222222,0.683333333333333
"non-survivors",0.125,0.111111111111111,0.921296296296296
"non-survivors",0,0.5,0.833333333333333
"non-survivors",0,0.111111111111111,0.962962962962963
"non-survivors",0,0.166666666666667,0.944444444444444
"non-survivors",0,0.5,0.833333333333333
"non-survivors",0,0.222222222222222,0.833333333333333
"non-survivors",0,0.333333333333333,0.888888888888889
"non-survivors",0.625,0.444444444444444,0.579166666666667
"non-survivors",0.375,0.416666666666667,0.6625
"non-survivors",0.25,0.166666666666667,0.861111111111111
"non-survivors",0.625,0.75,0.541666666666667
"non-survivors",0.5,0.25,0.75
"non-survivors",0,0.666666666666667,0.7
"non-survivors",0,0,1
"non-survivors",0,0.333333333333333,0.888888888888889
"non-survivors",0,0.222222222222222,0.925925925925926
"non-survivors",0.125,0.25,0.7875
"non-survivors",0,0.666666666666667,0.777777777777778
"non-survivors",0.5,0.416666666666667,0.625
"non-survivors",0.125,0.25,0.875
"non-survivors",0,0.444444444444444,0.851851851851852
"non-survivors",0,0,1
"non-survivors",0.125,0.333333333333333,0.847222222222222
"non-survivors",0.5,0.242424242424242,0.752525252525252
"non-survivors",0,0.5,0.833333333333333
"non-survivors",0,0.111111111111111,0.962962962962963
"non-survivors",0.125,0.166666666666667,0.902777777777778
"non-survivors",0.25,0.25,0.75
"non-survivors",0,0,1
"non-survivors",1,0.25,0.583333333333333
"non-survivors",0.375,0.333333333333333,0.763888888888889
"non-survivors",0.375,0.0833333333333333,0.847222222222222
"non-survivors",0,0.5,0.833333333333333
"non-survivors",0.125,0.583333333333333,0.763888888888889
"non-survivors",0.625,0.25,0.708333333333333
"non-survivors",0.125,0.5,0.791666666666667
"non-survivors",0,0.666666666666667,0.777777777777778
"non-survivors",0.375,0.25,0.791666666666667
"non-survivors",0,0.416666666666667,0.861111111111111
"non-survivors",0,0,1
"non-survivors",0.375,0.166666666666667,0.7375
"non-survivors",0,0.833333333333333,0.65
"non-survivors",0.125,0.0833333333333333,0.8375
"non-survivors",0.125,0.0833333333333333,0.930555555555556
"non-survivors",0,0.833333333333333,0.722222222222222
"non-survivors",0.125,0,0.958333333333333
"non-survivors",0,0.416666666666667,0.861111111111111
"non-survivors",0,0.583333333333333,0.805555555555556
"non-survivors",0,0.333333333333333,0.888888888888889
"non-survivors",0.25,0.166666666666667,0.861111111111111
"non-survivors",0.125,0.666666666666667,0.736111111111111
"non-survivors",0.125,0.25,0.875
"non-survivors",0,0.25,0.916666666666667
"non-survivors",0.5,0.583333333333333,0.638888888888889
"non-survivors",0,1,0.666666666666667
"non-survivors",0.5,0.916666666666667,0.527777777777778
"non-survivors",0,0.777777777777778,0.740740740740741
"non-survivors",0,0.0833333333333333,0.972222222222222
"non-survivors",0.375,0.303030303030303,0.773989898989899
"non-survivors",0.625,0.212121212121212,0.720959595959596
"non-survivors",0.25,0.0833333333333333,0.888888888888889
"non-survivors",0,0.166666666666667,0.944444444444444
"non-survivors",0.375,0,0.875
"non-survivors",0,0,1
"non-survivors",0,0.0833333333333333,0.972222222222222
"non-survivors",0,0.25,0.916666666666667
"non-survivors",0,0.5,0.833333333333333
"non-survivors",0,0,1
"non-survivors",0,0,1
"non-survivors",0.125,0.0833333333333333,0.930555555555556
"non-survivors",0.375,0.333333333333333,0.6875
"non-survivors",0,0,1
"non-survivors",0,0.111111111111111,0.962962962962963
"non-survivors",0.625,0.833333333333333,0.4625
"non-survivors",0.25,0.333333333333333,0.805555555555556
"non-survivors",0.375,0.583333333333333,0.680555555555556
"non-survivors",0.625,0.333333333333333,0.680555555555556
"non-survivors",0,0.111111111111111,0.866666666666667
"non-survivors",0.25,0.333333333333333,0.805555555555556
"non-survivors",0,0.555555555555556,0.814814814814815
"non-survivors",0.125,0.272727272727273,0.867424242424242
"non-survivors",0.25,0,0.825
"non-survivors",0.625,0.416666666666667,0.652777777777778
"non-survivors",0.125,0,0.958333333333333
"non-survivors",0.125,0.333333333333333,0.847222222222222
"non-survivors",0,0,1
"non-survivors",0.125,0.666666666666667,0.736111111111111
"non-survivors",0,0.777777777777778,0.740740740740741
"non-survivors",0.625,0.25,0.708333333333333
"non-survivors",0.5,0.777777777777778,0.574074074074074
"non-survivors",0,0.222222222222222,0.925925925925926
"non-survivors",0.125,0.333333333333333,0.847222222222222
"non-survivors",0.125,0.0909090909090909,0.835227272727273
"non-survivors",0.125,0.583333333333333,0.763888888888889
"non-survivors",0.125,0.166666666666667,0.902777777777778
"non-survivors",0.25,0.666666666666667,0.694444444444444
"non-survivors",0.5,0.166666666666667,0.7
"non-survivors",0.25,0.222222222222222,0.758333333333333
"non-survivors",0.625,0.25,0.708333333333333
"non-survivors",0.375,0.363636363636364,0.678409090909091
"non-survivors",0,0.583333333333333,0.805555555555556
"non-survivors",0.125,0.75,0.708333333333333
"non-survivors",0,0,1
"non-survivors",0,0.583333333333333,0.805555555555556
"non-survivors",0,0.166666666666667,0.944444444444444
"non-survivors",0,0.75,0.75
"non-survivors",0,0.333333333333333,0.888888888888889
"non-survivors",0.875,0.5,0.4875
"non-survivors",0.375,0.416666666666667,0.736111111111111
"non-survivors",0.25,0,0.916666666666667
"non-survivors",0.5,0.416666666666667,0.694444444444444
"non-survivors",0.125,0.212121212121212,0.887626262626263
"non-survivors",0,0.666666666666667,0.7
"non-survivors",0.125,0.303030303030303,0.857323232323232
"non-survivors",0,0.444444444444444,0.851851851851852
"non-survivors",0,0.333333333333333,0.888888888888889
"non-survivors",0,0.5,0.75
"non-survivors",0.625,0.166666666666667,0.736111111111111
"non-survivors",0.125,0.416666666666667,0.819444444444444
"non-survivors",0.875,0.833333333333333,0.430555555555556
"non-survivors",0.375,0.333333333333333,0.763888888888889
"non-survivors",0,0.0833333333333333,0.972222222222222
"non-survivors",0,0.333333333333333,0.888888888888889
"non-survivors",0,0.272727272727273,0.909090909090909
"non-survivors",0.125,0.166666666666667,0.902777777777778
"non-survivors",0,0.166666666666667,0.944444444444444
"non-survivors",0,0.5,0.833333333333333
"non-survivors",0.25,0.333333333333333,0.725
"non-survivors",0.375,0.25,0.791666666666667
"non-survivors",0.375,0.75,0.625
"non-survivors",0.5,0.416666666666667,0.625
"non-survivors",0,0.416666666666667,0.861111111111111
"non-survivors",0.625,0.333333333333333,0.6125
"non-survivors",0.125,0.416666666666667,0.819444444444444
"non-survivors",0.375,0.166666666666667,0.819444444444444
"non-survivors",0,0.333333333333333,0.888888888888889
"non-survivors",0.375,0.444444444444444,0.726851851851852
"non-survivors",1,0,0.666666666666667
"non-survivors",0,0.25,0.916666666666667
"non-survivors",0.25,0.166666666666667,0.861111111111111
"non-survivors",0.125,0.5,0.791666666666667
"non-survivors",0,0.266666666666667,0.911111111111111
"non-survivors",0,0.583333333333333,0.725
"non-survivors",0,0.75,0.675
"non-survivors",0,0.333333333333333,0.888888888888889
"non-survivors",0.125,0.333333333333333,0.7625
"non-survivors",0.125,0.583333333333333,0.763888888888889
"non-survivors",0,0.333333333333333,0.888888888888889
"non-survivors",0,0.416666666666667,0.861111111111111
"non-survivors",0.125,0.416666666666667,0.819444444444444
"non-survivors",0.375,0.0833333333333333,0.847222222222222
"non-survivors",0.125,0.166666666666667,0.902777777777778
"non-survivors",0.375,0.333333333333333,0.763888888888889
"non-survivors",0,0.444444444444444,0.851851851851852
"non-survivors",0,0.25,0.916666666666667
"non-survivors",0.125,0.333333333333333,0.847222222222222
"non-survivors",0.5,1,0.5
"non-survivors",0.375,1,0.541666666666667
"non-survivors",0.5,0.5,0.666666666666667
"non-survivors",0,0.166666666666667,0.944444444444444
"non-survivors",0,0.25,0.916666666666667
"non-survivors",0,0.222222222222222,0.925925925925926
"non-survivors",0.625,0.25,0.708333333333333
"non-survivors",0.125,0.583333333333333,0.763888888888889
"non-survivors",0.75,0,0.675
"non-survivors",0.625,0,0.7125
"non-survivors",0,0,1
"non-survivors",0.125,0.583333333333333,0.763888888888889
"non-survivors",0,0.444444444444444,0.851851851851852
"non-survivors",0.25,0.333333333333333,0.725
"non-survivors",0.875,0.25,0.5625
"non-survivors",0,0.333333333333333,0.8
"non-survivors",0,0.0833333333333333,0.972222222222222
"non-survivors",0.5,0.5,0.666666666666667
"non-survivors",0,0,1
"non-survivors",0,0.0606060606060606,0.97979797979798
"non-survivors",0,0.166666666666667,0.944444444444444
"non-survivors",0.25,0,0.916666666666667
"non-survivors",0,0.416666666666667,0.861111111111111
"non-survivors",0,0,1
"non-survivors",0.125,0.666666666666667,0.736111111111111
"non-survivors",0,0.333333333333333,0.8
"non-survivors",0.625,0.444444444444444,0.579166666666667
"non-survivors",1,0,0.6
"non-survivors",0.375,0.555555555555556,0.689814814814815
"non-survivors",0.25,0.25,0.833333333333333
"non-survivors",0.25,0.303030303030303,0.815656565656566
"non-survivors",0.125,0.166666666666667,0.902777777777778
"non-survivors",0,0.0833333333333333,0.972222222222222
"non-survivors",1,0,0.666666666666667
"non-survivors",0,0.0833333333333333,0.972222222222222
"non-survivors",0.375,0.5,0.708333333333333
"non-survivors",0,0.333333333333333,0.888888888888889
"non-survivors",0,0.25,0.825
"non-survivors",0.125,0.25,0.875
"non-survivors",0.625,0.555555555555556,0.545833333333333
"non-survivors",0.125,0,0.958333333333333
"non-survivors",0.25,0.5,0.75
"non-survivors",0.375,0,0.875
"non-survivors",0.875,0.25,0.5625
"non-survivors",0,0.666666666666667,0.777777777777778
"non-survivors",0.25,0.5,0.675
"non-survivors",0,0.166666666666667,0.944444444444444
"non-survivors",1,0.166666666666667,0.55
"non-survivors",0.125,0,0.958333333333333
"non-survivors",0,0.333333333333333,0.888888888888889
"non-survivors",0,0.666666666666667,0.777777777777778
"non-survivors",0,0.5,0.75
"non-survivors",0,0.181818181818182,0.939393939393939
"non-survivors",0.5,0.416666666666667,0.694444444444444
"non-survivors",0,0.333333333333333,0.888888888888889
"non-survivors",0.375,0.416666666666667,0.736111111111111
"non-survivors",0.125,0.416666666666667,0.819444444444444
"non-survivors",0,0.166666666666667,0.944444444444444
"non-survivors",0.25,0.222222222222222,0.758333333333333
"non-survivors",0.25,0.416666666666667,0.777777777777778
"non-survivors",0,0.0666666666666667,0.977777777777778
"non-survivors",0,0.333333333333333,0.888888888888889
"non-survivors",0.25,0.444444444444444,0.768518518518518
"non-survivors",0,0.416666666666667,0.861111111111111
"non-survivors",0.125,0.444444444444444,0.729166666666667
"non-survivors",0,0.212121212121212,0.929292929292929
"non-survivors",0.5,0.5,0.666666666666667
"non-survivors",0,0.2,0.933333333333333
"non-survivors",0,0.1,0.966666666666667
"non-survivors",0.875,0.583333333333333,0.513888888888889
"non-survivors",0.125,0.555555555555556,0.773148148148148
"non-survivors",0,0.666666666666667,0.7
"non-survivors",0.125,0.25,0.7875
"non-survivors",0.125,0.416666666666667,0.819444444444444
"non-survivors",0,0.333333333333333,0.888888888888889
"non-survivors",0.5,0.333333333333333,0.722222222222222
"non-survivors",0.125,0.25,0.875
"non-survivors",0,1,0.666666666666667
"non-survivors",0.125,0.25,0.7875
"non-survivors",1,0.583333333333333,0.472222222222222
"non-survivors",0,0.916666666666667,0.625
"non-survivors",0,0.666666666666667,0.777777777777778
"non-survivors",0,0.555555555555556,0.814814814814815
"non-survivors",0,0,1
"non-survivors",0,0.25,0.916666666666667
"non-survivors",0.75,0.333333333333333,0.638888888888889
"non-survivors",0,0.416666666666667,0.861111111111111
"non-survivors",0.375,0.166666666666667,0.7375
"non-survivors",0.875,0.5,0.541666666666667
"non-survivors",0.875,0.666666666666667,0.4375
"non-survivors",0.375,0.5,0.6375
"non-survivors",0.5,0.166666666666667,0.7
"non-survivors",0.25,0.416666666666667,0.777777777777778
"non-survivors",0.125,0.166666666666667,0.8125
"non-survivors",0.5,0.583333333333333,0.638888888888889
"non-survivors",0.625,0.121212121212121,0.751262626262626
"non-survivors",0,0.222222222222222,0.925925925925926
"non-survivors",0.5,0.666666666666667,0.55
"non-survivors",0,0.416666666666667,0.861111111111111
"non-survivors",0.375,0.212121212121212,0.804292929292929
"non-survivors",0.375,0.583333333333333,0.680555555555556
"non-survivors",1,0.25,0.583333333333333
"non-survivors",0.5,0.181818181818182,0.772727272727273
"non-survivors",0.625,0.833333333333333,0.4625
"non-survivors",0.5,0.575757575757576,0.641414141414141
"non-survivors",0,0.333333333333333,0.888888888888889
"non-survivors",0.5,0.272727272727273,0.742424242424242
"non-survivors",0.25,0.222222222222222,0.758333333333333
"non-survivors",0.375,0.0833333333333333,0.7625
"non-survivors",0.25,0.166666666666667,0.775
"non-survivors",0.25,0.166666666666667,0.861111111111111
"non-survivors",0.75,0.424242424242424,0.547727272727273
"non-survivors",0.125,0.333333333333333,0.847222222222222
"non-survivors",0.125,0.333333333333333,0.7625
"non-survivors",0.375,0.242424242424242,0.794191919191919
"non-survivors",0.375,0.833333333333333,0.597222222222222
"non-survivors",0.375,0.25,0.791666666666667
"non-survivors",0.5,0.25,0.75
"non-survivors",0,0.416666666666667,0.861111111111111
"non-survivors",0.375,0.25,0.791666666666667
"non-survivors",0.5,0.25,0.675
"non-survivors",0.125,0.111111111111111,0.829166666666667
"non-survivors",0,0.222222222222222,0.925925925925926
"non-survivors",0,0.5,0.833333333333333
"non-survivors",0.625,0.583333333333333,0.597222222222222
"non-survivors",0.125,0.5,0.791666666666667
"non-survivors",0,0.416666666666667,0.861111111111111
"non-survivors",0.25,0.5,0.675
"non-survivors",0.625,0.333333333333333,0.680555555555556
"non-survivors",0.5,0.212121212121212,0.762626262626263
"non-survivors",0.375,0.454545454545455,0.723484848484849
"non-survivors",1,0.666666666666667,0.444444444444444
"non-survivors",0.25,0.916666666666667,0.611111111111111
"non-survivors",0.125,0.833333333333333,0.680555555555556
"non-survivors",0,0.444444444444444,0.851851851851852
"non-survivors",0,0.333333333333333,0.888888888888889
"non-survivors",0,0.222222222222222,0.833333333333333
"non-survivors",0.125,0.75,0.708333333333333
"non-survivors",0.125,0.166666666666667,0.902777777777778
"non-survivors",0.5,0.583333333333333,0.638888888888889
"non-survivors",0.125,0.416666666666667,0.819444444444444
"non-survivors",0,0.333333333333333,0.888888888888889
"non-survivors",0,0.555555555555556,0.814814814814815
"non-survivors",0,0.25,0.916666666666667
"non-survivors",0,0.833333333333333,0.722222222222222
"non-survivors",0.125,0.416666666666667,0.819444444444444
"non-survivors",0,0.0833333333333333,0.875
"non-survivors",0.625,0.416666666666667,0.652777777777778
"non-survivors",0,0.166666666666667,0.944444444444444
"non-survivors",0.375,0.166666666666667,0.819444444444444
"non-survivors",0.5,0.266666666666667,0.67
"non-survivors",0.125,0.25,0.875
"non-survivors",0,0.5,0.833333333333333
"non-survivors",0,0.333333333333333,0.888888888888889
"non-survivors",0,0.25,0.916666666666667
"non-survivors",0.5,0.25,0.75
"non-survivors",0.125,0.416666666666667,0.819444444444444
"non-survivors",0,1,0.666666666666667
"non-survivors",0,0.212121212121212,0.929292929292929
"non-survivors",0.5,0.5,0.666666666666667
"non-survivors",0.375,0,0.875
"non-survivors",0.25,0.333333333333333,0.805555555555556
"non-survivors",0.625,0.75,0.541666666666667
"non-survivors",0.625,0.272727272727273,0.700757575757576
"non-survivors",0.125,0.333333333333333,0.847222222222222
"non-survivors",0,0.333333333333333,0.8
"non-survivors",0,0.583333333333333,0.725
"non-survivors",0,0.222222222222222,0.925925925925926
"non-survivors",0,0.416666666666667,0.861111111111111
"non-survivors",0,0.25,0.916666666666667
"non-survivors",0.25,0.5,0.75
"non-survivors",0.125,0.166666666666667,0.902777777777778
"non-survivors",0.25,0.5,0.675
"non-survivors",0,0.333333333333333,0.888888888888889
"non-survivors",0,0.0833333333333333,0.972222222222222
"non-survivors",0,0.166666666666667,0.944444444444444
"non-survivors",0.375,0.166666666666667,0.7375
"non-survivors",0,0.333333333333333,0.888888888888889
"non-survivors",0.375,0.5,0.708333333333333
"non-survivors",0.125,0.416666666666667,0.819444444444444
"non-survivors",0.125,0.416666666666667,0.819444444444444
"non-survivors",0,0.583333333333333,0.805555555555556
"non-survivors",0,0.583333333333333,0.805555555555556
"non-survivors",0.5,0.212121212121212,0.762626262626263
"non-survivors",0,0.666666666666667,0.777777777777778
"non-survivors",0.625,0.75,0.541666666666667
"non-survivors",0.375,0.583333333333333,0.680555555555556
"non-survivors",0,0.166666666666667,0.944444444444444
"non-survivors",0,0.555555555555556,0.814814814814815
"non-survivors",0,0.583333333333333,0.805555555555556
"non-survivors",0.25,0.833333333333333,0.575
"non-survivors",0,0.416666666666667,0.861111111111111
"non-survivors",0,0.166666666666667,0.944444444444444
"non-survivors",0.25,0.416666666666667,0.7
"non-survivors",0,0.333333333333333,0.888888888888889
"non-survivors",0,0.111111111111111,0.962962962962963
"non-survivors",0.75,0.666666666666667,0.527777777777778
"non-survivors",0.25,0.222222222222222,0.842592592592593
"non-survivors",0.625,0.515151515151515,0.619949494949495
"non-survivors",0.75,0.166666666666667,0.694444444444444
"non-survivors",0.5,0.1,0.8
"non-survivors",0.25,0.833333333333333,0.638888888888889
"non-survivors",0.25,0,0.916666666666667
"non-survivors",0.625,0.266666666666667,0.702777777777778
"non-survivors",0.625,0.242424242424242,0.710858585858586
"non-survivors",0.375,0.166666666666667,0.819444444444444
"non-survivors",0,0.25,0.916666666666667
"non-survivors",0,0.166666666666667,0.944444444444444
"non-survivors",0,0.416666666666667,0.861111111111111
"non-survivors",0.75,0.272727272727273,0.659090909090909
"non-survivors",0.125,0.916666666666667,0.652777777777778
"non-survivors",0,0.666666666666667,0.777777777777778
"non-survivors",0.375,0.5,0.708333333333333
"non-survivors",0,0.583333333333333,0.805555555555556
"non-survivors",0.125,0.666666666666667,0.736111111111111
"non-survivors",0,0.583333333333333,0.805555555555556
"non-survivors",0,0.5,0.833333333333333
"non-survivors",0.25,0.5,0.75
"non-survivors",0.25,0.166666666666667,0.861111111111111
"non-survivors",0,0.916666666666667,0.694444444444444
"non-survivors",0,0.111111111111111,0.962962962962963
"non-survivors",0.125,0.25,0.875
"non-survivors",0.125,0.444444444444444,0.810185185185185
"non-survivors",0.25,0.25,0.833333333333333
"non-survivors",0.25,0.5,0.75
"non-survivors",0.375,0.555555555555556,0.689814814814815
"non-survivors",0,0.833333333333333,0.722222222222222
"non-survivors",0.625,0.416666666666667,0.652777777777778
"non-survivors",0.625,0.333333333333333,0.6125
"non-survivors",0.125,0.416666666666667,0.819444444444444
"non-survivors",0.125,0.583333333333333,0.763888888888889
"non-survivors",0.25,0.666666666666667,0.694444444444444
"non-survivors",0.375,0.5,0.708333333333333
"non-survivors",0.25,0.242424242424242,0.835858585858586
"non-survivors",0,0.3,0.9
"non-survivors",0,0.833333333333333,0.722222222222222
"non-survivors",0.25,0.416666666666667,0.777777777777778
"non-survivors",0.25,0.333333333333333,0.805555555555556
"non-survivors",0.75,0.2,0.683333333333333
"non-survivors",0.125,0.583333333333333,0.763888888888889
"non-survivors",0.25,0.5,0.75
"non-survivors",0.125,0.5,0.791666666666667
"non-survivors",0,0.166666666666667,0.944444444444444
"non-survivors",0.25,0.5,0.75
"non-survivors",0,0.222222222222222,0.925925925925926
"non-survivors",1,0.916666666666667,0.361111111111111
"non-survivors",0,0.583333333333333,0.805555555555556
"non-survivors",0,0.833333333333333,0.65
"non-survivors",0,0.222222222222222,0.925925925925926
"non-survivors",0.125,0.583333333333333,0.763888888888889
"non-survivors",0.375,0.444444444444444,0.726851851851852
"non-survivors",0.5,0.666666666666667,0.611111111111111
"non-survivors",0.125,0.333333333333333,0.847222222222222
"non-survivors",0.25,0.583333333333333,0.722222222222222
"non-survivors",0.75,0.333333333333333,0.638888888888889
"non-survivors",0.125,0.416666666666667,0.819444444444444
"non-survivors",0.625,0.333333333333333,0.680555555555556
"non-survivors",0,0.181818181818182,0.939393939393939
"non-survivors",0.25,0.363636363636364,0.795454545454545
"non-survivors",0.5,0.303030303030303,0.732323232323232
"non-survivors",0.75,0.333333333333333,0.638888888888889
"non-survivors",0.875,0.166666666666667,0.652777777777778
"non-survivors",1,0.25,0.583333333333333
"non-survivors",0.875,0.416666666666667,0.569444444444444
"non-survivors",0,0.166666666666667,0.944444444444444
"non-survivors",0,0.166666666666667,0.944444444444444
"non-survivors",0.125,0.166666666666667,0.902777777777778
"non-survivors",0,0.5,0.833333333333333
"non-survivors",0.875,0.166666666666667,0.652777777777778
"non-survivors",0.125,0.583333333333333,0.763888888888889
"non-survivors",0.875,0.25,0.625
"non-survivors",0,0.25,0.916666666666667
"non-survivors",0.25,0.393939393939394,0.785353535353535
"non-survivors",0.375,0.333333333333333,0.763888888888889
"non-survivors",0.375,0.25,0.791666666666667
"non-survivors",0,0.166666666666667,0.944444444444444
"non-survivors",0.75,0.166666666666667,0.694444444444444
"non-survivors",1,0.416666666666667,0.475
"non-survivors",0,0.333333333333333,0.888888888888889
"non-survivors",0.125,0.583333333333333,0.763888888888889
"non-survivors",0.25,0.333333333333333,0.805555555555556
"non-survivors",0.125,0,0.8625
"non-survivors",0,0.0833333333333333,0.972222222222222
"non-survivors",0.5,0.242424242424242,0.752525252525252
"non-survivors",0.75,0.75,0.5
"non-survivors",0.875,0.416666666666667,0.569444444444444
"non-survivors",0,0.333333333333333,0.888888888888889
"non-survivors",0.875,0.25,0.625
"non-survivors",0,0.121212121212121,0.95959595959596
"non-survivors",0.75,0.25,0.666666666666667
"non-survivors",0.375,0.25,0.791666666666667
"non-survivors",0.75,0.333333333333333,0.638888888888889
"non-survivors",0,0,1
"non-survivors",0.25,0.416666666666667,0.777777777777778
"non-survivors",0,0,1
"non-survivors",1,0.583333333333333,0.472222222222222
"non-survivors",0,0.166666666666667,0.944444444444444
"non-survivors",0.125,0.444444444444444,0.810185185185185
"non-survivors",0.75,0.5,0.583333333333333
"non-survivors",1,0.5,0.5
"non-survivors",0.375,0.222222222222222,0.800925925925926
"non-survivors",0.625,0.666666666666667,0.569444444444444
"non-survivors",0.375,0.333333333333333,0.763888888888889
"non-survivors",0.5,0.583333333333333,0.638888888888889
"non-survivors",0.625,0.416666666666667,0.652777777777778
"non-survivors",0.375,0.25,0.791666666666667
"non-survivors",0.25,0.333333333333333,0.805555555555556
"non-survivors",0.875,0,0.708333333333333
"non-survivors",0.625,0.333333333333333,0.680555555555556
"non-survivors",0,0.166666666666667,0.944444444444444
"non-survivors",0.25,0.0833333333333333,0.888888888888889
"non-survivors",0.25,0,0.916666666666667
"non-survivors",0.75,0.212121212121212,0.679292929292929
"non-survivors",0,0.0833333333333333,0.972222222222222
"non-survivors",0.875,0.416666666666667,0.569444444444444
"non-survivors",0.75,0.333333333333333,0.638888888888889
"non-survivors",1,0.416666666666667,0.527777777777778
"non-survivors",0.875,0.416666666666667,0.569444444444444
"non-survivors",0.25,0.166666666666667,0.861111111111111
"non-survivors",0.5,0.333333333333333,0.722222222222222
"non-survivors",0.125,0.416666666666667,0.7375
"non-survivors",0.375,0.303030303030303,0.773989898989899
"non-survivors",0.375,0.583333333333333,0.680555555555556
"non-survivors",0.25,0.166666666666667,0.861111111111111
"non-survivors",1,0.416666666666667,0.527777777777778
"non-survivors",0.375,0.333333333333333,0.763888888888889
"non-survivors",1,0.583333333333333,0.472222222222222
"non-survivors",1,0.333333333333333,0.555555555555556
"non-survivors",0.5,0.25,0.75
"non-survivors",0.75,0.583333333333333,0.555555555555556
"non-survivors",0.25,0.166666666666667,0.861111111111111
"non-survivors",0.5,0.181818181818182,0.772727272727273
"non-survivors",0.5,0.333333333333333,0.722222222222222
"non-survivors",0.625,0.416666666666667,0.652777777777778
"non-survivors",0.5,0.444444444444444,0.685185185185185
"non-survivors",0.375,0.25,0.791666666666667
"non-survivors",0.375,0.25,0.791666666666667
"non-survivors",0.125,0.416666666666667,0.819444444444444
"non-survivors",0,0.333333333333333,0.888888888888889
"non-survivors",0.125,0.212121212121212,0.887626262626263
"non-survivors",0.125,0.416666666666667,0.819444444444444
"non-survivors",0.875,0.363636363636364,0.587121212121212
"non-survivors",0.375,0.303030303030303,0.773989898989899
"non-survivors",0,0.416666666666667,0.861111111111111
"non-survivors",0.5,0.166666666666667,0.777777777777778
"non-survivors",0.5,0.25,0.75
"non-survivors",1,0.666666666666667,0.444444444444444
"non-survivors",0,0.416666666666667,0.861111111111111
"non-survivors",0,0.416666666666667,0.861111111111111
"non-survivors",0,0.416666666666667,0.861111111111111
"non-survivors",0.375,0,0.875
"non-survivors",0.125,0.666666666666667,0.736111111111111
"non-survivors",0.625,1,0.458333333333333
"non-survivors",0.25,0.166666666666667,0.861111111111111
"non-survivors",0.125,0.666666666666667,0.736111111111111
"non-survivors",0,0.222222222222222,0.925925925925926
"non-survivors",0.125,0.166666666666667,0.902777777777778
"non-survivors",0,0.5,0.833333333333333
"non-survivors",0.375,0.0833333333333333,0.847222222222222
"non-survivors",0.25,0.25,0.833333333333333
"non-survivors",0,0.25,0.916666666666667
"non-survivors",0.375,0.416666666666667,0.736111111111111
"non-survivors",0.375,0.333333333333333,0.763888888888889
"non-survivors",0.125,0.25,0.875
"non-survivors",0,0,1
"non-survivors",0.25,0.0833333333333333,0.888888888888889
"non-survivors",0.5,0,0.833333333333333
"non-survivors",0,0,1
"non-survivors",0,0,1
"non-survivors",0,0.25,0.916666666666667
"non-survivors",0.25,0.333333333333333,0.805555555555556
"non-survivors",0.25,0.242424242424242,0.835858585858586
"non-survivors",0.625,0.5,0.625
"non-survivors",1,0.25,0.583333333333333
"non-survivors",1,0.515151515151515,0.494949494949495
"non-survivors",0.875,0.416666666666667,0.5125
"non-survivors",0.625,0.416666666666667,0.652777777777778
"non-survivors",0,0,1
"non-survivors",0.75,0.0666666666666667,0.727777777777778
"non-survivors",0,0.0833333333333333,0.972222222222222
"non-survivors",0,0.166666666666667,0.944444444444444
"non-survivors",0,0.111111111111111,0.962962962962963
"non-survivors",0.875,0.166666666666667,0.652777777777778
"non-survivors",0.625,0.242424242424242,0.710858585858586
"non-survivors",0,0.5,0.833333333333333
"non-survivors",0,0.583333333333333,0.805555555555556
"non-survivors",0.625,0.916666666666667,0.486111111111111
"non-survivors",1,0.333333333333333,0.555555555555556
"non-survivors",0.625,0.25,0.708333333333333
"non-survivors",0.5,0.333333333333333,0.722222222222222
"non-survivors",0.375,0.212121212121212,0.804292929292929
"non-survivors",0.75,0.333333333333333,0.638888888888889
"non-survivors",0.625,0.333333333333333,0.680555555555556
"non-survivors",0.25,0.166666666666667,0.861111111111111
"non-survivors",0.875,0.272727272727273,0.555681818181818
"non-survivors",0.375,0.166666666666667,0.819444444444444
"non-survivors",1,0.272727272727273,0.575757575757576
"non-survivors",0.875,0.583333333333333,0.513888888888889
"non-survivors",0.5,0.266666666666667,0.744444444444444
"non-survivors",0.375,0.416666666666667,0.736111111111111
"non-survivors",0.75,0.166666666666667,0.694444444444444
"non-survivors",0,0.166666666666667,0.944444444444444
"non-survivors",1,0.0833333333333333,0.638888888888889
"non-survivors",0,0.583333333333333,0.805555555555556
"non-survivors",0,0.25,0.916666666666667
"non-survivors",0.75,0.416666666666667,0.611111111111111
"non-survivors",0.75,0.416666666666667,0.611111111111111
"non-survivors",1,0.416666666666667,0.527777777777778
"non-survivors",1,0.75,0.416666666666667
"non-survivors",1,0.666666666666667,0.444444444444444
"non-survivors",0,0.25,0.916666666666667
"non-survivors",0,0.0833333333333333,0.972222222222222
"non-survivors",0.875,0.583333333333333,0.513888888888889
"non-survivors",0.375,0.333333333333333,0.763888888888889
"non-survivors",0,0.166666666666667,0.944444444444444
"non-survivors",0,0.0833333333333333,0.972222222222222
"non-survivors",0.25,0.5,0.75
"non-survivors",0,0.5,0.833333333333333
"non-survivors",0,0.75,0.75
"non-survivors",0,0.333333333333333,0.888888888888889
"non-survivors",0.125,0.0833333333333333,0.930555555555556
"non-survivors",0,0.333333333333333,0.888888888888889
"non-survivors",0,0.166666666666667,0.944444444444444
"non-survivors",0.125,0.25,0.875
"non-survivors",0.375,0.166666666666667,0.819444444444444
"non-survivors",0.5,0.5,0.666666666666667
"non-survivors",0.125,0.25,0.875
"non-survivors",0,0.166666666666667,0.944444444444444
"non-survivors",0,0.25,0.916666666666667
"non-survivors",0.875,0.333333333333333,0.597222222222222
"non-survivors",0.625,0.25,0.708333333333333
"non-survivors",1,0.5,0.5
"non-survivors",0,0.666666666666667,0.777777777777778
"non-survivors",0.125,0.5,0.791666666666667
"non-survivors",0,0.166666666666667,0.944444444444444
"non-survivors",0,0.416666666666667,0.861111111111111
"non-survivors",0.75,0.333333333333333,0.638888888888889
"non-survivors",0.75,0.333333333333333,0.638888888888889
"non-survivors",0.5,0.333333333333333,0.722222222222222
"non-survivors",0.25,0.25,0.833333333333333
"non-survivors",0.75,0.416666666666667,0.611111111111111
"non-survivors",0.375,0.222222222222222,0.800925925925926
"non-survivors",0.625,0.166666666666667,0.736111111111111
"non-survivors",0.75,0.5,0.583333333333333
"non-survivors",0.375,0.75,0.625
"non-survivors",1,0.333333333333333,0.555555555555556
"non-survivors",1,0.181818181818182,0.606060606060606
"non-survivors",0,0,1
"non-survivors",1,0.166666666666667,0.611111111111111
"non-survivors",1,0.25,0.583333333333333
"non-survivors",0.375,0.25,0.791666666666667
"non-survivors",0.5,0.416666666666667,0.694444444444444
"non-survivors",0,0.25,0.916666666666667
"non-survivors",0.375,0.424242424242424,0.733585858585859
"non-survivors",1,0.25,0.583333333333333
"non-survivors",0.25,0,0.916666666666667
"non-survivors",1,0.0833333333333333,0.638888888888889
"non-survivors",0.125,0,0.958333333333333
"non-survivors",0.125,0.166666666666667,0.902777777777778
"non-survivors",0,0.25,0.916666666666667
"non-survivors",0.875,0.416666666666667,0.569444444444444
"non-survivors",0.5,0.111111111111111,0.796296296296296
"non-survivors",0.75,0.583333333333333,0.555555555555556
"non-survivors",0,0,1
"non-survivors",0,0.0833333333333333,0.972222222222222
"non-survivors",0,0,1
"non-survivors",0.25,0.5,0.75
"non-survivors",0,0.166666666666667,0.944444444444444
"non-survivors",0.125,0.242424242424242,0.877525252525252
"non-survivors",0.5,0.666666666666667,0.611111111111111
"non-survivors",0.5,0.166666666666667,0.7
"non-survivors",0,0,1
"non-survivors",0.875,0.583333333333333,0.513888888888889
"non-survivors",0,0.5,0.833333333333333
"non-survivors",0,0.583333333333333,0.805555555555556
"non-survivors",0,0.0833333333333333,0.972222222222222
"non-survivors",0.625,0.166666666666667,0.736111111111111
"non-survivors",0.75,0.166666666666667,0.694444444444444
"non-survivors",0.875,0.25,0.5625
"non-survivors",0,0.037037037037037,0.987654320987654
"non-survivors",0,0.0833333333333333,0.972222222222222
"non-survivors",0.75,0.222222222222222,0.675925925925926
"non-survivors",0.25,0.583333333333333,0.722222222222222
"non-survivors",0.75,0.583333333333333,0.555555555555556
"non-survivors",0.375,0.25,0.791666666666667
"non-survivors",0.5,0.272727272727273,0.742424242424242
"non-survivors",0.375,0,0.875
"non-survivors",0,0,1
"non-survivors",0.25,0,0.916666666666667
"non-survivors",0.5,0.166666666666667,0.777777777777778
"non-survivors",0.5,0.416666666666667,0.694444444444444
"non-survivors",0.5,0.575757575757576,0.641414141414141
"non-survivors",0.125,0.25,0.875
"non-survivors",0.75,0.416666666666667,0.611111111111111
"non-survivors",0.375,0.5,0.708333333333333
"non-survivors",0.125,0.416666666666667,0.819444444444444
"non-survivors",0.125,0.0833333333333333,0.8375
"non-survivors",0.5,0.5,0.666666666666667
"non-survivors",0.25,0.0833333333333333,0.888888888888889
"non-survivors",0.125,0.222222222222222,0.884259259259259
"non-survivors",0.875,0.266666666666667,0.619444444444444
"non-survivors",0,0.0833333333333333,0.972222222222222
"non-survivors",0.75,0.25,0.6
"non-survivors",0.25,0.416666666666667,0.777777777777778
"non-survivors",0,0,1
"non-survivors",0.75,0,0.75
"non-survivors",0,0.0833333333333333,0.972222222222222
"non-survivors",0.625,0.25,0.708333333333333
"non-survivors",0.5,1,0.5
"non-survivors",0.625,0.444444444444444,0.643518518518518
"non-survivors",0.375,0.0833333333333333,0.847222222222222
"non-survivors",0.25,0.5,0.75
"non-survivors",1,0.151515151515152,0.616161616161616
"non-survivors",1,0.666666666666667,0.444444444444444
"non-survivors",1,0.416666666666667,0.527777777777778
"non-survivors",0.875,0.583333333333333,0.513888888888889
"non-survivors",0.5,0.303030303030303,0.732323232323232
"non-survivors",0,0.0833333333333333,0.972222222222222
"non-survivors",0,0.416666666666667,0.861111111111111
"non-survivors",0,0.666666666666667,0.777777777777778
"non-survivors",0.5,0.333333333333333,0.722222222222222
"non-survivors",0.625,0.5,0.625
"non-survivors",0.375,0.5,0.708333333333333
"non-survivors",0.625,0.151515151515152,0.741161616161616
"non-survivors",0.25,0.166666666666667,0.861111111111111
"non-survivors",0.375,0.25,0.791666666666667
"non-survivors",0.875,0.5,0.541666666666667
"non-survivors",0.75,0.666666666666667,0.527777777777778
"non-survivors",1,0.5,0.5
"non-survivors",0.375,0.25,0.791666666666667
"non-survivors",0,0.0833333333333333,0.972222222222222
"non-survivors",0,0.0833333333333333,0.972222222222222
"non-survivors",0.5,0.166666666666667,0.777777777777778
"non-survivors",0,0.25,0.916666666666667
"non-survivors",0.75,0.666666666666667,0.527777777777778
"non-survivors",0.75,0.583333333333333,0.555555555555556
"non-survivors",0.5,0.75,0.525
"non-survivors",0.75,0.416666666666667,0.611111111111111
"non-survivors",1,0.5,0.5
"non-survivors",0.875,0.666666666666667,0.486111111111111
"non-survivors",1,0.5,0.5
"non-survivors",0,0.25,0.916666666666667
"non-survivors",0,0,1
"non-survivors",1,0.583333333333333,0.472222222222222
"non-survivors",0.625,0.555555555555556,0.606481481481482
"non-survivors",0.625,0.916666666666667,0.486111111111111
"non-survivors",0.125,0,0.958333333333333
"non-survivors",0,0.583333333333333,0.805555555555556
"non-survivors",0,0.333333333333333,0.888888888888889
"non-survivors",0.125,0.583333333333333,0.763888888888889
"non-survivors",0.5,0,0.833333333333333
"non-survivors",0,0.5,0.833333333333333
"non-survivors",0.75,0.5,0.583333333333333
"non-survivors",0,0.333333333333333,0.888888888888889
"non-survivors",0.25,0.222222222222222,0.842592592592593
"non-survivors",1,0.583333333333333,0.472222222222222
"non-survivors",0,0.25,0.916666666666667
"non-survivors",0.75,0.166666666666667,0.694444444444444
"non-survivors",0.875,0.333333333333333,0.597222222222222
"non-survivors",0.75,0.166666666666667,0.694444444444444
"non-survivors",0.125,0.416666666666667,0.819444444444444
"non-survivors",0.625,0.5,0.625
"non-survivors",0.25,0.25,0.833333333333333
"non-survivors",1,0.666666666666667,0.444444444444444
"non-survivors",0.25,0.416666666666667,0.777777777777778
"non-survivors",0.875,0.5,0.541666666666667
"non-survivors",1,0.333333333333333,0.555555555555556
"non-survivors",0.125,0.333333333333333,0.847222222222222
"non-survivors",0.875,0.25,0.625
"non-survivors",0,0.416666666666667,0.775
"non-survivors",0.875,0.416666666666667,0.569444444444444
"non-survivors",0.75,0.333333333333333,0.638888888888889
"non-survivors",0.875,0.75,0.458333333333333
"non-survivors",0.125,0.333333333333333,0.847222222222222
"non-survivors",0.375,0.416666666666667,0.736111111111111
"non-survivors",0.375,0.416666666666667,0.736111111111111
"non-survivors",0,0.416666666666667,0.861111111111111
"non-survivors",0.25,0.666666666666667,0.694444444444444
"non-survivors",0.125,0.5,0.791666666666667
"non-survivors",1,0.333333333333333,0.555555555555556
"non-survivors",0.5,0.333333333333333,0.722222222222222
"non-survivors",0.125,0.303030303030303,0.857323232323232
"non-survivors",0.75,0.181818181818182,0.689393939393939
"non-survivors",0.875,0.25,0.625
"non-survivors",0.875,0.25,0.625
"non-survivors",0.375,0.583333333333333,0.680555555555556
"non-survivors",1,0.25,0.583333333333333
"non-survivors",1,0.166666666666667,0.611111111111111
"non-survivors",0.75,0.25,0.666666666666667
"non-survivors",0.75,0.5,0.583333333333333
"non-survivors",0.5,0.416666666666667,0.694444444444444
"non-survivors",0.25,0.25,0.833333333333333
"non-survivors",0.25,0.333333333333333,0.805555555555556
"non-survivors",0.75,0.75,0.5
"non-survivors",0.125,0.25,0.875
"non-survivors",0.25,0.166666666666667,0.861111111111111
"non-survivors",0.125,0.583333333333333,0.763888888888889
"non-survivors",0.25,0.25,0.833333333333333
"non-survivors",0.125,0.25,0.7875
"non-survivors",1,0.266666666666667,0.577777777777778
"non-survivors",1,0.333333333333333,0.555555555555556
"non-survivors",1,0.333333333333333,0.555555555555556
"non-survivors",0.75,0.25,0.666666666666667
"non-survivors",0.375,0.333333333333333,0.763888888888889
"non-survivors",1,0.416666666666667,0.527777777777778
"non-survivors",0,0.0833333333333333,0.972222222222222
"non-survivors",0.875,0.416666666666667,0.569444444444444
"non-survivors",0.625,0.0833333333333333,0.763888888888889
"non-survivors",0.125,0.333333333333333,0.847222222222222
"non-survivors",0.875,0.25,0.625
"non-survivors",1,0.166666666666667,0.611111111111111
"non-survivors",0,0.166666666666667,0.944444444444444
"non-survivors",0.625,0.583333333333333,0.5375
"non-survivors",0.875,0.151515151515152,0.657828282828283
"non-survivors",0.875,0.5,0.541666666666667
"non-survivors",0.125,0.25,0.875
"non-survivors",0.125,0.416666666666667,0.819444444444444
"non-survivors",0,0.416666666666667,0.861111111111111
"non-survivors",0,0.0833333333333333,0.972222222222222
"non-survivors",0.75,0.212121212121212,0.679292929292929
"non-survivors",0.875,0.666666666666667,0.486111111111111
"non-survivors",0.625,1,0.458333333333333
"non-survivors",1,0.5,0.5
"non-survivors",0.75,0.5,0.583333333333333
"non-survivors",0.375,0.166666666666667,0.819444444444444
"non-survivors",0.375,0.25,0.791666666666667
"non-survivors",0.75,0.5,0.583333333333333
"non-survivors",0.875,0.583333333333333,0.513888888888889
"non-survivors",1,0.416666666666667,0.527777777777778
"non-survivors",1,0.242424242424242,0.585858585858586
"non-survivors",0.125,0.583333333333333,0.763888888888889
"non-survivors",0,0.5,0.833333333333333
"non-survivors",0,0.0606060606060606,0.97979797979798
"non-survivors",0,0.583333333333333,0.805555555555556
"non-survivors",0.625,0.5,0.625
"non-survivors",0.875,0.166666666666667,0.652777777777778
"non-survivors",0.5,0.25,0.75
"non-survivors",0.5,0.583333333333333,0.638888888888889
"non-survivors",0.125,0.333333333333333,0.847222222222222
"non-survivors",0.75,0.121212121212121,0.70959595959596
"non-survivors",0,0.166666666666667,0.944444444444444
"non-survivors",0.5,0.416666666666667,0.694444444444444
"non-survivors",0.125,0.25,0.875
"non-survivors",0.25,0.583333333333333,0.722222222222222
"non-survivors",0.375,0.416666666666667,0.736111111111111
"non-survivors",0.125,0.0833333333333333,0.930555555555556
"non-survivors",0,0.166666666666667,0.944444444444444
"non-survivors",0.875,0.416666666666667,0.569444444444444
"non-survivors",0,0,1
"non-survivors",0,0.0833333333333333,0.972222222222222
"non-survivors",0,0.166666666666667,0.944444444444444
"non-survivors",0,0.25,0.825
"non-survivors",0.25,0.333333333333333,0.805555555555556
"non-survivors",0.25,0.333333333333333,0.805555555555556
"non-survivors",0,0.416666666666667,0.861111111111111
"non-survivors",0.375,0.416666666666667,0.736111111111111
"non-survivors",0.375,0.166666666666667,0.819444444444444
"non-survivors",0,0.25,0.916666666666667
"non-survivors",0,0.555555555555556,0.814814814814815
"non-survivors",0.75,0.166666666666667,0.694444444444444
"non-survivors",0,0,1
"non-survivors",0.375,0.166666666666667,0.819444444444444
"non-survivors",0.125,0,0.958333333333333
"non-survivors",0.5,0.166666666666667,0.777777777777778
"non-survivors",0.875,0,0.6375
"non-survivors",0.875,0.5,0.541666666666667
"non-survivors",0,0.166666666666667,0.944444444444444
"non-survivors",0,0.0833333333333333,0.972222222222222
"non-survivors",0,0.166666666666667,0.944444444444444
"non-survivors",0,0.25,0.916666666666667
"non-survivors",0,0.25,0.916666666666667
"non-survivors",0,0.5,0.833333333333333
"non-survivors",0.75,0.25,0.666666666666667
"non-survivors",0,0.166666666666667,0.944444444444444
"non-survivors",0.75,0.666666666666667,0.527777777777778
"non-survivors",0,0.416666666666667,0.861111111111111
"non-survivors",0,0.333333333333333,0.888888888888889
"non-survivors",0,0.166666666666667,0.944444444444444
"non-survivors",0,0.583333333333333,0.805555555555556
"non-survivors",0,0.333333333333333,0.888888888888889
"non-survivors",0.75,0.166666666666667,0.694444444444444
"non-survivors",1,0.416666666666667,0.527777777777778
"non-survivors",0.875,0.5,0.541666666666667
"non-survivors",0,0.333333333333333,0.888888888888889
"non-survivors",0.5,0.5,0.666666666666667
"non-survivors",0.875,0.5,0.541666666666667
"non-survivors",0,0,1
"non-survivors",0.875,0.5,0.541666666666667
"non-survivors",0.375,0.666666666666667,0.652777777777778
"non-survivors",0,0.25,0.916666666666667
"non-survivors",0.125,0.333333333333333,0.847222222222222
"non-survivors",0.375,0.25,0.791666666666667
"non-survivors",0.875,0.0833333333333333,0.680555555555556
"non-survivors",1,0.242424242424242,0.585858585858586
"non-survivors",1,0.242424242424242,0.527272727272727
"non-survivors",0.125,0.5,0.791666666666667
"non-survivors",0.75,0.303030303030303,0.648989898989899
"non-survivors",0,0.166666666666667,0.944444444444444
"non-survivors",0,0.833333333333333,0.722222222222222
"non-survivors",0,0.333333333333333,0.888888888888889
"non-survivors",0,0.111111111111111,0.962962962962963
"non-survivors",0.125,0.0833333333333333,0.930555555555556
"non-survivors",0.375,0.333333333333333,0.763888888888889
"non-survivors",0.75,0.222222222222222,0.608333333333333
"non-survivors",0,0.0833333333333333,0.972222222222222
"non-survivors",0.5,0.416666666666667,0.694444444444444
"non-survivors",0,0.5,0.833333333333333
"non-survivors",0.5,0.333333333333333,0.722222222222222
"non-survivors",0,0.333333333333333,0.8
"non-survivors",0.875,0.833333333333333,0.430555555555556
"non-survivors",0.375,0.777777777777778,0.615740740740741
"non-survivors",0.375,0.333333333333333,0.763888888888889
"non-survivors",1,0.0833333333333333,0.638888888888889
"non-survivors",0.375,0.222222222222222,0.800925925925926
"non-survivors",0.625,0.666666666666667,0.569444444444444
"non-survivors",0.75,0.333333333333333,0.638888888888889
"non-survivors",0.625,0.0666666666666667,0.769444444444444
"non-survivors",0,0.111111111111111,0.962962962962963
"non-survivors",1,0.166666666666667,0.611111111111111
"non-survivors",0.875,0.166666666666667,0.652777777777778
"non-survivors",0,0.166666666666667,0.944444444444444
"non-survivors",0,0.555555555555556,0.814814814814815
"non-survivors",0.625,0.0833333333333333,0.763888888888889
"non-survivors",0,0.25,0.916666666666667
"non-survivors",0.125,0.416666666666667,0.819444444444444
"non-survivors",0.25,0.5,0.675
"non-survivors",1,0.444444444444444,0.466666666666667
"non-survivors",1,0.444444444444444,0.518518518518518
"non-survivors",0.375,0.222222222222222,0.800925925925926
"non-survivors",1,0.25,0.583333333333333
"non-survivors",0.875,0.666666666666667,0.486111111111111
"non-survivors",1,0,0.666666666666667
"non-survivors",0.875,0.416666666666667,0.5125
"non-survivors",0.375,0.25,0.791666666666667
"non-survivors",1,0.0333333333333333,0.59
"non-survivors",0.5,0,0.833333333333333
"non-survivors",1,0.222222222222222,0.592592592592593
"non-survivors",0,0.25,0.916666666666667
"non-survivors",0.5,0.333333333333333,0.722222222222222
"non-survivors",1,0.3,0.566666666666667
"non-survivors",0,0.25,0.916666666666667
"non-survivors",0,1,0.666666666666667
"non-survivors",0,0.166666666666667,0.944444444444444
"non-survivors",0.375,0.333333333333333,0.763888888888889
"non-survivors",0.25,0.333333333333333,0.805555555555556
"non-survivors",0,0.583333333333333,0.805555555555556
"non-survivors",0.5,0.333333333333333,0.722222222222222
"non-survivors",0,0.5,0.833333333333333
"non-survivors",1,0.5,0.5
"non-survivors",0,0.25,0.916666666666667
"non-survivors",0,0.25,0.916666666666667
"non-survivors",0,0,1
"non-survivors",0.125,0.444444444444444,0.810185185185185
"non-survivors",0,0.111111111111111,0.962962962962963
"non-survivors",0.125,0.111111111111111,0.921296296296296
"non-survivors",1,0.166666666666667,0.611111111111111
"non-survivors",0,0.5,0.833333333333333
"non-survivors",0,0.333333333333333,0.888888888888889
"non-survivors",0,0.25,0.916666666666667
"non-survivors",1,0.25,0.583333333333333
"non-survivors",0,0.444444444444444,0.766666666666667
"non-survivors",0,0.583333333333333,0.805555555555556
"non-survivors",0.125,NA,0.9375
"non-survivors",0.375,0.333333333333333,0.763888888888889
"non-survivors",0.125,0.333333333333333,0.847222222222222
"non-survivors",0,0.25,0.916666666666667
"non-survivors",0,0.416666666666667,0.861111111111111
"non-survivors",0.875,0.333333333333333,0.597222222222222
"non-survivors",0.5,0.166666666666667,0.777777777777778
"non-survivors",0,0.5,0.75
"non-survivors",0.25,0.333333333333333,0.805555555555556
"non-survivors",0.75,0.111111111111111,0.712962962962963
"non-survivors",0.125,0.75,0.6375
"non-survivors",0,0.166666666666667,0.944444444444444
"non-survivors",0.125,0.25,0.875
"non-survivors",0,0.666666666666667,0.7
"non-survivors",0,0.333333333333333,0.888888888888889
"non-survivors",0.125,0.25,0.875
"non-survivors",0.625,0.222222222222222,0.717592592592593
"non-survivors",0,0.333333333333333,0.888888888888889
"non-survivors",0,0.222222222222222,0.925925925925926
"non-survivors",0,0.25,0.916666666666667
"non-survivors",0,0.185185185185185,0.938271604938272
"non-survivors",0.125,0.25,0.875
"non-survivors",0.625,0.5,0.625
"non-survivors",0,0.416666666666667,0.861111111111111
"non-survivors",0,0.333333333333333,0.888888888888889
"non-survivors",0,0.5,0.833333333333333
"non-survivors",0,0.166666666666667,0.944444444444444
"non-survivors",0.25,0.25,0.833333333333333
"non-survivors",0.25,0.242424242424242,0.835858585858586
"non-survivors",0.875,0.25,0.5625
"non-survivors",0.625,0.222222222222222,0.717592592592593
"non-survivors",0.125,0.5,0.791666666666667
"non-survivors",0.125,0.333333333333333,0.847222222222222
"non-survivors",0.5,0.333333333333333,0.722222222222222
"non-survivors",0.375,0.222222222222222,0.800925925925926
"non-survivors",0.625,0.916666666666667,0.4375
"non-survivors",0.25,0.583333333333333,0.722222222222222
"non-survivors",0.625,0.583333333333333,0.5375
"non-survivors",0,0.666666666666667,0.777777777777778
"non-survivors",0.75,0.833333333333333,0.425
"non-survivors",0.75,0.0833333333333333,0.65
"non-survivors",0.5,0.333333333333333,0.722222222222222
"non-survivors",0,0.555555555555556,0.814814814814815
"non-survivors",0.625,0,0.791666666666667
"non-survivors",0.125,0.583333333333333,0.763888888888889
"non-survivors",0.25,0.0833333333333333,0.888888888888889
"non-survivors",0,0.166666666666667,0.944444444444444
"non-survivors",0.375,0.333333333333333,0.763888888888889
"non-survivors",0,0.333333333333333,0.888888888888889
"non-survivors",0.25,0.5,0.75
"non-survivors",0,0,1
"non-survivors",0.375,0.212121212121212,0.804292929292929
"non-survivors",0.25,0.666666666666667,0.625
"non-survivors",0.25,0.333333333333333,0.805555555555556
"non-survivors",0,0.666666666666667,0.777777777777778
"non-survivors",0.125,0.666666666666667,0.736111111111111
"non-survivors",0.25,0.777777777777778,0.657407407407407
"non-survivors",0,0.333333333333333,0.888888888888889
"non-survivors",1,0.333333333333333,0.555555555555556
"non-survivors",0,0.444444444444444,0.851851851851852
"non-survivors",0,0.333333333333333,0.888888888888889
"non-survivors",0.5,0.25,0.75
"non-survivors",0.5,0.25,0.75
"non-survivors",0.25,0.0833333333333333,0.8
"non-survivors",0.625,0.222222222222222,0.717592592592593
"non-survivors",0,0.333333333333333,0.888888888888889
"non-survivors",0.75,0.25,0.666666666666667
"non-survivors",0.375,0.166666666666667,0.819444444444444
"non-survivors",0.375,0.166666666666667,0.7375
"non-survivors",0,0.416666666666667,0.861111111111111
"non-survivors",0.5,0.333333333333333,0.722222222222222
"non-survivors",0.125,0.25,0.875
"non-survivors",0.75,0.111111111111111,0.641666666666667
"non-survivors",0.875,0.533333333333333,0.530555555555556
"non-survivors",0.375,0.333333333333333,0.763888888888889
"non-survivors",0.875,0.166666666666667,0.652777777777778
"non-survivors",0.625,0.416666666666667,0.652777777777778
"non-survivors",1,0.25,0.583333333333333
"non-survivors",0.25,0,0.916666666666667
"non-survivors",0.25,0.181818181818182,0.856060606060606
"non-survivors",1,0.0833333333333333,0.638888888888889
"non-survivors",1,0.363636363636364,0.545454545454545
"non-survivors",0.375,0.333333333333333,0.763888888888889
"non-survivors",1,0.333333333333333,0.5
"non-survivors",0.125,0.583333333333333,0.763888888888889
"non-survivors",0,0.333333333333333,0.888888888888889
"non-survivors",0.25,0.666666666666667,0.694444444444444
"non-survivors",0.75,0.333333333333333,0.638888888888889
"non-survivors",0.875,0.111111111111111,0.671296296296296
"non-survivors",0,0.222222222222222,0.925925925925926
"non-survivors",0,0.25,0.916666666666667
"non-survivors",0,0.25,0.916666666666667
"non-survivors",0.5,0.0833333333333333,0.805555555555556
"non-survivors",0.25,0.25,0.833333333333333
"non-survivors",0,0.333333333333333,0.8
"non-survivors",0,0.416666666666667,0.861111111111111
"non-survivors",0,0.111111111111111,0.962962962962963
"non-survivors",0,0.0909090909090909,0.872727272727273
"non-survivors",0.375,0.166666666666667,0.819444444444444
"non-survivors",0,0.5,0.833333333333333
"non-survivors",0.5,0.583333333333333,0.638888888888889
"non-survivors",0,0.416666666666667,0.861111111111111
"non-survivors",0,0.583333333333333,0.725
"non-survivors",0,0.333333333333333,0.888888888888889
"non-survivors",0.125,0.166666666666667,0.8125
"non-survivors",0,0.666666666666667,0.777777777777778
"non-survivors",0.75,0.555555555555556,0.508333333333333
"non-survivors",0.875,0.777777777777778,0.404166666666667
"non-survivors",0.125,0.333333333333333,0.7625
"non-survivors",0,0.5,0.833333333333333
"non-survivors",0,0.0833333333333333,0.972222222222222
"non-survivors",0,0.583333333333333,0.725
"non-survivors",0.875,0.121212121212121,0.667929292929293
"non-survivors",0,0,1
"non-survivors",1,0,0.666666666666667
"non-survivors",1,0.0909090909090909,0.636363636363636
"non-survivors",0.25,0.222222222222222,0.842592592592593
"non-survivors",0.5,0,0.833333333333333
"non-survivors",0.5,0.166666666666667,0.777777777777778
"non-survivors",0.5,0.333333333333333,0.722222222222222
"non-survivors",0.375,0.416666666666667,0.736111111111111
"non-survivors",1,0.166666666666667,0.611111111111111
"non-survivors",1,0.25,0.525
"non-survivors",0.25,0.916666666666667,0.55
"non-survivors",0.125,0.0666666666666667,0.936111111111111
"non-survivors",0.875,0.166666666666667,0.652777777777778
"non-survivors",0,0.222222222222222,0.925925925925926
"non-survivors",0,0.333333333333333,0.888888888888889
"non-survivors",0.875,0.333333333333333,0.5375
"non-survivors",0.625,0.333333333333333,0.6125
"non-survivors",0,0.333333333333333,0.888888888888889
"non-survivors",0.375,0.333333333333333,0.763888888888889
"non-survivors",0.75,0.5,0.583333333333333
"non-survivors",0.625,0.0833333333333333,0.763888888888889
"non-survivors",0,0.166666666666667,0.85
"non-survivors",0.125,0.166666666666667,0.8125
"non-survivors",0.5,0.583333333333333,0.575
"non-survivors",0.375,0.166666666666667,0.7375
"non-survivors",0.125,0.222222222222222,0.795833333333333
"non-survivors",0,0.25,0.916666666666667
"non-survivors",0,0.25,0.916666666666667
"non-survivors",0.375,0.333333333333333,0.763888888888889
"non-survivors",0.75,0.416666666666667,0.611111111111111
"non-survivors",0.125,0.666666666666667,0.736111111111111
"non-survivors",0.625,0.333333333333333,0.6125
"non-survivors",0.625,0.666666666666667,0.5125
"non-survivors",1,0.416666666666667,0.527777777777778
"non-survivors",0.625,0.416666666666667,0.652777777777778
"non-survivors",0.625,0.416666666666667,0.652777777777778
"non-survivors",0.625,0.416666666666667,0.652777777777778
"non-survivors",0.375,0.5,0.708333333333333
"non-survivors",0,0.166666666666667,0.944444444444444
"non-survivors",0.875,0.222222222222222,0.634259259259259
"non-survivors",0.625,0.25,0.708333333333333
"non-survivors",0,0.666666666666667,0.777777777777778
"non-survivors",0,0.0833333333333333,0.972222222222222
"non-survivors",0.75,0.166666666666667,0.694444444444444
"non-survivors",0.875,0.333333333333333,0.597222222222222
"non-survivors",1,0.25,0.583333333333333
"non-survivors",0.75,0.166666666666667,0.694444444444444
"non-survivors",0.125,0.5,0.791666666666667
"non-survivors",0,0.5,0.833333333333333
"non-survivors",0.125,0.5,0.791666666666667
"non-survivors",0,0.0833333333333333,0.972222222222222
"non-survivors",1,0.75,0.416666666666667
"non-survivors",0.5,0.333333333333333,0.722222222222222
"non-survivors",1,0.416666666666667,0.527777777777778
"non-survivors",1,0.333333333333333,0.555555555555556
"non-survivors",1,0.5,0.5
"non-survivors",1,0.333333333333333,0.555555555555556
"non-survivors",0.625,0.333333333333333,0.680555555555556
"non-survivors",0.5,0.166666666666667,0.777777777777778
"non-survivors",0,0.25,0.916666666666667
"non-survivors",0.625,0.416666666666667,0.652777777777778
"non-survivors",1,0.416666666666667,0.527777777777778
"non-survivors",0.375,0.416666666666667,0.736111111111111
"non-survivors",1,0.151515151515152,0.554545454545455
"non-survivors",0,0.5,0.75
"non-survivors",0.375,0.333333333333333,0.763888888888889
"non-survivors",0,0.5,0.75
"non-survivors",0.625,0.5,0.625
"non-survivors",0.875,0.333333333333333,0.597222222222222
"non-survivors",0.625,0.583333333333333,0.597222222222222
"non-survivors",0,0.5,0.833333333333333
"non-survivors",0.375,0.333333333333333,0.763888888888889
"non-survivors",0.5,0.75,0.525
"non-survivors",1,0.666666666666667,0.4
"non-survivors",0,0.25,0.916666666666667
"non-survivors",0.25,0.333333333333333,0.805555555555556
"non-survivors",0.125,0.25,0.875
"non-survivors",0,0.25,0.916666666666667
"non-survivors",0,0.25,0.916666666666667
"non-survivors",0,0.333333333333333,0.888888888888889
"non-survivors",0,0.333333333333333,0.888888888888889
"non-survivors",0,0.4,0.866666666666667
"non-survivors",0.375,0.416666666666667,0.736111111111111
"non-survivors",0.125,0.333333333333333,0.847222222222222
"non-survivors",0.375,0.333333333333333,0.763888888888889
"non-survivors",0.875,0.333333333333333,0.5375
"non-survivors",0,0.166666666666667,0.944444444444444
"non-survivors",0.375,0.666666666666667,0.5875
"non-survivors",0,0.416666666666667,0.861111111111111
"non-survivors",0.125,0.416666666666667,0.7375
"non-survivors",0.375,0.583333333333333,0.6125
"non-survivors",0.875,0.166666666666667,0.5875
"non-survivors",0,0.5,0.833333333333333
"non-survivors",0.75,0.75,0.5
"non-survivors",0.625,0.666666666666667,0.569444444444444
"non-survivors",0,0.222222222222222,0.925925925925926
"non-survivors",0.125,0.25,0.875
"non-survivors",0,1,0.6
"non-survivors",0.625,0.25,0.708333333333333
"non-survivors",0.875,0.777777777777778,0.449074074074074
"non-survivors",0.875,0.416666666666667,0.569444444444444
"non-survivors",1,0.333333333333333,0.555555555555556
"non-survivors",1,0.272727272727273,0.575757575757576
"non-survivors",0.875,0.444444444444444,0.560185185185185
"non-survivors",0.875,0.416666666666667,0.569444444444444
"non-survivors",0.625,0.666666666666667,0.569444444444444
"non-survivors",0.625,0.416666666666667,0.652777777777778
"non-survivors",0,0.166666666666667,0.944444444444444
"non-survivors",0,0.333333333333333,0.888888888888889
"non-survivors",0,0.242424242424242,0.919191919191919
"non-survivors",0,0.166666666666667,0.944444444444444
"non-survivors",0.75,0.5,0.583333333333333
"non-survivors",1,0.916666666666667,0.325
"non-survivors",0.375,0.111111111111111,0.837962962962963
"non-survivors",1,0.444444444444444,0.466666666666667
"non-survivors",0.875,0.333333333333333,0.597222222222222
"non-survivors",0.125,0.333333333333333,0.847222222222222
"non-survivors",0,0.416666666666667,0.861111111111111
"non-survivors",1,0.454545454545455,0.515151515151515
"non-survivors",0,0.166666666666667,0.944444444444444
"non-survivors",1,0.833333333333333,0.388888888888889
"non-survivors",0.125,0.424242424242424,0.735227272727273
"non-survivors",1,0.166666666666667,0.55
"non-survivors",0,0.5,0.75
"non-survivors",0.625,0.25,0.708333333333333
"non-survivors",0.25,0.166666666666667,0.775
"non-survivors",0.875,0.333333333333333,0.597222222222222
"non-survivors",0,0.5,0.75
"non-survivors",0.875,0.166666666666667,0.652777777777778
"non-survivors",0.75,0.222222222222222,0.675925925925926
"non-survivors",1,0.25,0.583333333333333
"non-survivors",0.375,0.25,0.791666666666667
"non-survivors",0,0,1
"non-survivors",0.875,0.166666666666667,0.652777777777778
"non-survivors",0,0.777777777777778,0.740740740740741
"non-survivors",0.125,0.333333333333333,0.847222222222222
"non-survivors",0.5,0.333333333333333,0.722222222222222
"non-survivors",1,0.444444444444444,0.518518518518518
"non-survivors",0.125,0.166666666666667,0.902777777777778
"non-survivors",0,0.583333333333333,0.805555555555556
"non-survivors",0,0.333333333333333,0.888888888888889
"non-survivors",0.25,0.333333333333333,0.725
"non-survivors",0,0.166666666666667,0.944444444444444
"non-survivors",0,0.5,0.833333333333333
"non-survivors",0,0.5,0.833333333333333
"non-survivors",0,0.416666666666667,0.775
"non-survivors",0,0.416666666666667,0.775
"non-survivors",0,0.5,0.75
"non-survivors",0,0.416666666666667,0.861111111111111
"non-survivors",0,0.5,0.75
"non-survivors",0,0.5,0.833333333333333
"non-survivors",0,0.75,0.75
"non-survivors",0,0.151515151515152,0.94949494949495
"non-survivors",0,0.333333333333333,0.888888888888889
"non-survivors",0.5,0.444444444444444,0.685185185185185
"non-survivors",0.75,0.416666666666667,0.611111111111111
"non-survivors",0,0.111111111111111,0.962962962962963
"non-survivors",1,0,0.666666666666667
"non-survivors",0.75,0.25,0.666666666666667
"non-survivors",0,0.25,0.916666666666667
"non-survivors",1,0.222222222222222,0.592592592592593
"non-survivors",1,0.583333333333333,0.472222222222222
"non-survivors",0,0.333333333333333,0.888888888888889
"non-survivors",0,0.166666666666667,0.944444444444444
"non-survivors",0.75,0.583333333333333,0.555555555555556
"non-survivors",0,0.333333333333333,0.888888888888889
"non-survivors",0.875,0.25,0.625
"non-survivors",1,0.25,0.583333333333333
"non-survivors",1,0.333333333333333,0.555555555555556
"non-survivors",0,0.25,0.916666666666667
"non-survivors",0,0.25,0.916666666666667
"non-survivors",0,0.25,0.916666666666667
"non-survivors",0.125,0.25,0.875
"non-survivors",0,0.222222222222222,0.925925925925926
"non-survivors",1,0.444444444444444,0.518518518518518
"non-survivors",0.25,0.222222222222222,0.842592592592593
"non-survivors",0.75,0.166666666666667,0.694444444444444
"non-survivors",0.125,0.5,0.791666666666667
"non-survivors",0.875,0.25,0.625
"non-survivors",1,0.25,0.583333333333333
"non-survivors",1,0.333333333333333,0.5
"non-survivors",0,0.333333333333333,0.888888888888889
"non-survivors",0,0.333333333333333,0.888888888888889
"non-survivors",0,0.333333333333333,0.888888888888889
"non-survivors",0,0,1
"non-survivors",0,0.666666666666667,0.7
"non-survivors",0,0.416666666666667,0.861111111111111
"non-survivors",0.25,0.5,0.75
"non-survivors",1,0.25,0.525
"non-survivors",0.625,0.444444444444444,0.579166666666667
"non-survivors",0.375,0.666666666666667,0.652777777777778
"non-survivors",0.125,0.166666666666667,0.902777777777778
"non-survivors",0,0.583333333333333,0.805555555555556
"non-survivors",0.125,0.416666666666667,0.819444444444444
"non-survivors",0,0.5,0.833333333333333
"non-survivors",0,0.333333333333333,0.888888888888889
"non-survivors",0.75,0.166666666666667,0.694444444444444
"non-survivors",0,0.333333333333333,0.888888888888889
"non-survivors",0.5,0.333333333333333,0.722222222222222
"non-survivors",0.625,0.333333333333333,0.680555555555556
"non-survivors",1,0.75,0.416666666666667
"non-survivors",0,0.166666666666667,0.944444444444444
"non-survivors",0,0.583333333333333,0.805555555555556
"non-survivors",0,0.5,0.75
"non-survivors",0,0.416666666666667,0.861111111111111
"non-survivors",0,0.5,0.833333333333333
"non-survivors",0,0.5,0.833333333333333
"non-survivors",0,0.5,0.833333333333333
"non-survivors",0,0.5,0.75
"non-survivors",0.875,0.166666666666667,0.652777777777778
"non-survivors",0,0.25,0.916666666666667
"non-survivors",0.375,0.151515151515152,0.82449494949495
"non-survivors",0.5,0.416666666666667,0.694444444444444
"non-survivors",0,0.25,0.916666666666667
"non-survivors",0.375,0.25,0.791666666666667
"non-survivors",0,0.25,0.916666666666667
"non-survivors",0.875,0.222222222222222,0.570833333333333
"non-survivors",0.875,0.666666666666667,0.486111111111111
"non-survivors",0.25,0.222222222222222,0.842592592592593
"non-survivors",0.25,0.444444444444444,0.768518518518518
"non-survivors",0.25,0.333333333333333,0.805555555555556
"non-survivors",0.875,0.25,0.5625
"non-survivors",0.75,0.0909090909090909,0.71969696969697
"non-survivors",0,0.333333333333333,0.888888888888889
"non-survivors",0,0.333333333333333,0.888888888888889
"non-survivors",0,0.333333333333333,0.888888888888889
"non-survivors",0,0.5,0.833333333333333
"non-survivors",1,0.333333333333333,0.555555555555556
"non-survivors",0.75,0.416666666666667,0.611111111111111
"non-survivors",0.625,0.416666666666667,0.652777777777778
"non-survivors",0.125,0.242424242424242,0.877525252525252
"non-survivors",0.5,0.333333333333333,0.65
"non-survivors",0,0.333333333333333,0.888888888888889
"non-survivors",0.375,0,0.875
"non-survivors",0.875,0.333333333333333,0.597222222222222
"non-survivors",0,0.333333333333333,0.888888888888889
"non-survivors",0.25,0.5,0.75
"non-survivors",0,0.5,0.833333333333333
"non-survivors",0,0.151515151515152,0.94949494949495
"non-survivors",0.625,0.333333333333333,0.680555555555556
"non-survivors",0.625,0.666666666666667,0.569444444444444
"non-survivors",0,0.333333333333333,0.8
"non-survivors",0.875,0.166666666666667,0.5875
"non-survivors",0,0.222222222222222,0.925925925925926
"non-survivors",0,0.222222222222222,0.925925925925926
"non-survivors",0.625,0.166666666666667,0.736111111111111
"non-survivors",0.875,0.222222222222222,0.634259259259259
"non-survivors",0,0.166666666666667,0.944444444444444
"non-survivors",0.125,0.25,0.875
"non-survivors",0,0.0833333333333333,0.972222222222222
"non-survivors",0,0.0833333333333333,0.972222222222222
"non-survivors",0,0.166666666666667,0.944444444444444
"non-survivors",0,0.0833333333333333,0.972222222222222
"non-survivors",0.375,0.166666666666667,0.819444444444444
"non-survivors",0,0.666666666666667,0.777777777777778
"non-survivors",0,0.25,0.916666666666667
"non-survivors",0,0.416666666666667,0.861111111111111
"non-survivors",0.625,0.25,0.708333333333333
"non-survivors",0.625,0.25,0.708333333333333
"non-survivors",0.625,0.25,0.708333333333333
"non-survivors",0,0.666666666666667,0.777777777777778
"non-survivors",0.625,0.5,0.5625
"non-survivors",0.875,0.166666666666667,0.652777777777778
"non-survivors",0,0.5,0.833333333333333
"non-survivors",0,0.222222222222222,0.925925925925926
"non-survivors",0,0.333333333333333,0.8
"non-survivors",0,0.166666666666667,0.85
"non-survivors",0.75,0.233333333333333,0.672222222222222
"non-survivors",0,0.0833333333333333,0.972222222222222
"non-survivors",0.875,0.25,0.5625
"non-survivors",0,0.416666666666667,0.775
"non-survivors",0.875,0.5,0.4875
"non-survivors",1,0.375,0.541666666666667
"non-survivors",0.125,0.333333333333333,0.7625
"non-survivors",0.75,0.133333333333333,0.705555555555556
"non-survivors",0,0.583333333333333,0.805555555555556
"non-survivors",0.875,0.242424242424242,0.564772727272727
"non-survivors",0,0.333333333333333,0.8
"non-survivors",0,0.666666666666667,0.7
"non-survivors",0.125,0.333333333333333,0.7625
"non-survivors",0.625,0.333333333333333,0.680555555555556
"non-survivors",0.875,0.166666666666667,0.652777777777778
"non-survivors",0.125,0.333333333333333,0.847222222222222
"non-survivors",0.125,0.583333333333333,0.6875
"non-survivors",0.5,0.25,0.75
"non-survivors",0,0,1
"non-survivors",0.5,0.333333333333333,0.722222222222222
"non-survivors",0.5,0.333333333333333,0.722222222222222
"non-survivors",0.75,0.25,0.666666666666667
"non-survivors",0.875,0.416666666666667,0.5125
"non-survivors",0.375,0.111111111111111,0.754166666666667
"non-survivors",0,0,1
"non-survivors",0.125,0.333333333333333,0.847222222222222
"non-survivors",0.125,0.666666666666667,0.736111111111111
"non-survivors",0.625,0.416666666666667,0.652777777777778
"non-survivors",0.625,0.666666666666667,0.569444444444444
"non-survivors",0.5,0.583333333333333,0.638888888888889
"non-survivors",0.625,0.25,0.6375
"non-survivors",0,0.333333333333333,0.888888888888889
"non-survivors",1,0.333333333333333,0.555555555555556
"non-survivors",0,0.583333333333333,0.805555555555556
"non-survivors",0,0.333333333333333,0.8
"non-survivors",0,0.583333333333333,0.805555555555556
"non-survivors",0.125,0.166666666666667,0.902777777777778
"non-survivors",0,0.416666666666667,0.861111111111111
"non-survivors",1,0.272727272727273,0.575757575757576
"non-survivors",0,0.416666666666667,0.861111111111111
"non-survivors",0.875,0.333333333333333,0.597222222222222
"non-survivors",0,0.333333333333333,0.8
"non-survivors",0.875,0.25,0.5625
"non-survivors",1,0.25,0.583333333333333
"non-survivors",0.75,0.166666666666667,0.694444444444444
"non-survivors",0,0.222222222222222,0.925925925925926
"non-survivors",0,0.333333333333333,0.888888888888889
"non-survivors",0.125,0.166666666666667,0.902777777777778
"non-survivors",0,0.222222222222222,0.925925925925926
"non-survivors",0.875,0.25,0.625
"non-survivors",0,0.333333333333333,0.8
"non-survivors",0,0.666666666666667,0.777777777777778
"non-survivors",0,0.5,0.833333333333333
"non-survivors",0.375,0.416666666666667,0.736111111111111
"non-survivors",0.125,0.416666666666667,0.7375
"non-survivors",0.375,0.25,0.791666666666667
"non-survivors",0,0.333333333333333,0.8
"non-survivors",0,0.166666666666667,0.944444444444444
"non-survivors",0,0.416666666666667,0.861111111111111
"non-survivors",0,0.166666666666667,0.944444444444444
"non-survivors",0,0.444444444444444,0.851851851851852
"non-survivors",0.125,0.25,0.875
"non-survivors",0,0.5,0.833333333333333
"non-survivors",0,0.0909090909090909,0.96969696969697
"non-survivors",0.25,0.333333333333333,0.805555555555556
"non-survivors",0,0.25,0.825
"non-survivors",0.5,0.333333333333333,0.722222222222222
"non-survivors",0,0.416666666666667,0.861111111111111
"non-survivors",0,0.416666666666667,0.861111111111111
"non-survivors",0,0.5,0.75
"non-survivors",0,0.5,0.75
"non-survivors",0.875,0.333333333333333,0.597222222222222
"non-survivors",0,0.583333333333333,0.725
"non-survivors",0.125,0.333333333333333,0.7625
"non-survivors",0,0.416666666666667,0.861111111111111
"non-survivors",0.75,0.222222222222222,0.675925925925926
"non-survivors",0.125,0.25,0.875
"non-survivors",0,0.583333333333333,0.725
"non-survivors",0.375,0.222222222222222,0.800925925925926
"non-survivors",0,0.111111111111111,0.962962962962963
"non-survivors",0,0.0833333333333333,0.972222222222222
"non-survivors",0,0.233333333333333,0.922222222222222
"non-survivors",0,0.0909090909090909,0.872727272727273
"non-survivors",0,0.333333333333333,0.8
"non-survivors",0,0.333333333333333,0.8
"non-survivors",0.5,0.416666666666667,0.625
"non-survivors",0.875,0.416666666666667,0.569444444444444
"non-survivors",1,0.416666666666667,0.527777777777778
"non-survivors",1,0.333333333333333,0.555555555555556
"non-survivors",1,0.416666666666667,0.475
"non-survivors",0.375,0.416666666666667,0.736111111111111
"non-survivors",1,0.333333333333333,0.555555555555556
"non-survivors",0.625,0.333333333333333,0.6125
"non-survivors",1,0.333333333333333,0.555555555555556
"non-survivors",0.25,0.333333333333333,0.805555555555556
"non-survivors",0.875,0.166666666666667,0.5875
"non-survivors",0,0.333333333333333,0.888888888888889
"non-survivors",0,0.166666666666667,0.944444444444444
"non-survivors",0,0.333333333333333,0.888888888888889
"non-survivors",0,0.333333333333333,0.888888888888889
"non-survivors",0.125,0.5,0.7125
"non-survivors",0.125,0.111111111111111,0.829166666666667
"non-survivors",0.625,0.555555555555556,0.606481481481482
"non-survivors",0,0.333333333333333,0.888888888888889
"non-survivors",0,0.5,0.833333333333333
"non-survivors",0.125,0.25,0.7875
"non-survivors",0.625,0.333333333333333,0.680555555555556
"non-survivors",1,0.166666666666667,0.611111111111111
"non-survivors",0.375,0.333333333333333,0.6875
"non-survivors",0,0.222222222222222,0.925925925925926
"non-survivors",0,0.333333333333333,0.888888888888889
"non-survivors",0.25,0.333333333333333,0.805555555555556
"non-survivors",0.75,0.416666666666667,0.55
"non-survivors",0.375,0.333333333333333,0.763888888888889
"non-survivors",0.75,0.333333333333333,0.638888888888889
"non-survivors",0,0.25,0.916666666666667
"non-survivors",0,0.416666666666667,0.861111111111111
"non-survivors",0.875,0.111111111111111,0.671296296296296
"non-survivors",0.875,0.25,0.625
"non-survivors",0.875,0.333333333333333,0.597222222222222
"non-survivors",0.375,0.555555555555556,0.620833333333333
"non-survivors",0.25,0.333333333333333,0.725
"non-survivors",0,0.583333333333333,0.805555555555556
"non-survivors",0.875,0.444444444444444,0.560185185185185
"non-survivors",0,0.416666666666667,0.775
"non-survivors",0,0.5,0.75
"non-survivors",0.5,0.5,0.6
"non-survivors",0,0.111111111111111,0.962962962962963
"non-survivors",0.875,0.0833333333333333,0.680555555555556
"non-survivors",0.75,0,0.75
"non-survivors",0,0.416666666666667,0.861111111111111
"non-survivors",0.5,0.583333333333333,0.638888888888889
"non-survivors",0,0.333333333333333,0.888888888888889
"non-survivors",0,0.25,0.916666666666667
"non-survivors",0.375,0.393939393939394,0.743686868686869
"non-survivors",0.25,0,0.825
"non-survivors",0.5,0.333333333333333,0.722222222222222
"non-survivors",0.75,0.25,0.666666666666667
"non-survivors",0,0.833333333333333,0.722222222222222
"non-survivors",0.25,0.25,0.833333333333333
"non-survivors",0.625,0.333333333333333,0.680555555555556
"non-survivors",0.125,0.416666666666667,0.819444444444444
"non-survivors",1,0.333333333333333,0.555555555555556
"non-survivors",0.5,0.416666666666667,0.625
"non-survivors",0.5,0.416666666666667,0.694444444444444
"non-survivors",0.625,0.25,0.6375
"non-survivors",0.25,0.166666666666667,0.861111111111111
"non-survivors",0.125,0.25,0.875
"non-survivors",0,0.416666666666667,0.861111111111111
"non-survivors",0.75,0.333333333333333,0.638888888888889
"non-survivors",0,0.444444444444444,0.851851851851852
"non-survivors",0.125,0.242424242424242,0.789772727272727
"non-survivors",0,0.583333333333333,0.725
"non-survivors",0.625,0.444444444444444,0.579166666666667
"non-survivors",0.875,0.166666666666667,0.5875
"non-survivors",0.625,0.25,0.708333333333333
"non-survivors",0.125,0.166666666666667,0.902777777777778
"non-survivors",0.875,0.25,0.625
"non-survivors",1,0.5,0.5
"non-survivors",0.375,0.166666666666667,0.7375
"non-survivors",0.25,0.416666666666667,0.777777777777778
"non-survivors",0,0.333333333333333,0.8
"non-survivors",0.25,0.333333333333333,0.805555555555556
"non-survivors",0,0.416666666666667,0.861111111111111
"non-survivors",0.125,0.583333333333333,0.763888888888889
"non-survivors",1,0.416666666666667,0.475
"non-survivors",0,0.416666666666667,0.861111111111111
"non-survivors",0.375,0.666666666666667,0.652777777777778
"non-survivors",1,0.333333333333333,0.5
"non-survivors",0,0.416666666666667,0.861111111111111
"survivors",0.875,0.583333333333333,0.402777777777778
"survivors",0.25,0.5,0.575
"survivors",0.125,0.583333333333333,0.652777777777778
"survivors",0,0.5,0.722222222222222
"survivors",0,0.583333333333333,0.694444444444445
"survivors",0,0.583333333333333,0.694444444444445
"survivors",0.5,0.75,0.472222222222222
"survivors",0.625,0.5,0.4625
"survivors",0,0.666666666666667,0.666666666666667
"survivors",0.75,0.5,0.472222222222222
"survivors",0,0.416666666666667,0.75
"survivors",0.5,0.583333333333333,0.475
"survivors",0,0.5,0.722222222222222
"survivors",1,0.416666666666667,0.416666666666667
"survivors",0,0.583333333333333,0.694444444444445
"survivors",0.125,0.666666666666667,0.625
"survivors",0,0.666666666666667,0.666666666666667
"survivors",0,0.5,0.722222222222222
"survivors",0.375,0.333333333333333,0.652777777777778
"survivors",0.875,0.75,0.347222222222222
"survivors",0.875,0.5,0.430555555555556
"survivors",0.375,0.5,0.597222222222222
"survivors",0.5,0.583333333333333,0.475
"survivors",0.625,0.333333333333333,0.5125
"survivors",0.125,0.833333333333333,0.569444444444445
"survivors",0.875,0.5,0.430555555555556
"survivors",0.75,0.333333333333333,0.527777777777778
"survivors",0,0.333333333333333,0.7
"survivors",0.125,0.333333333333333,0.736111111111111
"survivors",0.25,0.416666666666667,0.666666666666667
"survivors",0.125,0.424242424242424,0.635227272727273
"survivors",0.375,0,0.6875
"survivors",0,0.416666666666667,0.75
"survivors",0.125,0.416666666666667,0.708333333333333
"survivors",0.375,0.444444444444444,0.554166666666667
"survivors",0.25,0.222222222222222,0.731481481481482
"survivors",0.25,0.666666666666667,0.583333333333333
"survivors",0,0.166666666666667,0.75
"survivors",0.5,0.242424242424242,0.641414141414141
"survivors",0.25,0.166666666666667,0.675
"survivors",0.375,0.111111111111111,0.726851851851852
"survivors",0,0.166666666666667,0.833333333333333
"survivors",0.25,0.416666666666667,0.6
"survivors",0.375,0.666666666666667,0.541666666666667
"survivors",0,0.416666666666667,0.75
"survivors",0.375,0.25,0.680555555555556
"survivors",0.375,0.454545454545455,0.551136363636364
"survivors",0,0.166666666666667,0.833333333333333
"survivors",0,0.5,0.65
"survivors",0,0.222222222222222,0.814814814814815
"survivors",0,0.666666666666667,0.666666666666667
"survivors",0,0.583333333333333,0.694444444444445
"survivors",0,0.25,0.725
"survivors",0,0.5,0.722222222222222
"survivors",0.125,0.0833333333333333,0.819444444444444
"survivors",0.5,0.666666666666667,0.5
"survivors",0,0.583333333333333,0.625
"survivors",0.125,0.5,0.6125
"survivors",0,0.25,0.805555555555556
"survivors",0,0.555555555555556,0.633333333333333
"survivors",0.375,0.166666666666667,0.6375
"survivors",0.375,0.25,0.680555555555556
"survivors",0,0.111111111111111,0.851851851851852
"survivors",0.375,0.222222222222222,0.689814814814815
"survivors",0,0.333333333333333,0.777777777777778
"survivors",0.25,0.242424242424242,0.652272727272727
"survivors",0.75,0.5,0.472222222222222
"survivors",0.375,0.166666666666667,0.6375
"survivors",0.125,0.5,0.680555555555556
"survivors",0,0.75,0.638888888888889
"survivors",0.75,0,0.575
"survivors",0.125,0.5,0.680555555555556
"survivors",0.125,0.25,0.763888888888889
"survivors",0.75,0.0833333333333333,0.55
"survivors",0.125,0.4,0.713888888888889
"survivors",0.25,0.416666666666667,0.666666666666667
"survivors",0.625,0.166666666666667,0.5625
"survivors",0,0.583333333333333,0.694444444444445
"survivors",0,0.25,0.725
"survivors",0,0,0.8
"survivors",0.125,0.5,0.6125
"survivors",0.375,0.515151515151515,0.592171717171717
"survivors",0.25,0.2,0.738888888888889
"survivors",0,0.111111111111111,0.851851851851852
"survivors",0.125,0.25,0.763888888888889
"survivors",0,0.303030303030303,0.787878787878788
"survivors",0.5,0.444444444444444,0.574074074074074
"survivors",0,0,0.888888888888889
"survivors",0,0.333333333333333,0.7
"survivors",0.375,0.416666666666667,0.625
"survivors",0.25,0.666666666666667,0.525
"survivors",0.375,0.303030303030303,0.662878787878788
"survivors",0.5,0.166666666666667,0.666666666666667
"survivors",0,0.555555555555556,0.703703703703704
"survivors",0.5,0.416666666666667,0.583333333333333
"survivors",0.125,0.0666666666666667,0.825
"survivors",1,0.233333333333333,0.477777777777778
"survivors",0.125,0.416666666666667,0.708333333333333
"survivors",0,0.666666666666667,0.666666666666667
"survivors",0.75,0.333333333333333,0.527777777777778
"survivors",0.375,0.303030303030303,0.662878787878788
"survivors",0.875,0.5,0.430555555555556
"survivors",0.75,0.222222222222222,0.564814814814815
"survivors",0,0.583333333333333,0.694444444444445
"survivors",1,0.303030303030303,0.454545454545455
"survivors",0.625,0.5,0.513888888888889
"survivors",0.75,0.0909090909090909,0.608585858585859
"survivors",0.5,0.242424242424242,0.641414141414141
"survivors",0.75,0.583333333333333,0.444444444444444
"survivors",0.25,0,0.805555555555556
"survivors",0,0.333333333333333,0.777777777777778
"survivors",1,0.5,0.388888888888889
"survivors",0.875,0.25,0.513888888888889
"survivors",0.375,0.416666666666667,0.625
"survivors",0.625,0.888888888888889,0.384259259259259
"survivors",0.75,0.212121212121212,0.568181818181818
"survivors",0,0.25,0.805555555555556
"survivors",1,0.75,0.275
"survivors",0,0.555555555555556,0.703703703703704
"survivors",0.625,0.416666666666667,0.541666666666667
"survivors",0.25,0.75,0.555555555555556
"survivors",0,0.583333333333333,0.694444444444445
"survivors",0,0.166666666666667,0.833333333333333
"survivors",0,0.0833333333333333,0.861111111111111
"survivors",0.875,0.583333333333333,0.402777777777778
"survivors",0.375,0.583333333333333,0.569444444444445
"survivors",0.625,0.416666666666667,0.541666666666667
"survivors",0.625,0.333333333333333,0.5125
"survivors",0.75,0.583333333333333,0.444444444444444
"survivors",0,0.0833333333333333,0.861111111111111
"survivors",0,0.416666666666667,0.75
"survivors",0,0.333333333333333,0.777777777777778
"survivors",0.125,0.5,0.680555555555556
"survivors",0,0.166666666666667,0.833333333333333
"survivors",0,0.5,0.722222222222222
"survivors",0,0.555555555555556,0.703703703703704
"survivors",0.5,0.424242424242424,0.580808080808081
"survivors",0.75,0.583333333333333,0.444444444444444
"survivors",0.375,0.583333333333333,0.569444444444445
"survivors",0.625,0.333333333333333,0.569444444444445
"survivors",0.625,0.666666666666667,0.458333333333333
"survivors",0.125,0.416666666666667,0.708333333333333
"survivors",0.375,0.666666666666667,0.541666666666667
"survivors",0.125,0.25,0.763888888888889
"survivors",0.375,0.333333333333333,0.652777777777778
"survivors",0.25,0.333333333333333,0.694444444444445
"survivors",0.125,0.363636363636364,0.726010101010101
"survivors",0.375,0.333333333333333,0.652777777777778
"survivors",0.25,0.166666666666667,0.675
"survivors",0.125,0.5,0.680555555555556
"survivors",0,0,0.888888888888889
"survivors",0.375,0.393939393939394,0.632575757575758
"survivors",0.375,0.416666666666667,0.625
"survivors",0.75,0.333333333333333,0.527777777777778
"survivors",0,0.416666666666667,0.75
"survivors",0.25,0.583333333333333,0.611111111111111
"survivors",0.125,0.5,0.6125
"survivors",0.25,0.333333333333333,0.694444444444445
"survivors",0,0.333333333333333,0.7
"survivors",0.25,0.121212121212121,0.765151515151515
"survivors",0.125,0.333333333333333,0.736111111111111
"survivors",0.5,0.333333333333333,0.611111111111111
"survivors",0,0.416666666666667,0.75
"survivors",0,0.333333333333333,0.777777777777778
"survivors",0.5,0.333333333333333,0.611111111111111
"survivors",0.375,0.666666666666667,0.541666666666667
"survivors",0.375,0.5,0.5375
"survivors",0.25,0.363636363636364,0.615909090909091
"survivors",0,0.5,0.722222222222222
"survivors",0,0.166666666666667,0.833333333333333
"survivors",0.375,0.333333333333333,0.5875
"survivors",0.125,0,0.847222222222222
"survivors",0,0.222222222222222,0.814814814814815
"survivors",0.375,0.416666666666667,0.625
"survivors",0.5,0.416666666666667,0.583333333333333
"survivors",0,0.416666666666667,0.75
"survivors",0.25,0.583333333333333,0.55
"survivors",0,0.583333333333333,0.694444444444445
"survivors",0.125,0.444444444444444,0.629166666666667
"survivors",0,0.333333333333333,0.7
"survivors",0.75,0.0833333333333333,0.611111111111111
"survivors",0,0.555555555555556,0.703703703703704
"survivors",0.125,0.666666666666667,0.625
"survivors",0.5,0.666666666666667,0.45
"survivors",0,0.333333333333333,0.777777777777778
"survivors",0,0.416666666666667,0.675
"survivors",0.125,0.166666666666667,0.791666666666667
"survivors",0.125,0.666666666666667,0.625
"survivors",0,0.833333333333333,0.611111111111111
"survivors",0,0.222222222222222,0.733333333333333
"survivors",0.625,0.333333333333333,0.569444444444445
"survivors",0.125,0.5,0.680555555555556
"survivors",0.25,0.333333333333333,0.694444444444445
"survivors",0,0.555555555555556,0.703703703703704
"survivors",0.625,0.5,0.513888888888889
"survivors",0,0.0833333333333333,0.775
"survivors",0.5,0.583333333333333,0.527777777777778
"survivors",0.375,0.212121212121212,0.623863636363636
"survivors",0.375,0.75,0.4625
"survivors",0,0.5,0.722222222222222
"survivors",0.125,0.333333333333333,0.736111111111111
"survivors",0,0.583333333333333,0.694444444444445
"survivors",0.625,0.416666666666667,0.541666666666667
"survivors",0.5,0.533333333333333,0.49
"survivors",0.625,0.333333333333333,0.569444444444445
"survivors",0.125,0.111111111111111,0.729166666666667
"survivors",0.25,0.545454545454545,0.561363636363636
"survivors",0,0.366666666666667,0.766666666666667
"survivors",0.125,0.222222222222222,0.773148148148148
"survivors",0,0.166666666666667,0.75
"survivors",0.25,0.416666666666667,0.666666666666667
"survivors",0.125,0.333333333333333,0.736111111111111
"survivors",0,0.444444444444444,0.666666666666667
"survivors",0,0.416666666666667,0.75
"survivors",0.875,0.433333333333333,0.4075
"survivors",0,0.333333333333333,0.777777777777778
"survivors",0,0,0.888888888888889
"survivors",0.5,0.454545454545455,0.570707070707071
"survivors",0.375,0.166666666666667,0.708333333333333
"survivors",0,0.222222222222222,0.814814814814815
"survivors",0.25,0.25,0.722222222222222
"survivors",0,0.5,0.722222222222222
"survivors",0,0.5,0.722222222222222
"survivors",0.125,0.166666666666667,0.791666666666667
"survivors",0.125,0.833333333333333,0.569444444444445
"survivors",0,0.666666666666667,0.666666666666667
"survivors",0,0.0833333333333333,0.775
"survivors",1,0.416666666666667,0.416666666666667
"survivors",0,0.416666666666667,0.75
"survivors",0.125,0.583333333333333,0.652777777777778
"survivors",0.125,0.333333333333333,0.736111111111111
"survivors",0.125,0,0.847222222222222
"survivors",0,0.5,0.722222222222222
"survivors",0,0.75,0.638888888888889
"survivors",0,0.666666666666667,0.6
"survivors",1,0.416666666666667,0.416666666666667
"survivors",0,0.583333333333333,0.694444444444445
"survivors",0,0.333333333333333,0.777777777777778
"survivors",0,0.583333333333333,0.694444444444445
"survivors",0,0,0.8
"survivors",0.375,0.25,0.680555555555556
"survivors",0.125,0.25,0.763888888888889
"survivors",0,0.0833333333333333,0.861111111111111
"survivors",0,0.833333333333333,0.611111111111111
"survivors",0.125,0.333333333333333,0.736111111111111
"survivors",0.25,0.666666666666667,0.583333333333333
"survivors",0.25,0.416666666666667,0.666666666666667
"survivors",0,0.303030303030303,0.787878787878788
"survivors",0.25,0.727272727272727,0.506818181818182
"survivors",0.125,0.416666666666667,0.708333333333333
"survivors",0,0,0.888888888888889
"survivors",0.25,0.416666666666667,0.666666666666667
"survivors",0.25,0.666666666666667,0.583333333333333
"survivors",0,0.416666666666667,0.75
"survivors",0.125,0.833333333333333,0.569444444444445
"survivors",0.25,0.222222222222222,0.658333333333333
"survivors",0,0.416666666666667,0.75
"survivors",0,0,0.888888888888889
"survivors",0.125,0.5,0.680555555555556
"survivors",0,0.333333333333333,0.777777777777778
"survivors",0,0.333333333333333,0.777777777777778
"survivors",0.25,0.333333333333333,0.694444444444445
"survivors",0.125,0.333333333333333,0.6625
"survivors",0,0.333333333333333,0.777777777777778
"survivors",0.25,0.333333333333333,0.625
"survivors",0.25,0.333333333333333,0.625
"survivors",0.25,0.333333333333333,0.625
"survivors",0,0.333333333333333,0.777777777777778
"survivors",0.25,0.333333333333333,0.694444444444445
"survivors",0,0.333333333333333,0.7
"survivors",0,0.333333333333333,0.777777777777778
"survivors",0.25,0.333333333333333,0.694444444444445
"survivors",0.25,0.333333333333333,0.694444444444445
"survivors",0.25,0.333333333333333,0.694444444444445
"survivors",0.25,0.5,0.638888888888889
"survivors",0.25,0.416666666666667,0.6
"survivors",0,0.416666666666667,0.75
"survivors",0.25,0.5,0.575
"survivors",0.25,0.416666666666667,0.6
"survivors",0,0.416666666666667,0.75
"survivors",0,0.5,0.722222222222222
"survivors",0.25,0.166666666666667,0.75
"survivors",0,0.416666666666667,0.75
"survivors",0.125,0.5,0.680555555555556
"survivors",0.25,0.5,0.575
"survivors",0.25,0.151515151515152,0.755050505050505
"survivors",0.125,0.5,0.680555555555556
"survivors",0.25,0.416666666666667,0.666666666666667
"survivors",0,0.416666666666667,0.675
"survivors",0.25,0.484848484848485,0.643939393939394
"survivors",0.25,0.5,0.638888888888889
"survivors",0.625,0.5,0.513888888888889
"survivors",0,0.416666666666667,0.75
"survivors",0.25,0.333333333333333,0.694444444444445
"survivors",0.25,0.5,0.638888888888889
"survivors",0.25,0.416666666666667,0.666666666666667
"survivors",0,0.416666666666667,0.75
"survivors",0,0.5,0.722222222222222
"survivors",0.25,0.5,0.638888888888889
"survivors",0.25,0.5,0.638888888888889
"survivors",0.25,0.5,0.638888888888889
"survivors",0.25,0.242424242424242,0.724747474747475
"survivors",0,0.666666666666667,0.666666666666667
"survivors",0.5,0.222222222222222,0.648148148148148
"survivors",0,0.222222222222222,0.814814814814815
"survivors",0.5,0.212121212121212,0.651515151515151
"survivors",0.125,0.5,0.680555555555556
"survivors",0.25,0.272727272727273,0.714646464646465
"survivors",0.25,0.181818181818182,0.744949494949495
"survivors",0,0.416666666666667,0.75
"survivors",0,0.416666666666667,0.75
"survivors",0,0.5,0.722222222222222
"survivors",0.25,0.393939393939394,0.606818181818182
"survivors",0,0.416666666666667,0.75
"survivors",0.25,0.272727272727273,0.714646464646465
"survivors",0,0.181818181818182,0.828282828282828
"survivors",0.25,0.5,0.638888888888889
"survivors",0.25,0.5,0.638888888888889
"survivors",0.125,0.5,0.680555555555556
"survivors",0,0.181818181818182,0.828282828282828
"survivors",0.125,0.5,0.680555555555556
"survivors",0.125,0.333333333333333,0.6625
"survivors",0.125,0.333333333333333,0.736111111111111
"survivors",0.125,0.5,0.680555555555556
"survivors",0.25,0.416666666666667,0.6
"survivors",0.125,0.583333333333333,0.652777777777778
"survivors",0.25,0.666666666666667,0.583333333333333
"survivors",0,0.416666666666667,0.675
"survivors",0.125,0.5,0.680555555555556
"survivors",0.125,0.5,0.6125
"survivors",0.25,0.5,0.575
"survivors",0.25,0.5,0.575
"survivors",0.25,0.5,0.638888888888889
"survivors",0.25,0.5,0.638888888888889
"survivors",0.25,0.5,0.638888888888889
"survivors",0.25,0.5,0.575
"survivors",0.25,0.242424242424242,0.652272727272727
"survivors",0.25,0.5,0.638888888888889
"survivors",0.25,0.5,0.575
"survivors",0.25,0.5,0.638888888888889
"survivors",0.25,0.5,0.638888888888889
"survivors",0.25,0.5,0.638888888888889
"survivors",0.25,0.5,0.575
"survivors",0.125,0.272727272727273,0.756313131313131
"survivors",0.25,0.5,0.638888888888889
"survivors",0.25,0.5,0.638888888888889
"survivors",0.25,0.5,0.638888888888889
"survivors",0.25,0.5,0.638888888888889
"survivors",0.25,0.5,0.638888888888889
"survivors",0.25,0.5,0.638888888888889
"survivors",0.25,0.5,0.575
"survivors",0.25,0.5,0.638888888888889
"survivors",0.25,0.5,0.638888888888889
"survivors",0.25,0.5,0.638888888888889
"survivors",0,0.555555555555556,0.703703703703704
"survivors",0.25,0.5,0.638888888888889
"survivors",0.25,0.5,0.638888888888889
"survivors",0,0.5,0.722222222222222
"survivors",0.25,0.5,0.638888888888889
"survivors",0.25,0.5,0.575
"survivors",0,0,0.888888888888889
"survivors",0.25,0.5,0.638888888888889
"survivors",0.625,0.833333333333333,0.3625
"survivors",0.25,0.5,0.638888888888889
"survivors",0.25,0.5,0.638888888888889
"survivors",0.25,0.5,0.575
"survivors",0.25,0.5,0.575
"survivors",0.25,0.5,0.638888888888889
"survivors",0.25,0.5,0.638888888888889
"survivors",0.25,0.5,0.638888888888889
"survivors",0.25,0.5,0.638888888888889
"survivors",0.25,0.5,0.638888888888889
"survivors",0.25,0.5,0.638888888888889
"survivors",0.25,0.5,0.638888888888889
"survivors",0.125,0.5,0.6125
"survivors",0.125,0.5,0.6125
"survivors",0.25,0.5,0.638888888888889
"survivors",0.125,0.5,0.680555555555556
"survivors",0.125,0.5,0.6125
"survivors",0.25,0.5,0.638888888888889
"survivors",0.125,0.5,0.680555555555556
"survivors",0.125,0.5,0.680555555555556
"survivors",0.25,0.5,0.638888888888889
"survivors",0.25,0.5,0.638888888888889
"survivors",0.125,0.5,0.6125
"survivors",0.125,0.5,0.6125
"survivors",0.125,0.5,0.6125
"survivors",0.125,0.5,0.6125
"survivors",0.25,0.5,0.575
"survivors",0.25,0.545454545454545,0.561363636363636
"survivors",0.25,0.5,0.575
"survivors",0.25,0.5,0.575
"survivors",0.25,0.5,0.638888888888889
"survivors",0.25,0.272727272727273,0.714646464646465
"survivors",0.25,0.5,0.638888888888889
"survivors",0.25,0.5,0.638888888888889
"survivors",0.25,0.5,0.638888888888889
"survivors",0.25,0.5,0.575
"survivors",0.25,0.272727272727273,0.643181818181818
"survivors",0.25,0.5,0.575
"survivors",0.25,0.5,0.575
"survivors",0.25,0.5,0.575
"survivors",0.125,0.25,0.763888888888889
"survivors",0.25,0.5,0.638888888888889
"survivors",0.25,0.5,0.638888888888889
"survivors",0.25,0.333333333333333,0.625
"survivors",0.25,0.5,0.638888888888889
"survivors",0.25,0.5,0.575
"survivors",0.25,0.5,0.575
"survivors",0.25,0.5,0.575
"survivors",0.25,0.5,0.575
"survivors",0.25,0.5,0.638888888888889
"survivors",0.25,0.5,0.638888888888889
"survivors",0.25,0.5,0.638888888888889
"survivors",0.25,0.5,0.575
"survivors",0.25,0.5,0.638888888888889
"survivors",0.125,0.5,0.6125
"survivors",0.25,0.5,0.638888888888889
"survivors",0.25,0.5,0.575
"survivors",0.25,0.5,0.575
"survivors",0.25,0.5,0.638888888888889
"survivors",0.25,0.5,0.575
"survivors",0.25,0.5,0.575
"survivors",0.25,0.5,0.575
"survivors",0.25,0.5,0.575
"survivors",0.25,0.5,0.638888888888889
"survivors",0.25,0.5,0.575
"survivors",0,0.583333333333333,0.625
"survivors",0.25,0.25,0.65
"survivors",0,0.5,0.65
"survivors",0.125,0.5,0.6125
"survivors",0.125,0.5,0.680555555555556
"survivors",0.125,0.5,0.680555555555556
"survivors",0.125,0.5,0.680555555555556
"survivors",0.75,0.454545454545455,0.438636363636364
"survivors",0.125,0.333333333333333,0.6625
"survivors",0.125,0.5,0.6125
"survivors",0.125,0.5,0.680555555555556
"survivors",0.125,0.5,0.6125
"survivors",0.125,0.5,0.680555555555556
"survivors",0.125,0.333333333333333,0.736111111111111
"survivors",0.125,0.5,0.6125
"survivors",0.125,0.5,0.680555555555556
"survivors",0.125,0.5,0.680555555555556
"survivors",0,0,0.888888888888889
"survivors",0.125,0.25,0.763888888888889
"survivors",0.125,0.25,0.6875
"survivors",0.125,0.333333333333333,0.6625
"survivors",0.125,0.333333333333333,0.6625
"survivors",0.125,0.5,0.6125
"survivors",0.125,0.416666666666667,0.708333333333333
"survivors",0.25,0.333333333333333,0.694444444444445
"survivors",0.125,0.5,0.6125
"survivors",0.125,0.5,0.680555555555556
"survivors",0.125,0.5,0.6125
"survivors",0.125,0.5,0.680555555555556
"survivors",0.125,0.5,0.6125
"survivors",0,0.5,0.65
"survivors",0,0.5,0.722222222222222
"survivors",0.875,0.666666666666667,0.375
"survivors",0.25,0.5,0.638888888888889
"survivors",0.125,0.666666666666667,0.625
"survivors",1,0.5,0.35
"survivors",0.375,0.166666666666667,0.708333333333333
"survivors",1,0.515151515151515,0.345454545454546
"survivors",0,0.166666666666667,0.833333333333333
"survivors",0.75,0.5,0.472222222222222
"survivors",0.875,0.242424242424242,0.464772727272727
"survivors",0.875,0.166666666666667,0.541666666666667
"survivors",0.625,0.416666666666667,0.541666666666667
"survivors",0.625,0.5,0.513888888888889
"survivors",0.5,0.583333333333333,0.527777777777778
"survivors",0.875,0.666666666666667,0.375
"survivors",1,0.0833333333333333,0.527777777777778
"survivors",0.125,0.333333333333333,0.736111111111111
"survivors",0.25,0.333333333333333,0.694444444444445
"survivors",0.625,0.583333333333333,0.486111111111111
"survivors",0.25,0.166666666666667,0.75
"survivors",0,0.0833333333333333,0.861111111111111
"survivors",0.625,0.5,0.513888888888889
"survivors",0.75,0.333333333333333,0.527777777777778
"survivors",0,0.166666666666667,0.833333333333333
"survivors",0.25,0.416666666666667,0.666666666666667
"survivors",0.25,0.5,0.638888888888889
"survivors",0.5,0.1,0.688888888888889
"survivors",0.75,0.666666666666667,0.375
"survivors",0.375,0.166666666666667,0.708333333333333
"survivors",0.375,0.272727272727273,0.672979797979798
"survivors",0.625,0.0833333333333333,0.652777777777778
"survivors",0.25,0.272727272727273,0.714646464646465
"survivors",0.375,0.583333333333333,0.569444444444444
"survivors",0.75,0.333333333333333,0.475
"survivors",1,0.5,0.35
"survivors",0.875,0,0.597222222222222
"survivors",0,0.416666666666667,0.75
"survivors",0.875,0.583333333333333,0.402777777777778
"survivors",1,0.416666666666667,0.416666666666667
"survivors",0.5,0.666666666666667,0.45
"survivors",0,0.666666666666667,0.666666666666667
"survivors",0.375,0.366666666666667,0.641666666666667
"survivors",0.375,0.25,0.680555555555556
"survivors",0.625,0.5,0.513888888888889
"survivors",0.875,0.333333333333333,0.486111111111111
"survivors",0.625,0.5,0.513888888888889
"survivors",0,0.25,0.805555555555556
"survivors",0,0.666666666666667,0.666666666666667
"survivors",0,0.333333333333333,0.7
"survivors",0.75,0.25,0.5
"survivors",0,0.25,0.805555555555556
"survivors",0,0.444444444444444,0.740740740740741
"survivors",0.875,0.25,0.513888888888889
"survivors",0,0.25,0.805555555555556
"survivors",0.375,0.555555555555556,0.520833333333333
"survivors",0.25,0.5,0.638888888888889
"survivors",0.875,0.444444444444444,0.449074074074074
"survivors",0,0.333333333333333,0.777777777777778
"survivors",0,0.583333333333333,0.694444444444445
"survivors",1,0.833333333333333,0.277777777777778
"survivors",0.125,0,0.847222222222222
"survivors",0.625,0.454545454545455,0.529040404040404
"survivors",0.625,0.222222222222222,0.606481481481482
"survivors",0.375,0.333333333333333,0.5875
"survivors",0,0.5,0.65
"survivors",0.625,0.416666666666667,0.541666666666667
"survivors",0,0.444444444444444,0.666666666666667
"survivors",0.25,0.333333333333333,0.694444444444445
"survivors",0.375,0.166666666666667,0.708333333333333
"survivors",0.625,0.5,0.4625
"survivors",0.375,0.5,0.597222222222222
"survivors",0.75,0.333333333333333,0.527777777777778
"survivors",0,0.25,0.725
"survivors",0.875,0.75,0.347222222222222
"survivors",0,0.303030303030303,0.787878787878788
"survivors",0,0.444444444444444,0.740740740740741
"survivors",0,0,0.888888888888889
"survivors",0,0.666666666666667,0.666666666666667
"survivors",0.25,0.424242424242424,0.597727272727273
"survivors",0,0.583333333333333,0.694444444444445
"survivors",0.875,0.416666666666667,0.458333333333333
"survivors",0,0.25,0.805555555555556
"survivors",0,0.222222222222222,0.814814814814815
"survivors",0.375,0.666666666666667,0.541666666666667
"survivors",0.75,0.166666666666667,0.583333333333333
"survivors",0,0.166666666666667,0.833333333333333
"survivors",0,0.25,0.725
"survivors",0.25,0.833333333333333,0.527777777777778
"survivors",0.5,0.5,0.555555555555556
"survivors",0.875,0.333333333333333,0.486111111111111
"survivors",0,0.25,0.725
"survivors",0.625,0.303030303030303,0.579545454545455
"survivors",0,0.151515151515152,0.838383838383838
"survivors",0.625,0.111111111111111,0.579166666666667
"survivors",0.125,0.416666666666667,0.708333333333333
"survivors",0.25,0.259259259259259,0.719135802469136
"survivors",0.75,0.333333333333333,0.527777777777778
"survivors",0.25,0.25,0.722222222222222
"survivors",0.25,0.3,0.705555555555556
"survivors",0,0.333333333333333,0.777777777777778
"survivors",0.125,0.5,0.680555555555556
"survivors",0,0.416666666666667,0.75
"survivors",0.125,0.666666666666667,0.625
"survivors",0.25,0.583333333333333,0.611111111111111
"survivors",0,0.333333333333333,0.777777777777778
"survivors",0.875,1,0.263888888888889
"survivors",0,0.25,0.805555555555556
"survivors",0,0.166666666666667,0.833333333333333
"survivors",0.75,0.424242424242424,0.497474747474747
"survivors",0.125,0.75,0.597222222222222
"survivors",0.25,0.666666666666667,0.583333333333333
"survivors",0,0,0.888888888888889
"survivors",0.625,0.333333333333333,0.569444444444445
"survivors",1,0.75,0.305555555555556
"survivors",0.125,0.416666666666667,0.6375
"survivors",0.5,0.333333333333333,0.611111111111111
"survivors",0.5,0.363636363636364,0.540909090909091
"survivors",0.125,0.583333333333333,0.652777777777778
"survivors",0.625,0.0833333333333333,0.652777777777778
"survivors",0.5,0.416666666666667,0.525
"survivors",0,0.333333333333333,0.777777777777778
"survivors",0.125,0.333333333333333,0.736111111111111
"survivors",0.125,0.416666666666667,0.6375
"survivors",0,0.545454545454545,0.707070707070707
"survivors",0,0.25,0.805555555555556
"survivors",0.375,0.242424242424242,0.683080808080808
"survivors",0,0.272727272727273,0.797979797979798
"survivors",0,0.0833333333333333,0.861111111111111
"survivors",0.75,0.583333333333333,0.4
"survivors",0.25,0.416666666666667,0.666666666666667
"survivors",0,0.25,0.805555555555556
"survivors",0.375,0.5,0.5375
"survivors",0.125,0.5,0.680555555555556
"survivors",0,0.333333333333333,0.777777777777778
"survivors",0,0.416666666666667,0.75
"survivors",0.75,0.333333333333333,0.527777777777778
"survivors",0,0.0833333333333333,0.861111111111111
"survivors",0.375,0.5,0.597222222222222
"survivors",0,0.5,0.65
"survivors",0.125,0.333333333333333,0.736111111111111
"survivors",0,0.666666666666667,0.666666666666667
"survivors",0.375,0.222222222222222,0.689814814814815
"survivors",0.625,0.5,0.513888888888889
"survivors",0.625,0.166666666666667,0.625
"survivors",0.25,0.583333333333333,0.611111111111111
"survivors",0.5,0.5,0.555555555555556
"survivors",0.125,0.666666666666667,0.625
"survivors",0.625,0.212121212121212,0.609848484848485
"survivors",0,0.666666666666667,0.666666666666667
"survivors",0.625,0.5,0.513888888888889
"survivors",0.125,1,0.4625
"survivors",0,0.333333333333333,0.777777777777778
"survivors",0,0.333333333333333,0.777777777777778
"survivors",0.875,0.5,0.3875
"survivors",0.5,0.363636363636364,0.601010101010101
"survivors",0,0.5,0.722222222222222
"survivors",0.125,0.0833333333333333,0.819444444444444
"survivors",0,0.888888888888889,0.592592592592593
"survivors",0.25,0.416666666666667,0.666666666666667
"survivors",0.625,0.416666666666667,0.4875
"survivors",0,0.666666666666667,0.666666666666667
"survivors",0.375,0.333333333333333,0.652777777777778
"survivors",0.25,0.666666666666667,0.583333333333333
"survivors",0.125,0.416666666666667,0.708333333333333
"survivors",0,0.583333333333333,0.694444444444445
"survivors",1,0.75,0.305555555555556
"survivors",0,0.166666666666667,0.833333333333333
"survivors",0,0.25,0.805555555555556
"survivors",0.125,0.333333333333333,0.736111111111111
"survivors",0.375,0.666666666666667,0.4875
"survivors",0.375,0.333333333333333,0.652777777777778
"survivors",0.25,0,0.805555555555556
"survivors",0.375,0.416666666666667,0.625
"survivors",0.375,0.222222222222222,0.620833333333333
"survivors",0.375,0.416666666666667,0.625
"survivors",0,0.166666666666667,0.833333333333333
"survivors",0.75,0.151515151515152,0.588383838383838
"survivors",0,0.166666666666667,0.833333333333333
"survivors",0.125,0.583333333333333,0.652777777777778
"survivors",0.125,0.833333333333333,0.569444444444445
"survivors",0,0.266666666666667,0.8
"survivors",0.625,0.333333333333333,0.5125
"survivors",0,0.444444444444444,0.740740740740741
"survivors",0,0.25,0.725
"survivors",0.5,0.666666666666667,0.45
"survivors",0.25,0,0.805555555555556
"survivors",0,0.5,0.722222222222222
"survivors",0,0.5,0.722222222222222
"survivors",0,0.333333333333333,0.7
"survivors",0.5,0.333333333333333,0.611111111111111
"survivors",0.125,0.583333333333333,0.652777777777778
"survivors",1,0.5,0.388888888888889
"survivors",0,1,0.555555555555556
"survivors",0,0.416666666666667,0.75
"survivors",0.125,0.916666666666667,0.541666666666667
"survivors",0.125,0.5,0.6125
"survivors",0.125,0.212121212121212,0.776515151515151
"survivors",0.125,0.272727272727273,0.756313131313131
"survivors",0.625,0.333333333333333,0.569444444444445
"survivors",0.375,0.333333333333333,0.652777777777778
"survivors",0,0.366666666666667,0.766666666666667
"survivors",0.75,0.363636363636364,0.517676767676768
"survivors",0.875,0.333333333333333,0.486111111111111
"survivors",0,0.5,0.722222222222222
"survivors",0.625,0.363636363636364,0.559343434343434
"survivors",0.625,0.416666666666667,0.541666666666667
"survivors",0.625,0.166666666666667,0.625
"survivors",0.375,0.416666666666667,0.625
"survivors",0.25,0.333333333333333,0.694444444444445
"survivors",0.125,0.333333333333333,0.736111111111111
"survivors",0.375,0.583333333333333,0.569444444444445
"survivors",0.625,0.5,0.513888888888889
"survivors",0.5,0.333333333333333,0.611111111111111
"survivors",0.875,0.151515151515152,0.492045454545455
"survivors",0.625,0.5,0.513888888888889
"survivors",0.625,0.444444444444444,0.532407407407407
"survivors",0.5,0.583333333333333,0.527777777777778
"survivors",0,0.0833333333333333,0.861111111111111
"survivors",0.375,0.5,0.5375
"survivors",0.625,0.151515151515152,0.630050505050505
"survivors",0.25,0.25,0.722222222222222
"survivors",0.375,0.25,0.680555555555556
"survivors",0,0.583333333333333,0.694444444444445
"survivors",0.25,0.25,0.722222222222222
"survivors",0.625,0.454545454545455,0.529040404040404
"survivors",0,0.583333333333333,0.694444444444444
"survivors",0.75,0.222222222222222,0.564814814814815
"survivors",0,0.166666666666667,0.833333333333333
"survivors",0,0.333333333333333,0.777777777777778
"survivors",0,0.25,0.805555555555556
"survivors",0,0.25,0.805555555555556
"survivors",0,0.222222222222222,0.814814814814815
"survivors",0,0.111111111111111,0.851851851851852
"survivors",0,0.583333333333333,0.694444444444445
"survivors",0.75,1,0.275
"survivors",0,0.666666666666667,0.666666666666667
"survivors",1,0,0.555555555555556
"survivors",0,0.166666666666667,0.833333333333333
"survivors",0,0.5,0.722222222222222
"survivors",0.875,0.151515151515152,0.546717171717172
"survivors",1,0.151515151515152,0.454545454545455
"survivors",0,0.5,0.722222222222222
"survivors",0.125,0.583333333333333,0.652777777777778
"survivors",0.5,0.666666666666667,0.5
"survivors",0,0.166666666666667,0.75
"survivors",0.125,0.0833333333333333,0.819444444444444
"survivors",0.875,0.555555555555556,0.412037037037037
"survivors",0,0.0606060606060606,0.868686868686869
"survivors",0,0,0.888888888888889
"survivors",0.875,0.181818181818182,0.536616161616162
"survivors",0,0.333333333333333,0.777777777777778
"survivors",0.125,0.111111111111111,0.729166666666667
"survivors",0,0.166666666666667,0.75
"survivors",0.5,0.0833333333333333,0.694444444444444
"survivors",0.5,0.0833333333333333,0.625
"survivors",0,0.416666666666667,0.75
"survivors",0,0.166666666666667,0.833333333333333
"survivors",0.125,0.222222222222222,0.773148148148148
"survivors",0,0.111111111111111,0.766666666666667
"survivors",0.375,0.333333333333333,0.5875
"survivors",0,0.121212121212121,0.763636363636364
"survivors",0.25,0.0833333333333333,0.777777777777778
"survivors",0.125,0.333333333333333,0.736111111111111
"survivors",0.625,0.266666666666667,0.5325
"survivors",0.75,0.75,0.388888888888889
"survivors",0.75,0.333333333333333,0.527777777777778
"survivors",0.625,0.583333333333333,0.486111111111111
"survivors",1,0.333333333333333,0.444444444444444
"survivors",1,0.5,0.35
"survivors",0,0.666666666666667,0.666666666666667
"survivors",1,0.25,0.472222222222222
"survivors",0.125,0.444444444444444,0.629166666666667
"survivors",0.5,0.583333333333333,0.527777777777778
"survivors",0,0.25,0.805555555555556
"survivors",1,0.444444444444444,0.316666666666667
"survivors",0.625,0.5,0.458333333333333
"survivors",0,0.416666666666667,0.625
"survivors",0,0.666666666666667,0.611111111111111
"survivors",0.375,0.5,0.541666666666667
"survivors",0.875,0.133333333333333,0.497222222222222
"survivors",0.5,0.5,0.555555555555556
"survivors",0.875,0.166666666666667,0.541666666666667
"survivors",0.375,0.166666666666667,0.708333333333333
"survivors",0.25,0.25,0.722222222222222
"survivors",0,0.25,0.805555555555556
"survivors",0.125,0.111111111111111,0.810185185185185
"survivors",0.25,0.166666666666667,0.75
"survivors",0,0.166666666666667,0.75
"survivors",0,0.25,0.805555555555556
"survivors",0,0.25,0.805555555555556
"survivors",0.125,0.25,0.763888888888889
"survivors",0.25,0.333333333333333,0.694444444444445
"survivors",0.5,0.366666666666667,0.6
"survivors",0.5,0,0.722222222222222
"survivors",0,0.333333333333333,0.777777777777778
"survivors",0.25,0.366666666666667,0.627777777777778
"survivors",0.375,0.666666666666667,0.486111111111111
"survivors",0.5,0.555555555555556,0.481481481481481
"survivors",0.375,0.166666666666667,0.652777777777778
"survivors",0,0.333333333333333,0.722222222222222
"survivors",0.375,0.416666666666667,0.569444444444444
"survivors",0.75,0.606060606060606,0.381313131313131
"survivors",0.5,0.583333333333333,0.472222222222222
"survivors",0.625,0.666666666666667,0.402777777777778
"survivors",0.75,0.1,0.55
"survivors",0.875,0.75,0.291666666666667
"survivors",0,0.583333333333333,0.638888888888889
"survivors",0,0.333333333333333,0.722222222222222
"survivors",0.375,0.416666666666667,0.569444444444444
"survivors",0.125,0.666666666666667,0.569444444444444
"survivors",0.625,0.25,0.541666666666667
"survivors",0.125,0.583333333333333,0.597222222222222
"survivors",0,0.333333333333333,0.65
"survivors",0.625,0.5,0.458333333333333
"survivors",0,0,0.833333333333333
"survivors",0.625,0.75,0.375
"survivors",0.125,0.333333333333333,0.736111111111111
"survivors",0,0.333333333333333,0.777777777777778
"survivors",0,0.416666666666667,0.675
"survivors",0.875,0.25,0.4625
"survivors",0.25,0.25,0.65
"survivors",0.125,0.0833333333333333,0.7375
"survivors",0.25,0.25,0.722222222222222
"survivors",0,0.0833333333333333,0.775
"survivors",0.875,0.333333333333333,0.486111111111111
"survivors",0.5,0.212121212121212,0.651515151515151
"survivors",0.5,0.333333333333333,0.611111111111111
"survivors",0.625,0.242424242424242,0.599747474747475
"survivors",0.625,0.151515151515152,0.630050505050505
"survivors",0.875,0.583333333333333,0.402777777777778
"survivors",0.625,0.166666666666667,0.625
"survivors",0.375,0.166666666666667,0.708333333333333
"survivors",0,0.333333333333333,0.777777777777778
"survivors",0.5,0.0833333333333333,0.694444444444444
"survivors",0.5,0.151515151515152,0.671717171717172
"survivors",0.5,0.121212121212121,0.681818181818182
"survivors",0,0,0.888888888888889
"survivors",0.75,0.166666666666667,0.583333333333333
"survivors",0.5,0.333333333333333,0.611111111111111
"survivors",0.5,0.666666666666667,0.5
"survivors",0.5,0.583333333333333,0.527777777777778
"survivors",0.625,0.75,0.430555555555556
"survivors",0.625,0.416666666666667,0.4875
"survivors",0.625,0.333333333333333,0.569444444444445
"survivors",0.75,0,0.638888888888889
"survivors",0.375,0.5,0.5375
"survivors",0.5,0.0833333333333333,0.694444444444444
"survivors",0.375,0.5,0.597222222222222
"survivors",0.5,0.416666666666667,0.583333333333333
"survivors",0.5,0,0.722222222222222
"survivors",0,0.166666666666667,0.833333333333333
"survivors",0,0.75,0.638888888888889
"survivors",1,0.25,0.472222222222222
"survivors",0.25,0.333333333333333,0.694444444444445
"survivors",0.25,0.666666666666667,0.525
"survivors",0.625,0.181818181818182,0.557954545454545
"survivors",0.75,0.416666666666667,0.5
"survivors",0.125,0.666666666666667,0.625
"survivors",0.25,0.166666666666667,0.75
"survivors",0.375,0.5,0.597222222222222
"survivors",0.875,0.25,0.513888888888889
"survivors",0.875,0.242424242424242,0.516414141414141
"survivors",1,0.25,0.472222222222222
"survivors",0.375,0.222222222222222,0.689814814814815
"survivors",0.625,0.212121212121212,0.609848484848485
"survivors",0,0.666666666666667,0.666666666666667
"survivors",0.375,0.333333333333333,0.5875
"survivors",0.5,0.166666666666667,0.666666666666667
"survivors",0.875,0.666666666666667,0.375
"survivors",0.5,0.166666666666667,0.666666666666667
"survivors",0.75,0.5,0.472222222222222
"survivors",0.375,0.545454545454545,0.582070707070707
"survivors",0.25,0.416666666666667,0.666666666666667
"survivors",0.625,0.25,0.597222222222222
"survivors",1,0.333333333333333,0.4
"survivors",0.75,0.5,0.472222222222222
"survivors",0.625,0.454545454545455,0.529040404040404
"survivors",0.75,0.133333333333333,0.594444444444444
"survivors",0.75,0.222222222222222,0.564814814814815
"survivors",0.875,0.363636363636364,0.476010101010101
"survivors",0.625,0.0833333333333333,0.5875
"survivors",0.875,0.222222222222222,0.523148148148148
"survivors",0.5,0.583333333333333,0.527777777777778
"survivors",0,0.5,0.65
"survivors",0.125,0.5,0.680555555555556
"survivors",0.125,0.416666666666667,0.708333333333333
"survivors",1,0.333333333333333,0.444444444444444
"survivors",0.5,0.416666666666667,0.525
"survivors",0.375,0.5,0.597222222222222
"survivors",0.625,0.25,0.597222222222222
"survivors",0.875,0.25,0.4625
"survivors",0.5,0.25,0.638888888888889
"survivors",0.625,0.166666666666667,0.625
"survivors",0,0.2,0.822222222222222
"survivors",0.25,0.333333333333333,0.694444444444445
"survivors",0.5,0.416666666666667,0.583333333333333
"survivors",0.875,0.333333333333333,0.4375
"survivors",0.5,0.363636363636364,0.540909090909091
"survivors",0.875,0.583333333333333,0.402777777777778
"survivors",0.125,0.416666666666667,0.708333333333333
"survivors",0.625,0.121212121212121,0.576136363636364
"survivors",0.375,0.0833333333333333,0.736111111111111
"survivors",0.5,0.583333333333333,0.475
"survivors",0.25,0.333333333333333,0.625
"survivors",0.125,0.0833333333333333,0.819444444444444
"survivors",0.75,0.2,0.572222222222222
"survivors",0.125,0.416666666666667,0.708333333333333
"survivors",1,0.454545454545455,0.404040404040404
"survivors",0,0.25,0.725
"survivors",0.5,0.25,0.638888888888889
"survivors",0,0.333333333333333,0.777777777777778
"survivors",0.625,0.272727272727273,0.589646464646465
"survivors",0,0.444444444444444,0.666666666666667
"survivors",0,0.583333333333333,0.625
"survivors",0.625,0.416666666666667,0.541666666666667
"survivors",0.25,0,0.805555555555556
"survivors",0,0.666666666666667,0.666666666666667
"survivors",0,0.5,0.722222222222222
"survivors",0,0.333333333333333,0.777777777777778
"survivors",0.75,0.5,0.472222222222222
"survivors",0.25,0.333333333333333,0.694444444444445
"survivors",0.25,0.363636363636364,0.684343434343434
"survivors",0.75,0.0833333333333333,0.611111111111111
"survivors",0.125,0.166666666666667,0.791666666666667
"survivors",0.625,0.666666666666667,0.458333333333333
"survivors",0.5,0.333333333333333,0.611111111111111
"survivors",0.25,0.583333333333333,0.611111111111111
"survivors",0.625,0,0.680555555555556
"survivors",0,0,0.888888888888889
"survivors",0.75,0.0833333333333333,0.611111111111111
"survivors",0.75,0.25,0.5
"survivors",0.875,0.25,0.513888888888889
"survivors",0.875,0.166666666666667,0.541666666666667
"survivors",1,0.0303030303030303,0.545454545454546
"survivors",0.5,0,0.722222222222222
"survivors",0.875,0.25,0.513888888888889
"survivors",0.625,0.333333333333333,0.569444444444445
"survivors",0.875,0.333333333333333,0.486111111111111
"survivors",1,0.666666666666667,0.333333333333333
"survivors",0.625,0,0.680555555555556
"survivors",0.875,0.2,0.4775
"survivors",0.125,0.666666666666667,0.625
"survivors",0.375,0.25,0.680555555555556
"survivors",0.125,0.555555555555556,0.662037037037037
"survivors",0.375,0.416666666666667,0.625
"survivors",0.625,0.166666666666667,0.625
"survivors",0,0.25,0.805555555555556
"survivors",0.75,0.75,0.388888888888889
"survivors",0.75,0.222222222222222,0.508333333333333
"survivors",0.75,0.5,0.425
"survivors",0,0.242424242424242,0.808080808080808
"survivors",0.125,0.25,0.6875
"survivors",0.625,0.222222222222222,0.545833333333333
"survivors",0.875,0.5,0.430555555555556
"survivors",0.75,0.25,0.555555555555556
"survivors",0.625,0.0909090909090909,0.650252525252525
"survivors",0.125,0.333333333333333,0.736111111111111
"survivors",0.375,0.333333333333333,0.652777777777778
"survivors",0.75,0.181818181818182,0.578282828282828
"survivors",0.75,0.416666666666667,0.5
"survivors",0.375,0.166666666666667,0.708333333333333
"survivors",0.75,0.25,0.5
"survivors",0.5,0.25,0.638888888888889
"survivors",0.625,0.666666666666667,0.4125
"survivors",0,0.666666666666667,0.666666666666667
"survivors",0,0.333333333333333,0.777777777777778
"survivors",0.25,0.25,0.722222222222222
"survivors",0,0.222222222222222,0.814814814814815
"survivors",1,0.25,0.472222222222222
"survivors",0.375,0,0.763888888888889
"survivors",0.625,0.583333333333333,0.4375
"survivors",0.5,0.416666666666667,0.583333333333333
"survivors",0.5,0.166666666666667,0.666666666666667
"survivors",0.5,0.166666666666667,0.666666666666667
"survivors",1,0.333333333333333,0.444444444444444
"survivors",0.75,0.166666666666667,0.583333333333333
"survivors",0,0.0833333333333333,0.861111111111111
"survivors",0.5,0.0833333333333333,0.694444444444444
"survivors",0.625,0.0833333333333333,0.652777777777778
"survivors",0.25,0.833333333333333,0.527777777777778
"survivors",0.375,0.545454545454545,0.582070707070707
"survivors",0.5,0.583333333333333,0.475
"survivors",0.75,0.25,0.555555555555556
"survivors",0.75,0,0.638888888888889
"survivors",0.875,0.037037037037037,0.526388888888889
"survivors",0.875,0.266666666666667,0.4575
"survivors",0.875,0.583333333333333,0.402777777777778
"survivors",1,0.0833333333333333,0.527777777777778
"survivors",0.375,0.583333333333333,0.569444444444445
"survivors",0.125,0.25,0.6875
"survivors",1,0.606060606060606,0.318181818181818
"survivors",0.5,0.222222222222222,0.648148148148148
"survivors",1,0.5,0.388888888888889
"survivors",0.25,0.583333333333333,0.611111111111111
"survivors",0.375,0.25,0.680555555555556
"survivors",0.625,0.5,0.513888888888889
"survivors",0.625,0.333333333333333,0.569444444444445
"survivors",0,0.416666666666667,0.75
"survivors",0.875,0.75,0.347222222222222
"survivors",0.5,0.25,0.638888888888889
"survivors",0.625,0.333333333333333,0.569444444444445
"survivors",0,0.444444444444444,0.740740740740741
"survivors",0,0.666666666666667,0.666666666666667
"survivors",0.75,0.416666666666667,0.5
"survivors",0.75,0.666666666666667,0.416666666666667
"survivors",0.625,0.5,0.513888888888889
"survivors",0.5,0.416666666666667,0.583333333333333
"survivors",1,0.0833333333333333,0.527777777777778
"survivors",1,0.333333333333333,0.444444444444444
"survivors",0.75,0.583333333333333,0.444444444444444
"survivors",0.5,0.151515151515152,0.671717171717172
"survivors",0.375,0.666666666666667,0.541666666666667
"survivors",0.25,0.666666666666667,0.583333333333333
"survivors",0.875,0.222222222222222,0.523148148148148
"survivors",0.125,0.444444444444444,0.699074074074074
"survivors",0.375,0.75,0.513888888888889
"survivors",0.625,0.416666666666667,0.4875
"survivors",0.875,0.333333333333333,0.486111111111111
"survivors",0.75,0.583333333333333,0.444444444444444
"survivors",0.75,0,0.638888888888889
"survivors",0.875,0.777777777777778,0.337962962962963
"survivors",0,0.166666666666667,0.833333333333333
"survivors",0.5,0.266666666666667,0.57
"survivors",0.5,0.166666666666667,0.666666666666667
"survivors",0.75,0.5,0.472222222222222
"survivors",0.75,0,0.638888888888889
"survivors",0.5,0.303030303030303,0.621212121212121
"survivors",0.375,0.416666666666667,0.625
"survivors",0.75,0.0909090909090909,0.547727272727273
"survivors",0,0.166666666666667,0.833333333333333
"survivors",0.625,0.25,0.597222222222222
"survivors",0.5,0.416666666666667,0.525
"survivors",0.5,0.393939393939394,0.590909090909091
"survivors",0.25,0.916666666666667,0.45
"survivors",0,0.166666666666667,0.833333333333333
"survivors",0,0.333333333333333,0.777777777777778
"survivors",0.125,0.416666666666667,0.708333333333333
"survivors",0,0.333333333333333,0.777777777777778
"survivors",0,0.333333333333333,0.777777777777778
"survivors",0.125,0.0833333333333333,0.819444444444444
"survivors",0.125,0.166666666666667,0.791666666666667
"survivors",0.625,0.25,0.597222222222222
"survivors",0.75,0.166666666666667,0.525
"survivors",0.75,0.303030303030303,0.537878787878788
"survivors",0.875,0,0.5375
"survivors",0.125,0.555555555555556,0.662037037037037
"survivors",0.125,0.333333333333333,0.736111111111111
"survivors",0.5,0.333333333333333,0.55
"survivors",0.5,0.25,0.638888888888889
"survivors",0.375,0.0833333333333333,0.6625
"survivors",0.125,0.0833333333333333,0.819444444444444
"survivors",0.5,0.181818181818182,0.661616161616162
"survivors",0.375,0.0833333333333333,0.736111111111111
"survivors",0.375,0.333333333333333,0.5875
"survivors",0.875,0.583333333333333,0.3625
"survivors",0.25,0.333333333333333,0.694444444444445
"survivors",0.5,0.416666666666667,0.583333333333333
"survivors",0.5,0.416666666666667,0.583333333333333
"survivors",0.125,0.583333333333333,0.652777777777778
"survivors",0.5,0.303030303030303,0.621212121212121
"survivors",0,0.5,0.722222222222222
"survivors",0.25,0.416666666666667,0.666666666666667
"survivors",0.75,0.212121212121212,0.568181818181818
"survivors",0.125,0.25,0.763888888888889
"survivors",0,0.5,0.722222222222222
"survivors",0.75,0.25,0.555555555555556
"survivors",0.875,0.25,0.513888888888889
"survivors",0.25,0.333333333333333,0.694444444444445
"survivors",1,0.666666666666667,0.333333333333333
"survivors",0.75,0.303030303030303,0.537878787878788
"survivors",0.75,1,0.275
"survivors",0,0.0833333333333333,0.775
"survivors",0,0.25,0.805555555555556
"survivors",0.875,0.166666666666667,0.541666666666667
"survivors",0.125,0.666666666666667,0.625
"survivors",0.5,0.233333333333333,0.58
"survivors",0,0.75,0.638888888888889
"survivors",0.125,0.777777777777778,0.587962962962963
"survivors",0.375,0.833333333333333,0.486111111111111
"survivors",0.25,0.5,0.638888888888889
"survivors",0.625,0.333333333333333,0.5125
"survivors",0.625,0.666666666666667,0.458333333333333
"survivors",0,0.416666666666667,0.75
"survivors",0.875,0.833333333333333,0.319444444444444
"survivors",0.75,0,0.638888888888889
"survivors",0.75,0.75,0.35
"survivors",1,0.25,0.472222222222222
"survivors",0,0.2,0.822222222222222
"survivors",0.375,0.333333333333333,0.652777777777778
"survivors",0.375,0.606060606060606,0.561868686868687
"survivors",0.625,0.393939393939394,0.494318181818182
"survivors",0.875,0.25,0.513888888888889
"survivors",0.5,0.166666666666667,0.666666666666667
"survivors",0.25,0.454545454545455,0.654040404040404
"survivors",0.125,0.25,0.763888888888889
"survivors",0.5,0.5,0.555555555555556
"survivors",0.25,0.333333333333333,0.625
"survivors",0,0.222222222222222,0.814814814814815
"survivors",0,0,0.888888888888889
"survivors",0.75,0.333333333333333,0.527777777777778
"survivors",0.625,0.111111111111111,0.579166666666667
"survivors",0.375,0.666666666666667,0.4875
"survivors",0.25,0.222222222222222,0.731481481481482
"survivors",0.5,0.166666666666667,0.666666666666667
"survivors",0.5,0.303030303030303,0.559090909090909
"survivors",0.125,0.303030303030303,0.746212121212121
"survivors",0.5,0.416666666666667,0.583333333333333
"survivors",1,0.333333333333333,0.444444444444444
"survivors",0.125,0.333333333333333,0.6625
"survivors",0.75,0.575757575757576,0.446969696969697
"survivors",0.75,0.333333333333333,0.527777777777778
"survivors",1,0.333333333333333,0.444444444444444
"survivors",0.875,0.25,0.513888888888889
"survivors",0.375,0.25,0.680555555555556
"survivors",0.75,0.0909090909090909,0.608585858585859
"survivors",0.875,0.272727272727273,0.506313131313131
"survivors",0.5,0.25,0.638888888888889
"survivors",0,0.25,0.805555555555556
"survivors",0.5,0.583333333333333,0.527777777777778
"survivors",0.875,0.666666666666667,0.375
"survivors",0.875,0.416666666666667,0.458333333333333
"survivors",0.5,0.333333333333333,0.611111111111111
"survivors",0.375,0.242424242424242,0.683080808080808
"survivors",0.625,0.416666666666667,0.541666666666667
"survivors",0.75,0.333333333333333,0.527777777777778
"survivors",0.375,0.333333333333333,0.652777777777778
"survivors",0.75,0.333333333333333,0.527777777777778
"survivors",1,0.166666666666667,0.5
"survivors",0.75,0.583333333333333,0.444444444444444
"survivors",0.625,0.5,0.4625
"survivors",0.75,0.25,0.555555555555556
"survivors",0.875,0.5,0.430555555555556
"survivors",0.25,0.333333333333333,0.694444444444445
"survivors",0.875,0.166666666666667,0.541666666666667
"survivors",0.375,0.75,0.513888888888889
"survivors",0.125,0.25,0.763888888888889
"survivors",0.625,0.833333333333333,0.402777777777778
"survivors",0.5,0.333333333333333,0.611111111111111
"survivors",0,0.666666666666667,0.666666666666667
"survivors",0.125,0.272727272727273,0.756313131313131
"survivors",0,0,0.888888888888889
"survivors",0.125,0.25,0.763888888888889
"survivors",0.125,0.166666666666667,0.791666666666667
"survivors",0.5,0.333333333333333,0.611111111111111
"survivors",0.375,0.25,0.680555555555556
"survivors",0.375,0.25,0.680555555555556
"survivors",0.375,0.666666666666667,0.541666666666667
"survivors",0,0.75,0.638888888888889
"survivors",0.25,0.333333333333333,0.694444444444445
"survivors",0.125,0.333333333333333,0.6625
"survivors",1,0.333333333333333,0.444444444444444
"survivors",0.375,0.466666666666667,0.608333333333333
"survivors",0.75,0,0.575
"survivors",0.625,0.111111111111111,0.643518518518518
"survivors",0.875,0,0.597222222222222
"survivors",1,0.75,0.275
"survivors",0.875,0,0.5375
"survivors",0.625,0.583333333333333,0.486111111111111
"survivors",1,0.363636363636364,0.434343434343434
"survivors",0,0.166666666666667,0.833333333333333
"survivors",0.625,0.333333333333333,0.569444444444445
"survivors",0.25,0.333333333333333,0.694444444444445
"survivors",1,0.363636363636364,0.434343434343434
"survivors",1,0.166666666666667,0.5
"survivors",0.125,0.466666666666667,0.6225
"survivors",0.125,0.0833333333333333,0.819444444444444
"survivors",0.875,0.303030303030303,0.446590909090909
"survivors",0.5,0.4,0.533333333333333
"survivors",0,0.333333333333333,0.65
"survivors",0.875,0.5,0.375
"survivors",0.625,0.583333333333333,0.430555555555556
"survivors",0.125,0.416666666666667,0.5875
"survivors",0.125,0.416666666666667,0.5875
"survivors",0.25,0.696969696969697,0.465909090909091
"survivors",1,0.454545454545455,0.348484848484848
"survivors",0,0.333333333333333,0.722222222222222
"survivors",0.5,0.5,0.5
"survivors",0.5,0.583333333333333,0.472222222222222
"survivors",0.125,0.166666666666667,0.736111111111111
"survivors",0.375,0.75,0.458333333333333
"survivors",0.75,0.363636363636364,0.462121212121212
"survivors",0.5,0.515151515151515,0.494949494949495
"survivors",0,0.0606060606060606,0.813131313131313
"survivors",0.375,0.5,0.541666666666667
"survivors",0.875,0.0833333333333333,0.513888888888889
"survivors",0.25,0.416666666666667,0.611111111111111
"survivors",0.375,0.25,0.625
"survivors",0.75,0.416666666666667,0.4
"survivors",0.25,0.333333333333333,0.638888888888889
"survivors",1,0.484848484848485,0.304545454545455
"survivors",0.375,0.25,0.625
"survivors",0.25,0.75,0.5
"survivors",0.375,0.303030303030303,0.546590909090909
"survivors",0.375,0.333333333333333,0.597222222222222
"survivors",0.625,1,0.291666666666667
"survivors",0.875,0.444444444444444,0.393518518518519
"survivors",0.75,0.25,0.5
"survivors",0,0.1,0.8
"survivors",0.75,0.416666666666667,0.444444444444444
"survivors",1,0.666666666666667,0.277777777777778
"survivors",0.25,0.333333333333333,0.575
"survivors",0.375,0.666666666666667,0.486111111111111
"survivors",0.875,0.545454545454545,0.359848484848485
"survivors",0.25,0.75,0.5
"survivors",0,0.166666666666667,0.777777777777778
"survivors",0.625,0.333333333333333,0.4625
"survivors",0.75,0.303030303030303,0.482323232323232
"survivors",1,0.303030303030303,0.398989898989899
"survivors",0,0.454545454545455,0.681818181818182
"survivors",0.5,0.583333333333333,0.472222222222222
"survivors",0.875,0.303030303030303,0.440656565656566
"survivors",1,0.444444444444444,0.351851851851852
"survivors",0.375,0.166666666666667,0.652777777777778
"survivors",0.375,0.0833333333333333,0.680555555555556
"survivors",0.875,0.333333333333333,0.430555555555556
"survivors",0.875,0.777777777777778,0.254166666666667
"survivors",1,0.5,0.333333333333333
"survivors",0.375,0.393939393939394,0.577020202020202
"survivors",0.25,0.416666666666667,0.55
"survivors",0.75,0.416666666666667,0.444444444444444
"survivors",0.75,0.416666666666667,0.444444444444444
"survivors",0.625,0.166666666666667,0.569444444444444
"survivors",1,0.575757575757576,0.308080808080808
"survivors",0,0.666666666666667,0.611111111111111
"survivors",0,0.166666666666667,0.777777777777778
"survivors",0,0.666666666666667,0.611111111111111
"survivors",0.75,0.333333333333333,0.472222222222222
"survivors",0.375,0.333333333333333,0.597222222222222
"survivors",1,0.5,0.333333333333333
"survivors",0.5,0.416666666666667,0.527777777777778
"survivors",0.75,0.583333333333333,0.388888888888889
"survivors",0.625,0.333333333333333,0.513888888888889
"survivors",0.25,0.5,0.583333333333333
"survivors",0.75,0.583333333333333,0.388888888888889
"survivors",0.875,0.5,0.375
"survivors",0.75,0.5,0.375
"survivors",0.25,0.75,0.5
"survivors",0.75,0.25,0.5
"survivors",0.375,0.333333333333333,0.597222222222222
"survivors",0.25,0.266666666666667,0.661111111111111
"survivors",0.125,0.5,0.625
"survivors",0.125,0.333333333333333,0.6125
"survivors",0.75,0.333333333333333,0.472222222222222
"survivors",0.375,0.272727272727273,0.617424242424242
"survivors",0.875,0.583333333333333,0.347222222222222
"survivors",0.875,0.666666666666667,0.319444444444444
"survivors",0.125,0,0.791666666666667
"survivors",0.5,0.666666666666667,0.444444444444444
"survivors",0.125,0.75,0.541666666666667
"survivors",0.625,0.166666666666667,0.569444444444444
"survivors",0.875,0.333333333333333,0.430555555555556
"survivors",0.75,0.555555555555556,0.398148148148148
"survivors",0.125,0.393939393939394,0.660353535353535
"survivors",1,0.666666666666667,0.25
"survivors",0.375,0.0666666666666667,0.686111111111111
"survivors",0,0.181818181818182,0.772727272727273
"survivors",0.75,0.393939393939394,0.452020202020202
"survivors",0.875,0,0.4875
"survivors",0.875,0.25,0.4125
"survivors",0.125,0.333333333333333,0.680555555555556
"survivors",0.5,0.666666666666667,0.444444444444444
"survivors",0,0.666666666666667,0.611111111111111
"survivors",0.5,0.25,0.583333333333333
"survivors",0.375,0.166666666666667,0.652777777777778
"survivors",0.25,0.25,0.666666666666667
"survivors",0,0.25,0.75
"survivors",0.875,0.833333333333333,0.2375
"survivors",0.75,0.416666666666667,0.4
"survivors",1,0.333333333333333,0.35
"survivors",0.25,0.166666666666667,0.694444444444444
"survivors",0.625,0.166666666666667,0.569444444444444
"survivors",0,0.416666666666667,0.694444444444444
"survivors",0.5,0.363636363636364,0.545454545454545
"survivors",0.5,0.416666666666667,0.527777777777778
"survivors",0.25,0.166666666666667,0.625
"survivors",0,0.333333333333333,0.722222222222222
"survivors",0,0.25,0.75
"survivors",0.875,0.0833333333333333,0.513888888888889
"survivors",0.625,0.333333333333333,0.4625
"survivors",0.375,0.555555555555556,0.523148148148148
"survivors",0.75,0.4,0.45
"survivors",0.875,0.7,0.308333333333333
"survivors",0.875,0.454545454545455,0.390151515151515
"survivors",0,0.666666666666667,0.611111111111111
"survivors",0.625,0.416666666666667,0.4375
"survivors",1,0.545454545454545,0.318181818181818
"survivors",0.75,0.181818181818182,0.470454545454545
"survivors",0.375,0.416666666666667,0.569444444444444
"survivors",0,0.916666666666667,0.527777777777778
"survivors",0.625,0.333333333333333,0.4625
"survivors",0.625,0.185185185185185,0.506944444444445
"survivors",0.375,0.363636363636364,0.528409090909091
"survivors",0.625,0.555555555555556,0.395833333333333
"survivors",0.875,0.466666666666667,0.3475
"survivors",0.875,0.5,0.3375
"survivors",0,0.5,0.666666666666667
"survivors",0.625,0.636363636363636,0.371590909090909
"survivors",0.125,0.25,0.708333333333333
"survivors",0.5,0.75,0.416666666666667
"survivors",0.75,0.666666666666667,0.325
"survivors",1,0.212121212121212,0.436363636363636
"survivors",0.375,0.666666666666667,0.541666666666667
"survivors",0,0.333333333333333,0.777777777777778
"survivors",0.25,0.5,0.638888888888889
"survivors",1,0.416666666666667,0.416666666666667
"survivors",0.625,0.416666666666667,0.541666666666667
"survivors",0.875,0.166666666666667,0.4875
"survivors",0.375,0.444444444444444,0.615740740740741
"survivors",0.375,0.5,0.597222222222222
"survivors",0.25,0.333333333333333,0.694444444444445
"survivors",0.875,0.5,0.3875
"survivors",0,0.333333333333333,0.777777777777778
"survivors",0.75,0.333333333333333,0.527777777777778
"survivors",0,0.166666666666667,0.833333333333333
"survivors",0.75,0.166666666666667,0.583333333333333
"survivors",0.875,0.25,0.513888888888889
"survivors",0.75,0.666666666666667,0.361111111111111
"survivors",0,0.5,0.666666666666667
"survivors",0,0.666666666666667,0.611111111111111
"survivors",0.625,0,0.625
"survivors",0.875,0.333333333333333,0.430555555555556
"survivors",1,0.166666666666667,0.4
"survivors",0.125,0.333333333333333,0.680555555555556
"survivors",0,0.666666666666667,0.611111111111111
"survivors",0.875,0.333333333333333,0.3875
"survivors",0.375,0.333333333333333,0.597222222222222
"survivors",0.375,0.25,0.625
"survivors",0,0.583333333333333,0.694444444444445
"survivors",1,0.666666666666667,0.3
"survivors",1,0.333333333333333,0.444444444444444
"survivors",0,0.181818181818182,0.828282828282828
"survivors",0.5,0.0833333333333333,0.694444444444444
"survivors",0.625,0.416666666666667,0.541666666666667
"survivors",0,0.333333333333333,0.777777777777778
"survivors",0.875,0.333333333333333,0.486111111111111
"survivors",0.875,0.5,0.3875
"survivors",0.375,0.666666666666667,0.486111111111111
"survivors",0.625,0.111111111111111,0.587962962962963
"survivors",0.625,0.444444444444444,0.429166666666667
"survivors",0.125,0.166666666666667,0.736111111111111
"survivors",0.875,0.5,0.375
"survivors",0.5,0,0.666666666666667
"survivors",0,0,0.833333333333333
"survivors",0.625,0.333333333333333,0.569444444444445
"survivors",0,0.583333333333333,0.694444444444445
"survivors",0.375,0,0.763888888888889
"survivors",0.5,0.333333333333333,0.611111111111111
"survivors",0.625,0.416666666666667,0.541666666666667
"survivors",0.375,0.0833333333333333,0.736111111111111
"survivors",0.75,0.583333333333333,0.444444444444444
"survivors",0.625,0.583333333333333,0.486111111111111
"survivors",0.625,0.416666666666667,0.541666666666667
"survivors",0,0.5,0.722222222222222
"survivors",0.5,0.333333333333333,0.611111111111111
"survivors",0.625,0.333333333333333,0.569444444444445
"survivors",0.5,0.0833333333333333,0.625
"survivors",0.25,0.166666666666667,0.75
"survivors",0.625,0.5,0.513888888888889
"survivors",0.25,0.242424242424242,0.652272727272727
"survivors",0,0.333333333333333,0.777777777777778
"survivors",0,0.333333333333333,0.777777777777778
"survivors",0.25,0.0303030303030303,0.795454545454546
"survivors",0.875,0.444444444444444,0.404166666666667
"survivors",0,0.166666666666667,0.833333333333333
"survivors",0.875,0.5,0.3875
"survivors",0.125,0.366666666666667,0.725
"survivors",0.625,0,0.680555555555556
"survivors",0.25,0.583333333333333,0.611111111111111
"survivors",0,0.583333333333333,0.694444444444444
"survivors",0.25,0.416666666666667,0.666666666666667
"survivors",0.375,0.444444444444444,0.615740740740741
"survivors",0.125,0.272727272727273,0.756313131313131
"survivors",0,0.25,0.805555555555556
"survivors",0.625,0.666666666666667,0.4125
"survivors",0,0.416666666666667,0.75
"survivors",0.125,0.166666666666667,0.7125
"survivors",0.75,0.166666666666667,0.583333333333333
"survivors",0.875,0.25,0.513888888888889
"survivors",1,0.0833333333333333,0.475
"survivors",0.25,0.333333333333333,0.694444444444445
"survivors",0.625,0.5,0.4625
"survivors",0.625,0.555555555555556,NA
"survivors",0,0.222222222222222,0.814814814814815
"survivors",0.125,0.5,0.6125
"survivors",0.5,0.0833333333333333,0.625
"survivors",0.25,0.333333333333333,0.694444444444445
"survivors",0.5,0.233333333333333,0.644444444444444
"survivors",0.75,0.303030303030303,0.537878787878788
"survivors",0.75,0.111111111111111,0.601851851851852
"survivors",0.875,0.2,0.4775
"survivors",0.125,0.25,0.763888888888889
"survivors",0.375,1,0.430555555555556
"survivors",0,0.333333333333333,0.777777777777778
"survivors",0.5,0.333333333333333,0.611111111111111
"survivors",0.25,0.363636363636364,0.684343434343434
"survivors",0.75,0.166666666666667,0.583333333333333
"survivors",0.625,0.0833333333333333,0.652777777777778
"survivors",0,0.666666666666667,0.666666666666667
"survivors",0.5,0.25,0.638888888888889
"survivors",0.5,0.583333333333333,0.527777777777778
"survivors",0.125,0.583333333333333,0.652777777777778
"survivors",1,0.0833333333333333,0.475
"survivors",0.75,0.416666666666667,0.5
"survivors",0.875,0.166666666666667,0.541666666666667
"survivors",0,0.0833333333333333,0.775
"survivors",0.625,0.0833333333333333,0.652777777777778
"survivors",0.25,0.333333333333333,0.694444444444445
"survivors",0.125,0.366666666666667,0.725
"survivors",0.625,0.75,0.430555555555556
"survivors",0.375,0.25,0.680555555555556
"survivors",0,0.833333333333333,0.611111111111111
"survivors",0.625,0.25,0.597222222222222
"survivors",0.25,0.25,0.65
"survivors",0.875,0.303030303030303,0.496212121212121
"survivors",0.5,0.583333333333333,0.527777777777778
"survivors",0.375,0.5,0.5375
"survivors",0.125,0.222222222222222,0.773148148148148
"survivors",0.75,0.111111111111111,0.601851851851852
"survivors",0,0.333333333333333,0.777777777777778
"survivors",0.375,0.333333333333333,0.5875
"survivors",0.125,0.333333333333333,0.736111111111111
"survivors",1,0.481481481481481,0.355555555555556
"survivors",0.875,0.5,0.430555555555556
"survivors",0.75,0.666666666666667,0.416666666666667
"survivors",0,0.583333333333333,0.694444444444445
"survivors",0.5,0.166666666666667,0.666666666666667
"survivors",0.375,0.666666666666667,0.4875
"survivors",0,0.416666666666667,0.75
"survivors",0,0.75,0.638888888888889
"survivors",0.375,0.25,0.6125
"survivors",1,0.416666666666667,0.416666666666667
"survivors",0.875,0.25,0.4625
"survivors",0,0.666666666666667,0.666666666666667
"survivors",0.375,0.583333333333333,0.5125
"survivors",0,0.111111111111111,0.851851851851852
"survivors",0,0.555555555555556,0.703703703703704
"survivors",0,0.416666666666667,0.75
"survivors",0,0.266666666666667,0.8
"survivors",0.5,0.416666666666667,0.583333333333333
"survivors",1,1,0.2
"survivors",0.625,0.333333333333333,0.569444444444445
"survivors",0.375,0.272727272727273,0.672979797979798
"survivors",0.75,0.242424242424242,0.558080808080808
"survivors",0.25,0.333333333333333,0.694444444444445
"survivors",0.25,0,0.805555555555556
"survivors",0,0.583333333333333,0.694444444444445
"survivors",0.125,0.333333333333333,0.736111111111111
"survivors",0.625,0.121212121212121,0.640151515151515
"survivors",0.625,0.151515151515152,0.630050505050505
"survivors",0.875,0.5,0.430555555555556
"survivors",0.25,0.333333333333333,0.694444444444445
"survivors",0,0.333333333333333,0.777777777777778
"survivors",0,0.0833333333333333,0.861111111111111
"survivors",0.25,0.166666666666667,0.75
"survivors",0.625,0.454545454545455,0.529040404040404
"survivors",0,0.25,0.725
"survivors",0.625,0.333333333333333,0.569444444444445
"survivors",0,0.333333333333333,0.777777777777778
"survivors",0.75,0,0.638888888888889
"survivors",0,0,0.888888888888889
"survivors",0.625,0.666666666666667,0.458333333333333
"survivors",0.25,0.583333333333333,0.611111111111111
"survivors",1,0.333333333333333,0.444444444444444
"survivors",0.5,0.25,0.638888888888889
"survivors",0.875,0.333333333333333,0.486111111111111
"survivors",0,0.333333333333333,0.7
"survivors",0.625,0.75,0.430555555555556
"survivors",0.375,0.333333333333333,0.652777777777778
"survivors",0,0,0.888888888888889
"survivors",0.5,0.333333333333333,0.611111111111111
"survivors",1,0.416666666666667,0.375
"survivors",0.25,0.5,0.638888888888889
"survivors",0,0.416666666666667,0.694444444444444
"survivors",0.25,0.0833333333333333,0.722222222222222
"survivors",0.25,0.393939393939394,0.618686868686869
"survivors",0.875,0.666666666666667,0.2875
"survivors",0,0,0.75
"survivors",0.5,0.363636363636364,0.490909090909091
"survivors",0,0.333333333333333,0.722222222222222
"survivors",0.5,0.5,0.5
"survivors",0.5,0.5,0.45
"survivors",0.375,0.416666666666667,0.5125
"survivors",0,0.5,0.666666666666667
"survivors",0,0.0833333333333333,0.805555555555556
"survivors",0.125,0.583333333333333,0.597222222222222
"survivors",0,0.606060606060606,0.631313131313131
"survivors",0.75,0.222222222222222,0.509259259259259
"survivors",0.875,0.25,0.458333333333333
"survivors",0.625,0.5,0.458333333333333
"survivors",1,0.333333333333333,0.388888888888889
"survivors",0.625,0.5,0.458333333333333
"survivors",0.875,0.484848484848485,0.380050505050505
"survivors",0.5,0.5,0.5
"survivors",0,0.777777777777778,0.574074074074074
"survivors",0.875,0.0833333333333333,0.4625
"survivors",1,0.333333333333333,0.388888888888889
"survivors",0.25,0.583333333333333,0.555555555555556
"survivors",0,0.25,0.675
"survivors",0,0.333333333333333,0.722222222222222
"survivors",0.375,0.366666666666667,0.5275
"survivors",0,0.333333333333333,0.722222222222222
"survivors",0,0.5,0.666666666666667
"survivors",0.75,0.666666666666667,0.325
"survivors",0.25,0.166666666666667,0.694444444444444
"survivors",0,0.583333333333333,0.638888888888889
"survivors",0.75,0.5,0.416666666666667
"survivors",0.125,0.583333333333333,0.597222222222222
"survivors",0.25,0.916666666666667,0.4
"survivors",0.25,0.555555555555556,0.564814814814815
"survivors",0.875,0.166666666666667,0.4375
"survivors",0.375,0.666666666666667,0.486111111111111
"survivors",0.25,0.555555555555556,0.508333333333333
"survivors",0.75,0.416666666666667,0.444444444444444
"survivors",0.75,0.25,0.5
"survivors",0,0.666666666666667,0.611111111111111
"survivors",0.625,0.424242424242424,0.435227272727273
"survivors",0.75,0.666666666666667,0.325
"survivors",0,0.366666666666667,0.711111111111111
"survivors",0.75,0.916666666666667,0.25
"survivors",0.125,0.25,0.708333333333333
"survivors",0,0.583333333333333,0.638888888888889
"survivors",0,0.333333333333333,0.722222222222222
"survivors",0.625,0.133333333333333,0.580555555555556
"survivors",0.125,0.333333333333333,0.680555555555556
"survivors",0.625,0.25,0.541666666666667
"survivors",0.5,0.5,0.5
"survivors",0.25,0.393939393939394,0.556818181818182
"survivors",0.75,0.212121212121212,0.512626262626263
"survivors",0.875,0.111111111111111,0.454166666666667
"survivors",1,0.242424242424242,0.363636363636364
"survivors",0,0.166666666666667,0.777777777777778
"survivors",0.875,0.5,0.430555555555556
"survivors",0,0.333333333333333,0.777777777777778
"survivors",0.875,0.583333333333333,0.402777777777778
"survivors",0,0.416666666666667,0.694444444444444
"survivors",1,0.333333333333333,0.388888888888889
"survivors",0.625,0.333333333333333,0.458333333333333
"survivors",0.875,0.333333333333333,0.3875
"survivors",1,0.333333333333333,0.388888888888889
"survivors",0,0.333333333333333,0.666666666666667
"survivors",0,0.166666666666667,0.833333333333333
"survivors",0,0.416666666666667,0.75
"survivors",0,0.333333333333333,0.777777777777778
"survivors",0,0.333333333333333,0.777777777777778
"survivors",0.25,0.0666666666666667,0.705
"survivors",0.375,0.0833333333333333,0.736111111111111
"survivors",0,0.25,0.805555555555556
"survivors",1,0.25,0.425
"survivors",0.375,0.5,0.597222222222222
"survivors",0.375,0.444444444444444,0.554166666666667
"survivors",0,0.25,0.805555555555556
"survivors",0.125,0.25,0.6875
"survivors",0.25,0.166666666666667,0.675
"survivors",0,0.166666666666667,0.75
"survivors",0.5,0.0833333333333333,0.694444444444444
"survivors",0.625,0.0833333333333333,0.652777777777778
"survivors",0.375,0.333333333333333,0.5875
"survivors",0.5,0.222222222222222,0.583333333333333
"survivors",0.125,0.166666666666667,0.791666666666667
"survivors",0,0.333333333333333,0.777777777777778
"survivors",0.25,0.166666666666667,0.75
"survivors",0,0.555555555555556,0.633333333333333
"survivors",0.25,0.166666666666667,0.675
"survivors",1,0.416666666666667,0.416666666666667
"survivors",0.125,0.416666666666667,0.5875
"survivors",0,0.166666666666667,0.777777777777778
"survivors",0.625,0.0833333333333333,0.597222222222222
"survivors",0.125,0.666666666666667,0.569444444444444
"survivors",0,0.416666666666667,0.694444444444444
"survivors",0.25,0,0.75
"survivors",0.75,0.222222222222222,0.509259259259259
"survivors",0,0.166666666666667,0.777777777777778
"survivors",0,0.25,0.75
"survivors",0.5,0.166666666666667,0.611111111111111
"survivors",0.125,0.333333333333333,0.680555555555556
"survivors",0,0.333333333333333,0.722222222222222
"survivors",0,0,0.833333333333333
"survivors",0.5,0.583333333333333,0.472222222222222
"survivors",0.125,0.233333333333333,0.713888888888889
"survivors",0,0.416666666666667,0.694444444444444
"survivors",0,0.272727272727273,0.742424242424242
"survivors",0.125,0.333333333333333,0.680555555555556
"survivors",0,0,0.833333333333333
"survivors",0.5,0.555555555555556,0.433333333333333
"survivors",0.5,0,0.666666666666667
"survivors",0.25,0.333333333333333,0.638888888888889
"survivors",0,0.5,0.666666666666667
"survivors",0,0.166666666666667,0.777777777777778
"survivors",0.375,0.333333333333333,0.597222222222222
"survivors",0.75,0.583333333333333,0.388888888888889
"survivors",0.125,0.0909090909090909,0.761363636363636
"survivors",0.375,0.166666666666667,0.652777777777778
"survivors",0.375,0.5,0.4875
"survivors",0.375,0.181818181818182,0.532954545454545
"survivors",0.75,0.25,0.4
"survivors",0.375,0.416666666666667,0.4625
"survivors",0.625,0.666666666666667,0.347222222222222
"survivors",0,0.233333333333333,0.755555555555556
"survivors",1,0.555555555555556,0.314814814814815
"survivors",0.5,0.416666666666667,0.475
"survivors",0.625,0.5,0.402777777777778
"survivors",0,0.333333333333333,0.666666666666667
"survivors",0,0.233333333333333,0.7
"survivors",1,0.416666666666667,0.361111111111111
"survivors",0.25,0.121212121212121,0.765151515151515
"survivors",0.5,0.151515151515152,0.604545454545455
"survivors",0.5,0.333333333333333,0.611111111111111
"survivors",0,0.333333333333333,0.7
"survivors",0.375,0.333333333333333,0.652777777777778
"survivors",0.5,0.416666666666667,0.583333333333333
"survivors",0.5,0.666666666666667,0.444444444444444
"survivors",0,0.181818181818182,0.828282828282828
"survivors",0,0.416666666666667,0.675
"survivors",0.5,0.25,0.575
"survivors",0,0.25,0.805555555555556
"survivors",0.25,0.25,0.65
"survivors",0.25,0.363636363636364,0.684343434343434
"survivors",0.625,0.272727272727273,0.530681818181818
"survivors",0,0.833333333333333,0.611111111111111
"survivors",0.125,0.75,0.597222222222222
"survivors",0,0.5,0.722222222222222
"survivors",0.25,0.111111111111111,0.768518518518518
"survivors",0.25,0.5,0.638888888888889
"survivors",0.125,0.151515151515152,0.796717171717172
"survivors",0.625,0.111111111111111,0.643518518518518
"survivors",0.75,0.333333333333333,0.527777777777778
"survivors",0.125,0.166666666666667,0.791666666666667
"survivors",1,0.0909090909090909,0.472727272727273
"survivors",0,0.444444444444444,0.666666666666667
"survivors",0.25,0,0.725
"survivors",0,0.333333333333333,0.777777777777778
"survivors",0,0.666666666666667,0.6
"survivors",0,0.416666666666667,0.75
"survivors",0.5,0.25,0.638888888888889
"survivors",0.5,0.25,0.575
"survivors",0,0.333333333333333,0.777777777777778
"survivors",0,0.333333333333333,0.777777777777778
"survivors",0.625,0.333333333333333,0.569444444444445
"survivors",0,0.166666666666667,0.833333333333333
"survivors",0.125,0.296296296296296,0.673611111111111
"survivors",0.25,0.272727272727273,0.643181818181818
"survivors",0,0.333333333333333,0.777777777777778
"survivors",0,0.333333333333333,0.777777777777778
"survivors",0.375,0.25,0.6125
"survivors",0.125,0,0.847222222222222
"survivors",0,0.333333333333333,0.7
"survivors",0,0.444444444444444,0.740740740740741
"survivors",0.375,0.416666666666667,0.625
"survivors",0.125,0.333333333333333,0.736111111111111
"survivors",0.5,0.5,0.555555555555556
"survivors",0.25,0.0303030303030303,0.795454545454546
"survivors",0,0.0909090909090909,0.858585858585859
"survivors",0.25,0.111111111111111,0.768518518518518
"survivors",0.125,0.555555555555556,0.662037037037037
"survivors",0.125,0.25,0.763888888888889
"survivors",0,0.5,0.722222222222222
"survivors",0.375,0.333333333333333,0.652777777777778
"survivors",0,0.75,0.575
"survivors",0.25,0.25,0.722222222222222
"survivors",0.875,0.166666666666667,0.4875
"survivors",0.125,0.416666666666667,0.708333333333333
"survivors",0.125,0.25,0.763888888888889
"survivors",0,0.416666666666667,0.75
"survivors",0.5,0.5,0.555555555555556
"survivors",0,0.5,0.722222222222222
"survivors",0,0.166666666666667,0.833333333333333
"survivors",0.125,0.333333333333333,0.6625
"survivors",0.125,0.416666666666667,0.708333333333333
"survivors",0.875,0.583333333333333,0.402777777777778
"survivors",0,0.333333333333333,0.777777777777778
"survivors",0.375,0.25,0.680555555555556
"survivors",0.125,0.111111111111111,0.810185185185185
"survivors",0,0.0833333333333333,0.775
"survivors",0.125,0.333333333333333,0.736111111111111
"survivors",0,0.833333333333333,0.611111111111111
"survivors",0.125,0.583333333333333,0.652777777777778
"survivors",0,0.333333333333333,0.777777777777778
"survivors",0.125,0.25,0.6875
"survivors",0.25,0.25,0.65
"survivors",0.25,0.333333333333333,0.694444444444445
"survivors",0.125,0.181818181818182,0.786616161616162
"survivors",0,0.333333333333333,0.777777777777778
"survivors",0.25,0.166666666666667,0.75
"survivors",0,0.151515151515152,0.838383838383838
"survivors",0,0,0.888888888888889
"survivors",0,0.583333333333333,0.694444444444445
"survivors",0.5,0.416666666666667,0.583333333333333
"survivors",0.5,0.333333333333333,0.611111111111111
"survivors",0,0.25,0.805555555555556
"survivors",0.5,0.166666666666667,0.6
"survivors",0.5,0.242424242424242,0.641414141414141
"survivors",0.125,0.166666666666667,0.791666666666667
"survivors",0,0,0.8
"survivors",0,0.5,0.722222222222222
"survivors",0.75,0.5,0.425
"survivors",0.375,0.121212121212121,0.723484848484849
"survivors",0.625,0.583333333333333,0.486111111111111
"survivors",0.125,0,0.847222222222222
"survivors",0.25,0.444444444444444,0.657407407407407
"survivors",0,0.166666666666667,0.833333333333333
"survivors",0,0,0.888888888888889
"survivors",0,0.25,0.805555555555556
"survivors",0,0.166666666666667,0.833333333333333
"survivors",0,0.166666666666667,0.833333333333333
"survivors",0.125,0.666666666666667,0.625
"survivors",0.25,1,0.472222222222222
"survivors",0.125,0.333333333333333,0.736111111111111
"survivors",0.25,0.25,0.722222222222222
"survivors",0,0.222222222222222,0.733333333333333
"survivors",0.25,0.181818181818182,0.744949494949495
"survivors",0.5,0.25,0.638888888888889
"survivors",0.125,0.25,0.763888888888889
"survivors",0,0.166666666666667,0.833333333333333
"survivors",0,0.25,0.805555555555556
"survivors",0,0.0833333333333333,0.861111111111111
"survivors",0,0.166666666666667,0.833333333333333
"survivors",0,0.111111111111111,0.851851851851852
"survivors",0,0.111111111111111,0.851851851851852
"survivors",0.375,0.0833333333333333,0.6625
"survivors",0,0.5,0.722222222222222
"survivors",0.625,0.0833333333333333,0.652777777777778
"survivors",0,0.5,0.722222222222222
"survivors",0.5,0.666666666666667,0.5
"survivors",0.5,0.75,0.472222222222222
"survivors",0.25,0,0.725
"survivors",0.875,0.416666666666667,0.458333333333333
"survivors",0,0.333333333333333,0.777777777777778
"survivors",0.25,0.75,0.5
"survivors",0,0.0833333333333333,0.861111111111111
"survivors",0.25,0.444444444444444,0.591666666666667
"survivors",0.375,0,0.6875
"survivors",0,0.666666666666667,0.666666666666667
"survivors",0,0.333333333333333,0.7
"survivors",0,0.166666666666667,0.833333333333333
"survivors",0,0.111111111111111,0.851851851851852
"survivors",0.375,0.166666666666667,0.708333333333333
"survivors",0,0.416666666666667,0.75
"survivors",0,0.666666666666667,0.666666666666667
"survivors",0,0,0.888888888888889
"survivors",0,0.416666666666667,0.75
"survivors",0,0.333333333333333,0.777777777777778
"survivors",0,0.583333333333333,0.694444444444445
"survivors",0.5,0.212121212121212,0.651515151515151
"survivors",0,0.5,0.722222222222222
"survivors",0.125,0.25,0.763888888888889
"survivors",0.5,0.166666666666667,0.666666666666667
"survivors",0,0.166666666666667,0.833333333333333
"survivors",0.25,0.166666666666667,0.675
"survivors",0.5,0,0.65
"survivors",0,0.166666666666667,0.833333333333333
"survivors",0.625,0.166666666666667,0.625
"survivors",0,0.25,0.725
"survivors",0.5,0.333333333333333,0.55
"survivors",0.5,0.2,0.655555555555556
"survivors",0,0.25,0.805555555555556
"survivors",0,0.0833333333333333,0.861111111111111
"survivors",0,0.25,0.805555555555556
"survivors",0.125,0.25,0.6875
"survivors",0,0.222222222222222,0.814814814814815
"survivors",0.25,0.333333333333333,0.694444444444445
"survivors",0,0.25,0.805555555555556
"survivors",0.75,0.25,0.555555555555556
"survivors",0.125,0.333333333333333,0.736111111111111
"survivors",0.125,0,0.847222222222222
"survivors",0,0.25,0.805555555555556
"survivors",0,0.5,0.722222222222222
"survivors",0,0.777777777777778,0.62962962962963
"survivors",0.125,0,0.847222222222222
"survivors",1,0.333333333333333,0.444444444444444
"survivors",0.125,0.25,0.763888888888889
"survivors",0.75,0.212121212121212,0.511363636363636
"survivors",0,0.25,0.805555555555556
"survivors",0.25,0.166666666666667,0.75
"survivors",0,0.0833333333333333,0.861111111111111
"survivors",0.75,0.5,0.425
"survivors",0.25,0.333333333333333,0.694444444444445
"survivors",0.625,1,0.347222222222222
"survivors",0.375,0.333333333333333,0.5875
"survivors",0.25,0.166666666666667,0.75
"survivors",0,0.666666666666667,0.666666666666667
"survivors",0.5,0.25,0.575
"survivors",0.625,0.666666666666667,0.4125
"survivors",0,0.583333333333333,0.694444444444445
"survivors",0,0.25,0.805555555555556
"survivors",0,0.166666666666667,0.833333333333333
"survivors",0.75,0.75,0.388888888888889
"survivors",0.375,0.212121212121212,0.693181818181818
"survivors",0.25,0.166666666666667,0.75
"survivors",0,0.333333333333333,0.777777777777778
"survivors",0,0.333333333333333,0.777777777777778
"survivors",0.125,0.25,0.763888888888889
"survivors",0,0.454545454545455,0.663636363636364
"survivors",0.75,0.416666666666667,0.5
"survivors",0,0.222222222222222,0.814814814814815
"survivors",0.25,0.111111111111111,0.768518518518518
"survivors",0,0.75,0.638888888888889
"survivors",0.25,0.0833333333333333,0.777777777777778
"survivors",0.375,0.416666666666667,0.625
"survivors",1,0.25,0.425
"survivors",1,0.5,0.388888888888889
"survivors",0.375,0.0833333333333333,0.736111111111111
"survivors",0,0,0.888888888888889
"survivors",0.375,0.5,0.5375
"survivors",0.25,0.222222222222222,0.658333333333333
"survivors",0,0.333333333333333,0.777777777777778
"survivors",0.125,0.333333333333333,0.736111111111111
"survivors",0,0.111111111111111,0.851851851851852
"survivors",0.5,0.666666666666667,0.5
"survivors",0.875,0.25,0.4625
"survivors",0.75,0.416666666666667,0.5
"survivors",0,0.333333333333333,0.777777777777778
"survivors",0,0.833333333333333,0.55
"survivors",0.375,0.222222222222222,0.689814814814815
"survivors",0.125,0.5,0.680555555555556
"survivors",0.25,0.25,0.722222222222222
"survivors",0.75,0.666666666666667,0.416666666666667
"survivors",0,0.333333333333333,0.777777777777778
"survivors",0.125,0.666666666666667,0.625
"survivors",0,0.0833333333333333,0.861111111111111
"survivors",0,0.416666666666667,0.75
"survivors",0.125,0.5,0.680555555555556
"survivors",0.625,0.0833333333333333,0.652777777777778
"survivors",0.375,0.333333333333333,0.652777777777778
"survivors",0,0.333333333333333,0.777777777777778
"survivors",0.25,0.444444444444444,0.657407407407407
"survivors",0,0.166666666666667,0.833333333333333
"survivors",0.5,0.25,0.638888888888889
"survivors",0.125,0.444444444444444,0.699074074074074
"survivors",0.375,0.25,0.680555555555556
"survivors",0.625,0.75,0.430555555555556
"survivors",0.125,0.75,0.5375
"survivors",0.25,0.111111111111111,0.768518518518518
"survivors",0.375,0.833333333333333,0.486111111111111
"survivors",0,0.666666666666667,0.666666666666667
"survivors",0.125,0.166666666666667,0.791666666666667
"survivors",0.5,0.333333333333333,0.611111111111111
"survivors",0,0.272727272727273,0.797979797979798
"survivors",0,0.333333333333333,0.777777777777778
"survivors",0,0.333333333333333,0.777777777777778
"survivors",0.25,0.555555555555556,0.62037037037037
"survivors",0,0.25,0.805555555555556
"survivors",0.125,0.416666666666667,0.708333333333333
"survivors",0.375,0.25,0.680555555555556
"survivors",0.125,0.0833333333333333,0.7375
"survivors",0,0.444444444444444,0.740740740740741
"survivors",0.25,0.333333333333333,0.694444444444445
"survivors",0,0.166666666666667,0.833333333333333
"survivors",0.125,0.416666666666667,0.708333333333333
"survivors",0,0.583333333333333,0.694444444444445
"survivors",0,0.242424242424242,0.808080808080808
"survivors",0.25,0.272727272727273,0.714646464646465
"survivors",0,0.0833333333333333,0.861111111111111
"survivors",0,0.416666666666667,0.75
"survivors",1,0.666666666666667,0.3
"survivors",0,0.25,0.805555555555556
"survivors",0.25,0.5,0.638888888888889
"survivors",0,0.272727272727273,0.797979797979798
"survivors",0.125,0.333333333333333,0.736111111111111
"survivors",0.625,0.25,0.597222222222222
"survivors",0,0.0833333333333333,0.861111111111111
"survivors",0.125,0.545454545454545,0.66540404040404
"survivors",0.375,0.333333333333333,0.652777777777778
"survivors",0,0.333333333333333,0.777777777777778
"survivors",0.5,0.583333333333333,0.527777777777778
"survivors",0.75,0.181818181818182,0.520454545454546
"survivors",0.875,0.111111111111111,0.560185185185185
"survivors",0.25,0.25,0.722222222222222
"survivors",0.125,0.416666666666667,0.6375
"survivors",0,0.166666666666667,0.833333333333333
"survivors",0,0.0833333333333333,0.861111111111111
"survivors",0,0.583333333333333,0.694444444444445
"survivors",0.625,0.25,0.5375
"survivors",0,0.333333333333333,0.777777777777778
"survivors",0.125,0.333333333333333,0.736111111111111
"survivors",0,1,0.555555555555556
"survivors",0.375,0.5,0.597222222222222
"survivors",0,0.416666666666667,0.75
"survivors",0.125,0.0833333333333333,0.819444444444444
"survivors",0,0.25,0.805555555555556
"survivors",0.125,0.666666666666667,0.625
"survivors",0,0,0.888888888888889
"survivors",0.5,0.222222222222222,0.648148148148148
"survivors",0.5,0.916666666666667,0.375
"survivors",0,0.166666666666667,0.833333333333333
"survivors",0.25,0,0.805555555555556
"survivors",0.25,0.416666666666667,0.666666666666667
"survivors",0,0.5,0.722222222222222
"survivors",0.25,0.222222222222222,0.731481481481482
"survivors",0.875,0.833333333333333,0.319444444444444
"survivors",0.125,0.25,0.6875
"survivors",0.125,0.75,0.597222222222222
"survivors",0.875,0,0.5375
"survivors",0,0.444444444444444,0.740740740740741
"survivors",0,0.666666666666667,0.666666666666667
"survivors",0.125,0.25,0.763888888888889
"survivors",0.75,0.666666666666667,0.416666666666667
"survivors",0,0.333333333333333,0.777777777777778
"survivors",0,0.5,0.722222222222222
"survivors",0.125,0.333333333333333,0.736111111111111
"survivors",0.875,0.166666666666667,0.541666666666667
"survivors",0.5,0.583333333333333,0.527777777777778
"survivors",0.125,0.75,0.597222222222222
"survivors",0.375,0.5,0.597222222222222
"survivors",0,0.333333333333333,0.777777777777778
"survivors",0.75,0.166666666666667,0.583333333333333
"survivors",0.75,0.333333333333333,0.527777777777778
"survivors",1,0.166666666666667,0.5
"survivors",0.375,0.166666666666667,0.708333333333333
"survivors",0.125,0.416666666666667,0.708333333333333
"survivors",0.875,0.5,0.430555555555556
"survivors",0.75,0.333333333333333,0.527777777777778
"survivors",0.25,0.25,0.722222222222222
"survivors",0.375,0.333333333333333,0.652777777777778
"survivors",0.25,0.416666666666667,0.666666666666667
"survivors",0.75,0.333333333333333,0.475
"survivors",0.5,0.25,0.638888888888889
"survivors",0.875,0.333333333333333,0.486111111111111
"survivors",0.375,0.583333333333333,0.569444444444445
"survivors",0.125,0.833333333333333,0.569444444444445
"survivors",0.625,0.583333333333333,0.486111111111111
"survivors",0.5,0.166666666666667,0.666666666666667
"survivors",0.5,0.333333333333333,0.611111111111111
"survivors",0.25,0.666666666666667,0.583333333333333
"survivors",1,0.444444444444444,0.407407407407407
"survivors",0.125,0.333333333333333,0.736111111111111
"survivors",0.5,0.25,0.638888888888889
"survivors",0.5,0.0909090909090909,0.691919191919192
"survivors",0.375,0.583333333333333,0.569444444444445
"survivors",0.375,0.416666666666667,0.625
"survivors",0.125,0.181818181818182,0.786616161616162
"survivors",0.125,0.0833333333333333,0.819444444444444
"survivors",1,0.25,0.425
"survivors",0.875,0.242424242424242,0.464772727272727
"survivors",0.875,0.303030303030303,0.446590909090909
"survivors",0.75,0.333333333333333,0.527777777777778
"survivors",0.25,0.416666666666667,0.666666666666667
"survivors",0.25,0.5,0.638888888888889
"survivors",0.5,0.333333333333333,0.611111111111111
"survivors",0.25,0.583333333333333,0.611111111111111
"survivors",0,0.151515151515152,0.838383838383838
"survivors",0.125,0.25,0.763888888888889
"survivors",0.625,0.151515151515152,0.630050505050505
"survivors",0.25,0.25,0.722222222222222
"survivors",0.5,0.181818181818182,0.661616161616162
"survivors",0.375,0.25,0.680555555555556
"survivors",0.5,0.181818181818182,0.661616161616162
"survivors",0.5,0.666666666666667,0.5
"survivors",0.125,0.444444444444444,0.699074074074074
"survivors",0.375,0.333333333333333,0.652777777777778
"survivors",0.375,0.222222222222222,0.689814814814815
"survivors",0.75,0.444444444444444,0.441666666666667
"survivors",0.625,0.222222222222222,0.606481481481482
"survivors",1,0.5,0.35
"survivors",0.25,0.222222222222222,0.731481481481482
"survivors",0.625,0.583333333333333,0.486111111111111
"survivors",0,0.25,0.805555555555556
"survivors",1,0.583333333333333,0.325
"survivors",0.125,0.555555555555556,0.595833333333333
"survivors",1,0.222222222222222,0.481481481481482
"survivors",0.5,0.444444444444444,0.574074074074074
"survivors",0.375,0.222222222222222,0.689814814814815
"survivors",0,0.222222222222222,0.814814814814815
"survivors",0.5,0.5,0.555555555555556
"survivors",0.5,0.166666666666667,0.666666666666667
"survivors",0.375,0.333333333333333,0.652777777777778
"survivors",0.5,0.166666666666667,0.666666666666667
"survivors",0.75,0.333333333333333,0.527777777777778
"survivors",1,0.333333333333333,0.444444444444444
"survivors",0.625,0.272727272727273,0.589646464646465
"survivors",0.5,0.583333333333333,0.472222222222222
"survivors",0.75,0.5,0.416666666666667
"survivors",0.125,0.583333333333333,0.597222222222222
"survivors",0.875,0.555555555555556,0.356481481481481
"survivors",0.625,0.583333333333333,0.3875
"survivors",0.125,0.166666666666667,0.6625
"survivors",0.125,0.166666666666667,0.736111111111111
"survivors",0.25,0.166666666666667,0.694444444444444
"survivors",0,0.363636363636364,0.640909090909091
"survivors",0.125,0.416666666666667,0.652777777777778
"survivors",0,0.444444444444444,0.685185185185185
"survivors",0.5,0.166666666666667,0.55
"survivors",0.875,0.0833333333333333,0.513888888888889
"survivors",0.125,0.5,0.625
"survivors",0.125,0.666666666666667,0.569444444444444
"survivors",0.375,0.333333333333333,0.597222222222222
"survivors",0,0.75,0.583333333333333
"survivors",0.5,0.5,0.5
"survivors",0.625,0.166666666666667,0.569444444444444
"survivors",0.75,0.166666666666667,0.527777777777778
"survivors",0.625,0.3,0.4725
"survivors",0.375,0.5,0.4875
"survivors",0,0.666666666666667,0.611111111111111
"survivors",0.5,0.333333333333333,NA
"survivors",0.5,0.666666666666667,0.4
"survivors",1,0.333333333333333,0.388888888888889
"survivors",0.875,0.242424242424242,0.460858585858586
"survivors",0.125,0.666666666666667,0.5125
"survivors",0.125,0.666666666666667,0.5125
"survivors",1,0.166666666666667,0.4
"survivors",0.25,0.5,0.583333333333333
"survivors",0.875,0.916666666666667,0.236111111111111
"survivors",0.125,0.166666666666667,0.736111111111111
"survivors",0.5,0.888888888888889,0.333333333333333
"survivors",0,0.166666666666667,0.777777777777778
"survivors",0.375,0.75,0.4125
"survivors",0.375,0.333333333333333,0.597222222222222
"survivors",0.125,0.583333333333333,0.597222222222222
"survivors",0,0.666666666666667,0.611111111111111
"survivors",0.875,0.416666666666667,0.402777777777778
"survivors",0.5,0.5,0.5
"survivors",0.75,0.444444444444444,0.435185185185185
"survivors",0.375,0.5,0.541666666666667
"survivors",1,0.166666666666667,0.4
"survivors",0.125,0.333333333333333,0.680555555555556
"survivors",0,0.166666666666667,0.777777777777778
"survivors",0.25,0.583333333333333,0.555555555555556
"survivors",0,0.0909090909090909,0.803030303030303
"survivors",0.375,0.416666666666667,0.569444444444444
"survivors",0,0.25,0.75
"survivors",0,0.5,0.666666666666667
"survivors",0.625,0.416666666666667,0.486111111111111
"survivors",0.125,0.25,0.708333333333333
"survivors",0.25,0.333333333333333,0.638888888888889
"survivors",0.5,0.583333333333333,0.472222222222222
"survivors",0.25,0.333333333333333,0.638888888888889
"survivors",0.875,0.333333333333333,0.430555555555556
"survivors",0.75,0.5,0.416666666666667
"survivors",0.75,0.212121212121212,0.512626262626263
"survivors",0.125,0.333333333333333,0.680555555555556
"survivors",0.375,0.416666666666667,0.569444444444444
"survivors",0.625,0.583333333333333,0.430555555555556
"survivors",0.375,0.454545454545455,0.556818181818182
"survivors",0.25,0,0.75
"survivors",0,0.333333333333333,0.722222222222222
"survivors",0.75,0.272727272727273,0.492424242424242
"survivors",1,0,0.5
"survivors",0,0.166666666666667,0.777777777777778
"survivors",0.125,0.166666666666667,0.736111111111111
"survivors",0,0.416666666666667,0.694444444444444
"survivors",0.375,0.416666666666667,0.5125
"survivors",0.75,0.366666666666667,0.461111111111111
"survivors",0,0.666666666666667,0.611111111111111
"survivors",0,0.333333333333333,0.722222222222222
"survivors",0,0.25,0.75
"survivors",0.875,0.5,0.3375
"survivors",0,0.166666666666667,0.777777777777778
"survivors",0.25,0.416666666666667,0.611111111111111
"survivors",0.375,0.833333333333333,0.3875
"survivors",0.875,0.212121212121212,0.423863636363636
"survivors",1,0.333333333333333,0.388888888888889
"survivors",0.125,0.121212121212121,0.751262626262626
"survivors",0.625,0.5,0.458333333333333
"survivors",0.5,0.583333333333333,0.472222222222222
"survivors",0.375,0.555555555555556,0.470833333333333
"survivors",0.875,0.416666666666667,0.402777777777778
"survivors",0.25,0.333333333333333,0.638888888888889
"survivors",0,0.222222222222222,0.759259259259259
"survivors",0.375,0.166666666666667,0.652777777777778
"survivors",0,0.666666666666667,0.611111111111111
"survivors",0.25,0.444444444444444,0.601851851851852
"survivors",0.25,0.416666666666667,0.611111111111111
"survivors",0,0.151515151515152,0.782828282828283
"survivors",0.375,0.0833333333333333,0.6125
"survivors",1,0.583333333333333,0.305555555555556
"survivors",0.875,0.545454545454545,0.304292929292929
"survivors",0.25,0.166666666666667,0.638888888888889
"survivors",0.125,0.333333333333333,0.625
"survivors",0.875,0.7,0.252777777777778
"survivors",0.875,0.575757575757576,0.294191919191919
"survivors",0.75,0.5,0.361111111111111
"survivors",0.875,0.666666666666667,0.263888888888889
"survivors",0.5,0.166666666666667,0.611111111111111
"survivors",0.75,0.25,0.5
"survivors",0.25,0.833333333333333,0.472222222222222
"survivors",0,0.166666666666667,0.777777777777778
"survivors",0.375,0.333333333333333,0.597222222222222
"survivors",0.875,0.0833333333333333,0.513888888888889
"survivors",0.875,0.272727272727273,0.405681818181818
"survivors",0.875,0.303030303030303,0.396590909090909
"survivors",0.5,0.242424242424242,0.585858585858586
"survivors",0.875,0.0833333333333333,0.513888888888889
"survivors",0.875,0.545454545454545,0.359848484848485
"survivors",0.75,0.333333333333333,0.472222222222222
"survivors",0.5,0.333333333333333,0.5
"survivors",0.625,0.333333333333333,0.513888888888889
"survivors",0.125,0.333333333333333,0.680555555555556
"survivors",0.125,0.416666666666667,0.652777777777778
"survivors",0.5,0.5,0.45
"survivors",0,0.166666666666667,0.777777777777778
"survivors",0,0.151515151515152,0.782828282828283
"survivors",0.375,0.0833333333333333,0.680555555555556
"survivors",0.5,0.666666666666667,0.444444444444444
"survivors",0.5,0.583333333333333,0.472222222222222
"survivors",0.5,0.416666666666667,0.527777777777778
"survivors",0.375,0.555555555555556,0.523148148148148
"survivors",0.125,0.0833333333333333,0.6875
"survivors",1,0.777777777777778,0.216666666666667
"survivors",0.125,0.75,0.541666666666667
"survivors",0.75,0.0833333333333333,0.555555555555556
"survivors",0.375,0.833333333333333,0.430555555555556
"survivors",0.625,0.416666666666667,0.4375
"survivors",0.625,0.416666666666667,0.4375
"survivors",0.875,0.366666666666667,0.3775
"survivors",0.5,0.666666666666667,0.444444444444444
"survivors",0.875,0.166666666666667,0.486111111111111
"survivors",0.5,0.363636363636364,0.490909090909091
"survivors",0.75,0.4,0.45
"survivors",0.625,0.25,0.4875
"survivors",1,0.0833333333333333,0.472222222222222
"survivors",0,0.166666666666667,0.777777777777778
"survivors",0.5,0.25,0.583333333333333
"survivors",0.75,0.545454545454545,0.401515151515152
"survivors",0.375,0.25,0.625
"survivors",0,0.333333333333333,0.65
"survivors",0.5,0.303030303030303,0.565656565656566
"survivors",0.25,0.242424242424242,0.602272727272727
"survivors",0.5,0.75,0.375
"survivors",0.75,0.242424242424242,0.502525252525252
"survivors",0.375,0.0833333333333333,0.680555555555556
"survivors",0,0.111111111111111,0.796296296296296
"survivors",0.875,0.393939393939394,0.369318181818182
"survivors",0.875,0.25,0.458333333333333
"survivors",0.75,0.416666666666667,0.444444444444444
"survivors",0.625,0.583333333333333,0.430555555555556
"survivors",0.25,0.272727272727273,0.659090909090909
"survivors",1,0.333333333333333,0.388888888888889
"survivors",0.625,0.416666666666667,0.4375
"survivors",1,0.393939393939394,0.368686868686869
"survivors",1,0.6,0.3
"survivors",0.5,0.333333333333333,0.555555555555556
"survivors",0.625,0.166666666666667,0.569444444444444
"survivors",0.5,0.75,0.416666666666667
"survivors",0.5,0.166666666666667,0.611111111111111
"survivors",0.5,0.212121212121212,0.595959595959596
"survivors",0.375,0.333333333333333,0.597222222222222
"survivors",0.25,0.333333333333333,0.575
"survivors",0.25,0.333333333333333,0.638888888888889
"survivors",0.25,0.5,0.583333333333333
"survivors",0.75,0.222222222222222,0.509259259259259
"survivors",0.875,0.416666666666667,0.402777777777778
"survivors",0.75,0,0.583333333333333
"survivors",0.5,0.75,0.416666666666667
"survivors",0.625,0.3,0.525
"survivors",1,0.5,0.333333333333333
"survivors",0.625,0.242424242424242,0.489772727272727
"survivors",0.75,0.833333333333333,0.305555555555556
"survivors",0.25,0.25,0.666666666666667
"survivors",0.25,0.25,0.666666666666667
"survivors",0.75,0.416666666666667,0.444444444444444
"survivors",0.875,0.75,0.291666666666667
"survivors",0.625,0.242424242424242,0.544191919191919
"survivors",0.625,0.25,0.541666666666667
"survivors",0.5,0.333333333333333,0.555555555555556
"survivors",0.875,0.111111111111111,0.454166666666667
"survivors",0.75,0.166666666666667,0.475
"survivors",0,0.166666666666667,0.777777777777778
"survivors",0.125,0.242424242424242,0.710858585858586
"survivors",0.875,0.666666666666667,0.2875
"survivors",0.625,0.166666666666667,0.5125
"survivors",0.625,0.25,0.541666666666667
"survivors",0.75,0.555555555555556,0.398148148148148
"survivors",0.875,0.888888888888889,0.24537037037037
"survivors",0.75,0.5,0.416666666666667
"survivors",0.25,0.515151515151515,0.578282828282828
"survivors",0.625,0.75,0.375
"survivors",0.625,0.333333333333333,0.513888888888889
"survivors",0,0.333333333333333,0.722222222222222
"survivors",0.375,0.5,0.541666666666667
"survivors",0.75,0.166666666666667,0.527777777777778
"survivors",0,0.666666666666667,0.611111111111111
"survivors",0.375,0.5,0.541666666666667
"survivors",0.625,0.363636363636364,0.453409090909091
"survivors",0.25,0.333333333333333,0.638888888888889
"survivors",1,0.75,0.225
"survivors",0.625,0.666666666666667,0.402777777777778
"survivors",0.625,0.444444444444444,0.429166666666667
"survivors",0.875,0.416666666666667,0.402777777777778
"survivors",0,0.5,0.666666666666667
"survivors",0.875,0.242424242424242,0.460858585858586
"survivors",0.25,0.25,0.6
"survivors",0.875,0.303030303030303,0.440656565656566
"survivors",0.125,0.444444444444444,0.643518518518518
"survivors",0.75,0.0833333333333333,0.5
"survivors",0,0.0833333333333333,0.805555555555556
"survivors",0.75,0.0833333333333333,0.555555555555556
"survivors",0.5,0.363636363636364,0.545454545454545
"survivors",0.5,0.0303030303030303,0.656565656565657
"survivors",0.125,0.25,0.6375
"survivors",0.625,0.416666666666667,0.4375
"survivors",0.625,0.333333333333333,0.4625
"survivors",0.375,0.111111111111111,0.671296296296296
"survivors",0.875,0.696969696969697,0.309343434343434
"survivors",0.25,0.333333333333333,0.638888888888889
"survivors",0.5,0.666666666666667,0.444444444444444
"survivors",0.5,0.25,0.583333333333333
"survivors",0.75,0.25,0.45
"survivors",0.5,0.2,0.6
"survivors",0,0,0.833333333333333
"survivors",0.75,0,0.525
"survivors",1,0.416666666666667,0.325
"survivors",0.75,0.25,0.5
"survivors",0.625,0.416666666666667,0.486111111111111
"survivors",0.125,0.0833333333333333,0.763888888888889
"survivors",0.75,0.166666666666667,0.527777777777778
"survivors",0.75,0,0.525
"survivors",0.25,0.416666666666667,0.611111111111111
"survivors",0.875,0.25,0.4125
"survivors",0,0.5,0.666666666666667
"survivors",0.125,0,0.7125
"survivors",0.625,0.888888888888889,0.328703703703704
"survivors",0.625,0,0.5625
"survivors",0.125,0.3,0.691666666666667
"survivors",0.875,0.416666666666667,0.402777777777778
"survivors",0.375,0.25,0.625
"survivors",0.75,0.666666666666667,0.361111111111111
"survivors",0.875,0.5,0.375
"survivors",0,0.25,0.75
"survivors",0.75,0.75,0.333333333333333
"survivors",1,0.166666666666667,0.4
"survivors",0.25,0.416666666666667,0.611111111111111
"survivors",0.625,0.333333333333333,0.513888888888889
"survivors",0.75,0.5,0.416666666666667
"survivors",0.875,0.5,0.375
"survivors",0.125,0.555555555555556,0.606481481481482
"survivors",0.5,0.555555555555556,0.433333333333333
"survivors",0.5,0.416666666666667,0.527777777777778
"survivors",0.875,0.583333333333333,0.347222222222222
"survivors",0.75,0.416666666666667,0.444444444444444
"survivors",0.625,0.916666666666667,0.319444444444444
"survivors",0.875,0.416666666666667,0.402777777777778
"survivors",1,0.454545454545455,0.313636363636364
"survivors",0.375,0.75,0.458333333333333
"survivors",1,0.5,0.3
"survivors",0.625,0,0.625
"survivors",0.25,0.583333333333333,0.555555555555556
"survivors",0.875,0.833333333333333,0.263888888888889
"survivors",1,0.606060606060606,0.297979797979798
"survivors",0.25,0.583333333333333,0.555555555555556
"survivors",0.625,0,0.5625
"survivors",0.375,0.333333333333333,0.5375
"survivors",0.625,0.75,0.375
"survivors",0,0.222222222222222,0.759259259259259
"survivors",0,0.5,0.666666666666667
"survivors",1,0.393939393939394,0.331818181818182
"survivors",0.875,0.333333333333333,0.430555555555556
"survivors",0.75,0.5,0.416666666666667
"survivors",0.75,0.166666666666667,0.527777777777778
"survivors",0.875,0.393939393939394,0.369318181818182
"survivors",0.875,0.4,0.408333333333333
"survivors",0.625,0.303030303030303,0.523989898989899
"survivors",0.625,0.333333333333333,0.4625
"survivors",0.5,0.222222222222222,0.533333333333333
"survivors",0.5,0.666666666666667,0.4
"survivors",0.75,0.366666666666667,0.461111111111111
"survivors",0.625,0.666666666666667,0.402777777777778
"survivors",0.5,0.416666666666667,0.527777777777778
"survivors",0.625,0.545454545454545,0.443181818181818
"survivors",0.75,0.416666666666667,0.444444444444444
"survivors",0.125,0.25,0.708333333333333
"survivors",0.25,0.166666666666667,0.694444444444444
"survivors",0.75,0.583333333333333,0.388888888888889
"survivors",0.625,0.166666666666667,0.569444444444444
"survivors",0.75,0.416666666666667,0.444444444444444
"survivors",0,0.166666666666667,0.777777777777778
"survivors",0,0.416666666666667,0.694444444444444
"survivors",0.75,0.393939393939394,0.452020202020202
"survivors",0.125,1,0.458333333333333
"survivors",0.375,0.416666666666667,0.569444444444444
"survivors",0,0.333333333333333,0.722222222222222
"survivors",1,0.333333333333333,0.388888888888889
"survivors",0.25,0,0.75
"survivors",0.875,0.545454545454545,0.359848484848485
"survivors",0.875,0.181818181818182,0.481060606060606
"survivors",1,0.666666666666667,0.25
"survivors",0,0.333333333333333,0.666666666666667
"survivors",0.5,0.75,0.361111111111111
"survivors",0.625,0.416666666666667,0.430555555555556
"survivors",0.875,0.416666666666667,0.347222222222222
"survivors",1,0.0833333333333333,0.416666666666667
"survivors",0.75,0.757575757575758,0.247727272727273
"survivors",0,0.5,0.611111111111111
"survivors",0.625,0.272727272727273,0.478535353535354
"survivors",0.375,0.25,0.569444444444444
"survivors",0.25,0.333333333333333,0.583333333333333
"survivors",0.125,0.5,0.5125
"survivors",1,0.833333333333333,0.166666666666667
"survivors",0.75,0.363636363636364,0.365909090909091
"survivors",0.25,0.75,0.444444444444444
"survivors",0.375,0.515151515151515,0.481060606060606
"survivors",0.75,0.433333333333333,0.383333333333333
"survivors",0.625,0.333333333333333,0.4125
"survivors",0.875,0.666666666666667,0.2375
"survivors",0.75,1,0.175
"survivors",0.75,0.393939393939394,0.396464646464646
"survivors",0.75,0.333333333333333,0.416666666666667
"survivors",0.25,0.166666666666667,0.575
"survivors",1,0.303030303030303,0.343434343434343
"survivors",1,0.393939393939394,0.313131313131313
"survivors",0.125,0.333333333333333,0.625
"survivors",1,0.545454545454545,0.262626262626263
"survivors",0.875,0.666666666666667,0.263888888888889
"survivors",0.75,0.393939393939394,0.396464646464646
"survivors",0.75,0.0833333333333333,0.45
"survivors",1,0.166666666666667,0.35
"survivors",0.75,0.666666666666667,0.305555555555556
"survivors",0.875,0.393939393939394,0.319318181818182
"survivors",0.625,0.75,0.319444444444444
"survivors",0.75,0.696969696969697,0.295454545454545
"survivors",0.125,0.0833333333333333,0.708333333333333
"survivors",0.875,0.696969696969697,0.228409090909091
"survivors",0.875,0.25,0.402777777777778
"survivors",0.75,0.833333333333333,0.25
"survivors",1,0.416666666666667,0.305555555555556
"survivors",0.5,0.454545454545455,0.45959595959596
"survivors",0.375,0.333333333333333,0.4875
"survivors",0.75,0.583333333333333,0.333333333333333
"survivors",1,0.166666666666667,0.388888888888889
"survivors",0.25,0.0833333333333333,0.666666666666667
"survivors",0.25,0.75,0.4
"survivors",0.375,0.0833333333333333,0.5625
"survivors",0.75,0.454545454545455,0.338636363636364
"survivors",0.625,0.545454545454545,0.387626262626263
"survivors",0,0.181818181818182,0.717171717171717
"survivors",1,0.666666666666667,0.2
"survivors",0.75,0.583333333333333,0.333333333333333
"survivors",1,0.272727272727273,0.353535353535354
"survivors",1,0.583333333333333,0.225
"survivors",0.5,0.545454545454545,0.429292929292929
"survivors",0.625,0.166666666666667,0.513888888888889
"survivors",0,0.5,0.611111111111111
"survivors",0.875,0,0.486111111111111
"survivors",1,0.25,0.361111111111111
"survivors",0.25,0.5,0.527777777777778
"survivors",0.25,0.583333333333333,0.5
"survivors",0.125,0.181818181818182,0.67550505050505
"survivors",0.625,0.416666666666667,0.430555555555556
"survivors",0.5,0.333333333333333,0.45
"survivors",0.875,0.333333333333333,0.3375
"survivors",1,0.909090909090909,0.141414141414141
"survivors",0.375,0.833333333333333,0.375
"survivors",0.25,0.5,0.527777777777778
"survivors",0.875,0.583333333333333,0.291666666666667
"survivors",0.625,0.416666666666667,0.3875
"survivors",0.5,0.5,0.444444444444444
"survivors",0.625,0.166666666666667,0.513888888888889
"survivors",1,0.333333333333333,0.333333333333333
"survivors",0.5,0.151515151515152,0.560606060606061
"survivors",0.25,0.515151515151515,0.522727272727273
"survivors",0.125,0.5,0.569444444444444
"survivors",0.875,0.5,0.319444444444444
"survivors",1,0.666666666666667,0.222222222222222
"survivors",0.625,0.515151515151515,0.397727272727273
"survivors",0.375,0.5,0.486111111111111
"survivors",0.5,0.424242424242424,0.422727272727273
"survivors",0.875,0,0.486111111111111
"survivors",1,0.416666666666667,0.305555555555556
"survivors",0.5,0.5,0.444444444444444
"survivors",0.125,0.166666666666667,0.680555555555556
"survivors",0,0.75,0.527777777777778
"survivors",0.125,0.212121212121212,0.66540404040404
"survivors",0.375,0.212121212121212,0.582070707070707
"survivors",0,0.111111111111111,0.740740740740741
"survivors",0,0.777777777777778,0.518518518518518
"survivors",0.25,0.25,0.611111111111111
"survivors",0.125,0.333333333333333,0.625
"survivors",0.75,0.333333333333333,0.416666666666667
"survivors",0.125,0.636363636363636,0.523989898989899
"survivors",1,0.166666666666667,0.388888888888889
"survivors",0.875,0.25,0.458333333333333
"survivors",0.625,0.5,0.458333333333333
"survivors",0.375,0.416666666666667,0.569444444444444
"survivors",0.875,0.416666666666667,0.347222222222222
"survivors",0.875,0.666666666666667,0.263888888888889
"survivors",0.5,0.181818181818182,0.55050505050505
"survivors",0.75,0.333333333333333,0.472222222222222
"survivors",0.625,0.333333333333333,0.513888888888889
"survivors",0.125,0.333333333333333,0.680555555555556
"survivors",0.875,0.25,0.458333333333333
"survivors",0,0.416666666666667,0.694444444444444
"survivors",0.75,0.1,0.55
"survivors",0.5,0.266666666666667,0.577777777777778
"survivors",0.125,0,0.791666666666667
"survivors",0.625,0.25,0.541666666666667
"survivors",0.875,0.5,0.375
"survivors",0,0.111111111111111,0.796296296296296
"survivors",0.5,0.583333333333333,0.472222222222222
"survivors",0.875,0.333333333333333,0.430555555555556
"survivors",0.125,0.363636363636364,0.670454545454545
"survivors",0.75,1,0.25
"survivors",1,0.5,0.333333333333333
"survivors",0.75,0.2,0.465
"survivors",0.75,0.333333333333333,0.472222222222222
"survivors",1,0.25,0.416666666666667
"survivors",0.625,0.75,0.375
"survivors",0.625,0.416666666666667,0.486111111111111
"survivors",0.25,0.25,0.666666666666667
"survivors",0.5,0.416666666666667,0.527777777777778
"survivors",1,0.25,0.416666666666667
"survivors",0.25,0.416666666666667,0.611111111111111
"survivors",0.625,0.393939393939394,0.438131313131313
"survivors",0.5,0.5,0.444444444444444
"survivors",0.25,0.25,0.611111111111111
"survivors",0.875,0.555555555555556,0.270833333333333
"survivors",0.625,0.393939393939394,0.438131313131313
"survivors",0.125,0,0.6625
"survivors",0.375,0.166666666666667,0.5375
"survivors",0,0.0833333333333333,0.75
"survivors",0.875,0.5,0.319444444444444
"survivors",0.25,0.583333333333333,0.5
"survivors",0.125,0.5,0.680555555555556
"survivors",0.375,0.333333333333333,0.652777777777778
"survivors",0,0.333333333333333,0.7
"survivors",0.375,0.166666666666667,0.708333333333333
"survivors",1,0.5,0.3
"survivors",0.625,0.333333333333333,0.513888888888889
"survivors",1,0.166666666666667,0.444444444444444
"survivors",0.125,0.666666666666667,0.5125
"survivors",1,0.272727272727273,0.409090909090909
"survivors",0.875,0.25,0.402777777777778
"survivors",0.25,0.666666666666667,0.472222222222222
"survivors",0.625,0.151515151515152,0.517045454545455
"survivors",1,0.121212121212121,0.413636363636364
"survivors",0,0.25,0.725
"survivors",0,0.333333333333333,0.777777777777778
"survivors",0.5,0.5,0.555555555555556
"survivors",0,0.222222222222222,0.814814814814815
"survivors",0.375,0.666666666666667,0.541666666666667
"survivors",1,0.222222222222222,0.481481481481482
"survivors",0.625,0.444444444444444,0.532407407407407
"survivors",0.875,0,0.541666666666667
"survivors",0.875,0.545454545454545,0.273863636363636
"survivors",0.875,0.111111111111111,0.50462962962963
"survivors",0.25,0.666666666666667,0.472222222222222
"survivors",0.875,0.5,0.430555555555556
"survivors",0.25,0.333333333333333,0.694444444444445
"survivors",0,0.0833333333333333,0.775
"survivors",0.375,0.416666666666667,0.625
"survivors",0.375,0.333333333333333,0.652777777777778
"survivors",0.75,0.333333333333333,0.527777777777778
"survivors",1,0.416666666666667,0.416666666666667
"survivors",0.75,0.25,0.5
"survivors",0.375,0.166666666666667,0.708333333333333
"survivors",0.125,0.555555555555556,0.662037037037037
"survivors",0.875,0.666666666666667,0.375
"survivors",0.25,0.166666666666667,0.75
"survivors",0.125,0.25,0.763888888888889
"survivors",0.875,0.416666666666667,0.4125
"survivors",0,0.5,0.65
"survivors",0.75,0.181818181818182,0.578282828282828
"survivors",0,0.166666666666667,0.833333333333333
"survivors",0.625,0.25,0.597222222222222
"survivors",0,0.333333333333333,0.777777777777778
"survivors",0,0.25,0.805555555555556
"survivors",0.375,0.5,0.5375
"survivors",0.5,0.333333333333333,0.611111111111111
"survivors",0.375,0.393939393939394,0.632575757575758
"survivors",0,0.0833333333333333,0.861111111111111
"survivors",0.625,0.166666666666667,0.625
"survivors",0.125,0.25,0.6875
"survivors",0,0,0.888888888888889
"survivors",0,0.222222222222222,0.733333333333333
"survivors",0,0.333333333333333,0.777777777777778
"survivors",0,0,0.888888888888889
"survivors",0.25,0.0833333333333333,0.7
"survivors",0,0.666666666666667,0.666666666666667
"survivors",0,0.444444444444444,0.740740740740741
"survivors",0,0.111111111111111,0.851851851851852
"survivors",0.125,0.333333333333333,0.6625
"survivors",0,0.416666666666667,0.75
"survivors",0.625,0.363636363636364,0.503409090909091
"survivors",0.5,0,0.722222222222222
"survivors",1,0.454545454545455,0.404040404040404
"survivors",0.25,0.333333333333333,0.694444444444445
"survivors",0.5,0.166666666666667,0.6
"survivors",0.875,0.416666666666667,0.458333333333333
"survivors",0.375,0.25,0.680555555555556
"survivors",0.375,0.5,0.597222222222222
"survivors",0,0.333333333333333,0.777777777777778
"survivors",0.125,0.333333333333333,0.736111111111111
"survivors",0.625,0.333333333333333,0.513888888888889
"survivors",0.125,0.5,0.625
"survivors",0.625,0.0833333333333333,0.597222222222222
"survivors",0,0.5,0.666666666666667
"survivors",0,0.333333333333333,0.722222222222222
"survivors",0.875,0,0.541666666666667
"survivors",0.25,0.583333333333333,0.555555555555556
"survivors",0.375,0.333333333333333,0.597222222222222
"survivors",0.375,0.416666666666667,0.5125
"survivors",0.125,0.25,0.6375
"survivors",0.125,0.416666666666667,0.5875
"survivors",0.625,0.848484848484849,0.342171717171717
"survivors",0.125,0.583333333333333,0.5375
"survivors",0.125,0.5,0.625
"survivors",0.125,0.166666666666667,0.736111111111111
"survivors",0.25,0.555555555555556,0.564814814814815
"survivors",0.75,0.454545454545455,0.388636363636364
"survivors",0.25,0.333333333333333,0.575
"survivors",0,0.5,0.666666666666667
"survivors",0.25,0.416666666666667,0.55
"survivors",0.125,0.75,0.541666666666667
"survivors",0.375,0.666666666666667,0.486111111111111
"survivors",0.375,0.333333333333333,0.597222222222222
"survivors",0.875,0.333333333333333,0.375
"survivors",0.125,0.5,0.569444444444444
"survivors",0,0.333333333333333,0.722222222222222
"survivors",0,0.333333333333333,0.722222222222222
"survivors",0.875,0.25,0.458333333333333
"survivors",0.5,0.666666666666667,0.4
"survivors",0,0.25,0.75
"survivors",0,0.25,0.75
"survivors",0.375,0.416666666666667,0.569444444444444
"survivors",0.5,0.5,0.5
"survivors",0.875,0.181818181818182,0.432954545454545
"survivors",1,0.166666666666667,0.444444444444444
"survivors",0.375,0.333333333333333,0.597222222222222
"survivors",0,0.0833333333333333,0.805555555555556
"survivors",0,0.222222222222222,0.759259259259259
"survivors",0.625,0.583333333333333,0.430555555555556
"survivors",0,0.916666666666667,0.472222222222222
"survivors",0,0.666666666666667,0.555555555555556
"survivors",0.375,0.583333333333333,0.458333333333333
"survivors",0.75,0.242424242424242,0.446969696969697
"survivors",1,1,0.1
"survivors",0.875,0.787878787878788,0.223484848484849
"survivors",0.375,0.666666666666667,0.430555555555556
"survivors",0.375,0.0909090909090909,0.622474747474748
"survivors",0.625,0.5,0.402777777777778
"survivors",0.375,0.0833333333333333,0.5625
"survivors",0.875,0.583333333333333,0.291666666666667
"survivors",0.875,0.666666666666667,0.319444444444444
"survivors",0.5,0.333333333333333,0.555555555555556
"survivors",0.875,0.583333333333333,0.347222222222222
"survivors",1,0.333333333333333,0.35
"survivors",0.625,0.444444444444444,0.476851851851852
"survivors",0.75,0.212121212121212,0.461363636363636
"survivors",1,0.515151515151515,0.328282828282828
"survivors",0,0.166666666666667,0.777777777777778
"survivors",0.5,0,0.666666666666667
"survivors",0.375,0,0.708333333333333
"survivors",0.875,0.583333333333333,0.347222222222222
"survivors",0.125,0.25,0.708333333333333
"survivors",1,0.416666666666667,0.325
"survivors",0,0.272727272727273,0.742424242424242
"survivors",0,0.272727272727273,0.742424242424242
"survivors",0,0.5,0.666666666666667
"survivors",0.5,0.333333333333333,0.555555555555556
"survivors",0,0.333333333333333,0.722222222222222
"survivors",1,0.545454545454545,0.236363636363636
"survivors",0.875,0.333333333333333,0.375
"survivors",0,0.037037037037037,0.688888888888889
"survivors",0.75,0.583333333333333,0.333333333333333
"survivors",0.5,0.363636363636364,0.48989898989899
"survivors",0,0.25,0.694444444444444
"survivors",0,0.416666666666667,0.638888888888889
"survivors",0,0,0.777777777777778
"survivors",1,0,0.444444444444444
"survivors",0.125,0.333333333333333,0.625
"survivors",0.375,1,0.2875
"survivors",0.875,0.416666666666667,0.347222222222222
"survivors",0,0.583333333333333,0.583333333333333
"survivors",0.5,0.75,0.375
"survivors",0,0.833333333333333,0.5
"survivors",0,0.416666666666667,0.675
"survivors",0.375,0.583333333333333,0.569444444444445
"survivors",0,0.583333333333333,0.694444444444445
"survivors",0,0.5,0.722222222222222
"survivors",0.25,0.181818181818182,0.744949494949495
"survivors",0,0.75,0.638888888888889
"survivors",0,0.75,0.638888888888889
"survivors",0,0.416666666666667,0.675
"survivors",0,0.416666666666667,0.75
"survivors",0.5,0.303030303030303,0.621212121212121
"survivors",0.25,0.242424242424242,0.652272727272727
"survivors",0,0.666666666666667,0.611111111111111
"survivors",0,0.833333333333333,0.555555555555556
"survivors",0.375,0.833333333333333,0.430555555555556
"survivors",0,0.666666666666667,0.611111111111111
"survivors",0,0.583333333333333,0.638888888888889
"survivors",0,0.75,0.583333333333333
"survivors",0.625,0.303030303030303,0.523989898989899
"survivors",0,0.5,0.6
"survivors",0.375,0.303030303030303,0.607323232323232
"survivors",0,0.583333333333333,0.638888888888889
"survivors",0,0.833333333333333,0.555555555555556
"survivors",0,0.916666666666667,0.527777777777778
"survivors",0,0.916666666666667,0.475
"survivors",0,0.75,0.525
"survivors",0.375,0.916666666666667,0.402777777777778
"survivors",0.375,0.303030303030303,0.607323232323232
"survivors",0,0.272727272727273,0.668181818181818
"survivors",0,0.583333333333333,0.575
"survivors",0,0.833333333333333,0.555555555555556
"survivors",0,0.75,0.583333333333333
"survivors",0,0.583333333333333,0.638888888888889
"survivors",0.375,0.833333333333333,0.3875
"survivors",0.75,0.333333333333333,0.472222222222222
"survivors",0,0.333333333333333,0.65
"survivors",1,0.555555555555556,0.283333333333333
"survivors",0,0.666666666666667,0.611111111111111
"survivors",0,0.583333333333333,0.638888888888889
"survivors",0.375,0.583333333333333,0.513888888888889
"survivors",0.5,0.583333333333333,0.472222222222222
"survivors",0.125,0.5,0.625
"survivors",0.375,0.222222222222222,0.634259259259259
"survivors",0,0.75,0.583333333333333
"survivors",0.875,0.833333333333333,0.263888888888889
"survivors",0,0.75,0.583333333333333
"survivors",0.375,0.75,0.458333333333333
"survivors",0,0.75,0.583333333333333
"survivors",0,0.583333333333333,0.638888888888889
"survivors",0,0.666666666666667,0.611111111111111
"survivors",0,0.916666666666667,0.527777777777778
"survivors",0,0.583333333333333,0.575
"survivors",0,0.666666666666667,0.55
"survivors",0,0.75,0.583333333333333
"survivors",0,0.916666666666667,0.475
"survivors",0,0.583333333333333,0.638888888888889
"survivors",0,1,0.5
"survivors",0.25,0.916666666666667,0.444444444444444
"survivors",0.5,0.833333333333333,0.35
"survivors",0,0.916666666666667,0.527777777777778
"survivors",0,0.666666666666667,0.611111111111111
"survivors",1,0.5,0.333333333333333
"survivors",0,0.583333333333333,0.638888888888889
"survivors",0.25,0.583333333333333,0.45
"survivors",0.125,0.666666666666667,0.513888888888889
"survivors",0,0.416666666666667,0.694444444444444
"survivors",0.125,0.75,0.4875
"survivors",1,0.333333333333333,0.333333333333333
"survivors",0,0.916666666666667,0.416666666666667
"survivors",0.375,0.666666666666667,0.375
"survivors",0.375,0.666666666666667,0.430555555555556
"survivors",0.375,0.916666666666667,0.347222222222222
"survivors",0.375,0.333333333333333,0.486111111111111
"survivors",1,0.583333333333333,0.194444444444444
"survivors",0.875,0.333333333333333,0.319444444444444
"survivors",0,0.5,0.611111111111111
"survivors",0.875,0.545454545454545,0.359848484848485
"survivors",0.375,0.0909090909090909,0.566919191919192
"survivors",0,0.416666666666667,0.694444444444444
"survivors",0.25,0.416666666666667,0.555555555555556
"survivors",0,0.75,0.475
"survivors",0,0.333333333333333,0.55
"survivors",0.5,0.303030303030303,0.621212121212121
"survivors",0.125,0.5,0.625
"survivors",0.625,0.833333333333333,0.402777777777778
"survivors",0.375,0.727272727272727,0.469318181818182
"survivors",0,0.0833333333333333,0.725
"survivors",0,0.5,0.722222222222222
"survivors",0.25,0.0833333333333333,0.777777777777778
"survivors",0.375,0.416666666666667,0.5625
"survivors",0.5,0.272727272727273,0.631313131313131
"survivors",0.75,0.75,0.35
"survivors",0,0,0.888888888888889
"survivors",0.625,0.583333333333333,0.486111111111111
"survivors",0.5,0.416666666666667,0.583333333333333
"survivors",0,0,0.888888888888889
"survivors",0,0.242424242424242,0.808080808080808
"survivors",0.5,0.75,0.472222222222222
"survivors",0.5,0.166666666666667,0.666666666666667
"survivors",0,0.0833333333333333,0.861111111111111
"survivors",0.25,0.0833333333333333,0.777777777777778
"survivors",0,0.583333333333333,0.694444444444445
"survivors",0.375,0.666666666666667,0.541666666666667
"survivors",0.125,0.666666666666667,0.625
"survivors",0,0.393939393939394,0.681818181818182
"survivors",0,0.75,0.638888888888889
"survivors",0,0.444444444444444,0.740740740740741
"survivors",0,0.25,0.805555555555556
"survivors",0.625,0.166666666666667,0.5625
"survivors",0,0.666666666666667,0.666666666666667
"survivors",0,0.242424242424242,0.808080808080808
"survivors",0.125,0.0833333333333333,0.819444444444444
"survivors",0,0,0.888888888888889
"survivors",0.25,0.333333333333333,0.694444444444445
"survivors",0.375,0.25,0.680555555555556
"survivors",0,0.333333333333333,0.777777777777778
"survivors",0,0.25,0.805555555555556
"survivors",0,0.5,0.65
"survivors",1,0.366666666666667,0.39
"survivors",0.25,0.583333333333333,0.55
"survivors",0.125,0.583333333333333,0.652777777777778
"survivors",0,0.583333333333333,0.625
"survivors",0.625,0.888888888888889,0.345833333333333
"survivors",0.25,0.5,0.638888888888889
"survivors",0,0.25,0.805555555555556
"survivors",0.75,0.583333333333333,0.444444444444444
"survivors",0.875,0.666666666666667,0.3375
"survivors",0,0.416666666666667,0.75
"survivors",0.25,0.444444444444444,0.657407407407407
"survivors",0.25,0.416666666666667,0.666666666666667
"survivors",0.125,0.333333333333333,0.6625
"survivors",0,0.583333333333333,0.694444444444445
"survivors",0,0.5,0.65
"survivors",0,0.333333333333333,0.7
"survivors",0.625,0.916666666666667,0.375
"survivors",0.75,0.636363636363636,0.426767676767677
"survivors",0.125,0.5,0.680555555555556
"survivors",0.375,0.5,0.597222222222222
"survivors",0.125,0.25,0.763888888888889
"survivors",1,0.25,0.425
"survivors",0,0.666666666666667,0.666666666666667
"survivors",0.25,0.111111111111111,0.691666666666667
"survivors",0,0.5,0.722222222222222
"survivors",0,0.222222222222222,0.814814814814815
"survivors",0.125,0.333333333333333,0.736111111111111
"survivors",0.375,0.222222222222222,0.689814814814815
"survivors",0.125,0.25,0.763888888888889
"survivors",0.875,0.366666666666667,0.475
"survivors",0.5,0.583333333333333,0.527777777777778
"survivors",0.25,0.583333333333333,0.611111111111111
"survivors",0.875,0.0666666666666667,0.575
"survivors",0,0.166666666666667,0.833333333333333
"survivors",0.875,0.75,0.347222222222222
"survivors",0,0.166666666666667,0.833333333333333
"survivors",0.375,0.166666666666667,0.708333333333333
"survivors",1,0.416666666666667,0.416666666666667
"survivors",0.125,0.272727272727273,0.756313131313131
"survivors",0.25,0.151515151515152,0.755050505050505
"survivors",0.5,0.575757575757576,0.53030303030303
"survivors",0,0.333333333333333,0.777777777777778
"survivors",0.125,0.363636363636364,0.653409090909091
"survivors",0,0.75,0.638888888888889
"survivors",0.875,0.666666666666667,0.375
"survivors",0.625,0.696969696969697,0.403409090909091
"survivors",0.5,0.583333333333333,0.475
"survivors",0.875,0.272727272727273,0.506313131313131
"survivors",1,0.833333333333333,0.25
"survivors",0.875,0,0.597222222222222
"survivors",0,0.666666666666667,0.611111111111111
"survivors",1,0.583333333333333,0.305555555555556
"survivors",0,0.666666666666667,0.611111111111111
"survivors",0.375,0.583333333333333,0.513888888888889
"survivors",0,0.833333333333333,0.5
"survivors",0.125,0.666666666666667,0.569444444444444
"survivors",0,0.666666666666667,0.611111111111111
"survivors",0.25,0.333333333333333,0.638888888888889
"survivors",0.75,0.333333333333333,0.425
"survivors",0.5,0.583333333333333,0.472222222222222
"survivors",0,0.666666666666667,0.55
"survivors",0,0.583333333333333,0.575
"survivors",0.5,0.583333333333333,0.425
"survivors",0.375,0.75,0.4125
"survivors",0.75,0.5,0.416666666666667
"survivors",1,0.757575757575758,0.247474747474747
"survivors",0.25,0.25,0.666666666666667
"survivors",0.875,0.666666666666667,0.2875
"survivors",1,0.583333333333333,0.305555555555556
"survivors",0.375,0.666666666666667,0.4375
"survivors",0.375,0.75,0.4125
"survivors",0,0.25,0.675
"survivors",0,0.333333333333333,0.722222222222222
"survivors",0,0.333333333333333,0.722222222222222
"survivors",0.5,0.416666666666667,0.527777777777778
"survivors",0,1,0.5
"survivors",0.125,0.25,0.6375
"survivors",0.375,0.484848484848485,0.492045454545455
"survivors",0,0.555555555555556,0.648148148148148
"survivors",0,0.727272727272727,0.590909090909091
"survivors",0.25,0.833333333333333,0.472222222222222
"survivors",0,0.5,0.666666666666667
"survivors",0,0.583333333333333,0.638888888888889
"survivors",0,0.5,0.666666666666667
"survivors",0,0.25,0.675
"survivors",0,0.5,0.666666666666667
"survivors",0,0.583333333333333,0.638888888888889
"survivors",0.875,0.666666666666667,0.319444444444444
"survivors",0.375,0.666666666666667,0.486111111111111
"survivors",0,0.222222222222222,0.759259259259259
"survivors",0,0.333333333333333,0.722222222222222
"survivors",0,0.833333333333333,0.5
"survivors",0,0.583333333333333,0.638888888888889
"survivors",0.25,0.5,0.583333333333333
"survivors",0,0.242424242424242,0.752525252525252
"survivors",0,0.666666666666667,0.611111111111111
"survivors",0,0.333333333333333,0.722222222222222
"survivors",0,0.303030303030303,0.732323232323232
"survivors",0,0.5,0.6
"survivors",0.5,0.166666666666667,0.611111111111111
"survivors",0,0.212121212121212,0.762626262626263
"survivors",0,0.333333333333333,0.722222222222222
"survivors",0.5,0.75,0.416666666666667
"survivors",0.25,0.5,0.583333333333333
"survivors",0.125,0.5,0.625
"survivors",0,0.75,0.525
"survivors",0.375,0.583333333333333,0.4625
"survivors",0.625,0.363636363636364,0.503787878787879
"survivors",0.75,0.272727272727273,0.492424242424242
"survivors",0,0.5,0.6
"survivors",0.875,0.166666666666667,0.486111111111111
"survivors",0.875,0.303030303030303,0.440656565656566
"survivors",0.625,0.416666666666667,0.486111111111111
"survivors",0.375,0.333333333333333,0.597222222222222
"survivors",0.375,0.242424242424242,0.627525252525252
"survivors",1,0.666666666666667,0.277777777777778
"survivors",0.375,0.666666666666667,0.486111111111111
"survivors",0.625,0.166666666666667,0.569444444444444
"survivors",0.375,0.75,0.458333333333333
"survivors",0.5,0.242424242424242,0.585858585858586
"survivors",0.625,0.484848484848485,0.463383838383838
"survivors",0,0.416666666666667,0.694444444444444
"survivors",0.125,0.166666666666667,0.736111111111111
"survivors",1,0.416666666666667,0.361111111111111
"survivors",0.5,0.75,0.416666666666667
"survivors",0.5,0.916666666666667,0.361111111111111
"survivors",0.75,0.454545454545455,0.388636363636364
"survivors",0.5,0.5,0.5
"survivors",0.625,0.0833333333333333,0.597222222222222
"survivors",0.125,0.583333333333333,0.597222222222222
"survivors",0,0.333333333333333,0.722222222222222
"survivors",0,0.583333333333333,0.638888888888889
"survivors",0,0.166666666666667,0.777777777777778
"survivors",0.25,0.333333333333333,0.638888888888889
"survivors",0,0.5,0.666666666666667
"survivors",0,0.583333333333333,0.583333333333333
"survivors",0.875,0.25,0.402777777777778
"survivors",0.875,0.0909090909090909,0.455808080808081
"survivors",0.625,0.5,0.402777777777778
"survivors",0.75,0.4,0.355
"survivors",0.375,0.233333333333333,0.630555555555556
"survivors",0.75,0.666666666666667,0.325
"survivors",0.125,0.333333333333333,0.680555555555556
"survivors",0.625,0.555555555555556,0.395833333333333
"survivors",0.75,0.25,0.45
"survivors",0.625,0.25,0.541666666666667
"survivors",0.75,0.583333333333333,0.35
"survivors",0.5,0.166666666666667,0.611111111111111
"survivors",0.75,0.272727272727273,0.492424242424242
"survivors",0,0.555555555555556,0.648148148148148
"survivors",0.75,0.416666666666667,0.444444444444444
"survivors",0.625,0.583333333333333,0.430555555555556
"survivors",0.375,0.166666666666667,0.652777777777778
"survivors",0.125,0.878787878787879,0.498737373737374
"survivors",0.875,0.333333333333333,0.430555555555556
"survivors",0.625,0.5,0.458333333333333
"survivors",0.375,0.0833333333333333,0.680555555555556
"survivors",0.75,0.272727272727273,0.492424242424242
"survivors",1,0.333333333333333,0.388888888888889
"survivors",0.125,0,0.791666666666667
"survivors",0.375,0.666666666666667,0.430555555555556
"survivors",0.375,0.333333333333333,0.4875
"survivors",0,0.416666666666667,0.638888888888889
"survivors",0.5,0.333333333333333,0.5
"survivors",1,0.363636363636364,0.290909090909091
"survivors",0.875,0.333333333333333,0.375
"survivors",0.25,0.416666666666667,0.555555555555556
"survivors",0.875,0.333333333333333,0.3375
"survivors",0.75,0.583333333333333,0.333333333333333
"survivors",0,0.3,0.677777777777778
"survivors",0.625,0.833333333333333,0.291666666666667
"survivors",0.125,0.166666666666667,0.680555555555556
"survivors",1,0.583333333333333,0.225
"survivors",0,0.25,0.694444444444444
"survivors",0,0.75,0.475
"survivors",0.375,0.133333333333333,0.608333333333333
"survivors",0.625,0.393939393939394,0.438131313131313
"survivors",0,0.444444444444444,0.62962962962963
"survivors",0.875,0.333333333333333,0.375
"survivors",0.75,0.242424242424242,0.446969696969697
"survivors",0,0.333333333333333,0.666666666666667
"survivors",0.625,0.333333333333333,0.458333333333333
"survivors",0,0.666666666666667,0.555555555555556
"survivors",0.375,0.416666666666667,0.513888888888889
"survivors",0.75,0.185185185185185,0.466049382716049
"survivors",0.125,0.5,0.569444444444444
"survivors",0.25,0.333333333333333,0.583333333333333
"survivors",0,0.555555555555556,0.592592592592593
"survivors",0.625,0.333333333333333,0.513888888888889
"survivors",0.375,0.666666666666667,0.486111111111111
"survivors",0,0.111111111111111,0.796296296296296
"survivors",0.375,0.5,0.541666666666667
"survivors",1,0.272727272727273,0.409090909090909
"survivors",0,0.25,0.75
"survivors",0.5,0.151515151515152,0.554545454545455
"survivors",1,0.444444444444444,0.351851851851852
"survivors",0.625,0.333333333333333,0.458333333333333
"survivors",1,0.666666666666667,0.2
"survivors",0.5,0.75,0.361111111111111
"survivors",0.875,0.5,0.319444444444444
"survivors",0.75,0.333333333333333,0.416666666666667
"survivors",0.625,0.757575757575758,0.285227272727273
"survivors",0.875,0.242424242424242,0.40530303030303
"survivors",0.5,0.25,0.583333333333333
"survivors",0,0.416666666666667,0.638888888888889
"survivors",0.375,0.666666666666667,0.430555555555556
"survivors",0.625,0.818181818181818,0.267045454545455
"survivors",0.5,0.833333333333333,0.333333333333333
"survivors",0,0.25,0.75
"survivors",0.5,0.4,0.533333333333333
"survivors",1,0.416666666666667,0.361111111111111
"survivors",0,0.25,0.75
"survivors",0.625,0.666666666666667,0.3625
"survivors",0.375,0.166666666666667,0.652777777777778
"survivors",0.125,0.833333333333333,0.513888888888889
"survivors",0.75,0.416666666666667,0.444444444444444
"survivors",0,0.833333333333333,0.555555555555556
"survivors",0.125,0.333333333333333,0.680555555555556
"survivors",0,0.5,0.666666666666667
"survivors",0.75,0.5,0.416666666666667
"survivors",0.625,0.2,0.5025
"survivors",0.25,0.272727272727273,0.593181818181818
"survivors",0,0.666666666666667,0.611111111111111
"survivors",0.875,0.583333333333333,0.3125
"survivors",0.625,0.484848484848485,0.463383838383838
"survivors",0.5,0.0833333333333333,0.638888888888889
"survivors",0.5,0.0833333333333333,0.638888888888889
"survivors",0,0.416666666666667,0.694444444444444
"survivors",1,0,0.45
"survivors",0.75,0.416666666666667,0.388888888888889
"survivors",0.625,0.166666666666667,0.513888888888889
"survivors",1,0.833333333333333,0.15
"survivors",0,0.416666666666667,0.638888888888889
"survivors",0.375,0.583333333333333,0.4125
"survivors",0,1,0.444444444444444
"survivors",0,0.416666666666667,0.575
"survivors",0.75,0.5,0.325
"survivors",0.375,0.5,0.486111111111111
"survivors",0.625,1,0.236111111111111
"survivors",0.875,0.4,0.352777777777778
"survivors",0.875,0.424242424242424,0.34469696969697
"survivors",0,0.5,0.611111111111111
"survivors",0.75,0.666666666666667,0.275
"survivors",0.25,0.416666666666667,0.555555555555556
"survivors",1,0.666666666666667,0.2
"survivors",0.25,0.0833333333333333,0.666666666666667
"survivors",0,0.25,0.694444444444444
"survivors",0.125,0.333333333333333,0.625
"survivors",0.25,0.25,0.611111111111111
"survivors",0,0.363636363636364,0.656565656565657
"survivors",0,0.833333333333333,0.444444444444444
"survivors",0.375,0.666666666666667,0.3375
"survivors",1,0.111111111111111,0.351851851851852
"survivors",1,0.333333333333333,0.25
"survivors",1,0.166666666666667,0.388888888888889
"survivors",0.25,0,0.625
"survivors",0.625,0.666666666666667,0.347222222222222
"survivors",0.125,0.25,0.652777777777778
"survivors",0.125,0.416666666666667,0.597222222222222
"survivors",0.25,0.393939393939394,0.563131313131313
"survivors",0,0.833333333333333,0.5
"survivors",0.125,0.416666666666667,0.597222222222222
"survivors",0.25,0.333333333333333,0.583333333333333
"survivors",1,0.3,0.344444444444444
"survivors",1,0.515151515151515,0.272727272727273
"survivors",0.75,0.583333333333333,0.333333333333333
"survivors",0.75,0.454545454545455,0.376262626262626
"survivors",0,0.166666666666667,0.722222222222222
"survivors",0.625,0.575757575757576,0.377525252525253
"survivors",0,0.5,0.5
"survivors",0.125,0.444444444444444,0.532407407407407
"survivors",0.875,0.666666666666667,0.1875
"survivors",0.625,0.333333333333333,0.402777777777778
"survivors",1,0.0909090909090909,0.358585858585859
"survivors",0.875,0.416666666666667,0.2625
"survivors",1,0.333333333333333,0.25
"survivors",0.375,0.333333333333333,0.486111111111111
"survivors",0.125,0.333333333333333,0.569444444444444
"survivors",0.625,0.333333333333333,0.3625
"survivors",0.625,0.121212121212121,0.426136363636364
"survivors",0.5,0.333333333333333,0.4
"survivors",0.75,0.515151515151515,0.270454545454545
"survivors",1,0.545454545454545,0.207070707070707
"survivors",0.75,0.666666666666667,0.25
"survivors",0.25,0.583333333333333,0.444444444444444
"survivors",1,0.212121212121212,0.286363636363636
"survivors",0.5,0.393939393939394,0.424242424242424
"survivors",0.625,0.166666666666667,0.4125
"survivors",0.625,0.363636363636364,0.392676767676768
"survivors",0.625,0.25,0.3875
"survivors",0.875,0.416666666666667,0.291666666666667
"survivors",0.875,0.833333333333333,0.152777777777778
"survivors",1,0.25,0.305555555555556
"survivors",0.5,0.151515151515152,0.505050505050505
"survivors",0.875,0.212121212121212,0.359848484848485
"survivors",0.375,0.363636363636364,0.428409090909091
"survivors",0,0.416666666666667,0.583333333333333
"survivors",0.5,0.6,0.32
"survivors",0.625,0.266666666666667,0.3825
"survivors",0.625,0.303030303030303,0.412878787878788
"survivors",0.75,0.416666666666667,0.3
"survivors",0.25,0.25,0.555555555555556
"survivors",0.5,0.166666666666667,0.5
"survivors",1,0.151515151515152,0.304545454545455
"survivors",0.875,0.5,0.263888888888889
"survivors",0.125,0.111111111111111,0.643518518518518
"survivors",0.875,0.666666666666667,0.208333333333333
"survivors",0.75,0.272727272727273,0.381313131313131
"survivors",1,0.666666666666667,0.166666666666667
"survivors",0.75,0.666666666666667,0.25
"survivors",0.125,0.266666666666667,0.5325
"survivors",0.875,0.833333333333333,0.1375
"survivors",1,0.5,0.222222222222222
"survivors",1,0.272727272727273,0.297979797979798
"survivors",0.75,0.25,0.35
"survivors",0.625,0.25,0.3875
"survivors",0.625,0.545454545454545,0.298863636363636
"survivors",0,0.0833333333333333,0.694444444444444
"survivors",1,0.666666666666667,0.166666666666667
"survivors",0.75,0.333333333333333,0.361111111111111
"survivors",0.125,0,0.680555555555556
"survivors",0.25,0.166666666666667,0.583333333333333
"survivors",0.25,0.75,0.388888888888889
"survivors",0,0.166666666666667,0.666666666666667
"survivors",0.875,0.416666666666667,0.2625
"survivors",0.75,0.5,0.361111111111111
"survivors",0.5,0,0.611111111111111
"survivors",0.375,0.166666666666667,0.597222222222222
"survivors",0.5,0.696969696969697,0.290909090909091
"survivors",1,0.266666666666667,0.411111111111111
"survivors",1,0.333333333333333,0.277777777777778
"survivors",1,0.4,0.33
"survivors",0.25,0.333333333333333,0.638888888888889
"survivors",0.5,0.416666666666667,0.527777777777778
"survivors",0.25,0.181818181818182,0.689393939393939
"survivors",0.125,0.583333333333333,0.541666666666667
"survivors",0,0.5,0.611111111111111
"survivors",0.25,0.416666666666667,0.555555555555556
"survivors",0.5,0.416666666666667,0.472222222222222
"survivors",0.5,0.166666666666667,0.5
"survivors",0,0.0606060606060606,0.757575757575758
"survivors",0.25,0.5,0.527777777777778
"survivors",1,0.5,0.277777777777778
"survivors",1,0.5,0.277777777777778
"survivors",0.125,0.25,0.652777777777778
"survivors",1,0.166666666666667,0.388888888888889
"survivors",0.875,0.545454545454545,0.248737373737374
"survivors",0.25,0.303030303030303,0.593434343434343
"survivors",0,0.416666666666667,0.638888888888889
"survivors",0.5,0.583333333333333,0.325
"survivors",0.875,0.363636363636364,0.278409090909091
"survivors",1,0.575757575757576,0.196969696969697
"survivors",0.375,0.416666666666667,0.458333333333333
"survivors",0.625,1,0.180555555555556
"survivors",0.625,0.0833333333333333,0.486111111111111
"survivors",0.25,0.5,0.638888888888889
"survivors",0,0.666666666666667,0.666666666666667
"survivors",1,0.416666666666667,0.416666666666667
"survivors",0.125,0.166666666666667,0.736111111111111
"survivors",0.375,0.333333333333333,0.597222222222222
"survivors",0.5,0.333333333333333,0.4
"survivors",0.875,0.303030303030303,0.296590909090909
"survivors",0.875,1,0.208333333333333
"survivors",0,1,0.388888888888889
"survivors",0.25,0.416666666666667,0.5
"survivors",0.25,0.833333333333333,0.472222222222222
"survivors",0.125,0.416666666666667,0.652777777777778
"survivors",0,0.583333333333333,0.638888888888889
"survivors",0.25,0.333333333333333,0.625
"survivors",0,0.75,0.525
"survivors",0.375,0.233333333333333,0.630555555555556
"survivors",0.5,0.583333333333333,0.425
"survivors",0.625,0.5,0.513888888888889
"survivors",0.5,0.666666666666667,0.5
"survivors",0.125,0.666666666666667,0.625
"survivors",0,0.333333333333333,0.777777777777778
"survivors",0.375,0.916666666666667,0.458333333333333
"survivors",0,0.833333333333333,0.611111111111111
"survivors",0,0.333333333333333,0.777777777777778
"survivors",0,0.416666666666667,0.75
"survivors",0.625,0.633333333333333,0.469444444444444
"survivors",0.375,0.75,0.513888888888889
"survivors",0.125,0.25,0.6875
"survivors",0,0.416666666666667,0.75
"survivors",0,0.333333333333333,0.777777777777778
"survivors",0,0.333333333333333,0.777777777777778
"survivors",0.125,0.333333333333333,0.6625
"survivors",0,0.666666666666667,0.666666666666667
"survivors",0.25,0.333333333333333,0.694444444444445
"survivors",0,0.333333333333333,0.777777777777778
"survivors",0,0.583333333333333,0.694444444444445
"survivors",0,0.5,0.722222222222222
"survivors",0.125,0.416666666666667,0.708333333333333
"survivors",0,0.583333333333333,0.694444444444445
"survivors",0,0.25,0.805555555555556
"survivors",0,0.583333333333333,0.694444444444445
"survivors",0,0.666666666666667,0.666666666666667
"survivors",0.375,0.666666666666667,0.4875
"survivors",0.75,0.583333333333333,0.444444444444444
"survivors",0.625,0.5,0.513888888888889
"survivors",0,0.666666666666667,0.666666666666667
"survivors",0.25,0.333333333333333,0.625
"survivors",0,0.166666666666667,0.833333333333333
"survivors",0.625,0.555555555555556,0.49537037037037
"survivors",0.5,0.75,0.425
"survivors",0.5,0.25,0.638888888888889
"survivors",0.25,0.416666666666667,0.611111111111111
"survivors",0,0.416666666666667,0.694444444444444
"survivors",0.5,0.583333333333333,0.472222222222222
"survivors",0,0.666666666666667,0.611111111111111
"survivors",0,0.333333333333333,0.722222222222222
"survivors",0.375,0.583333333333333,0.513888888888889
"survivors",0,0.416666666666667,0.694444444444444
"survivors",0,0.416666666666667,0.694444444444444
"survivors",0,0.833333333333333,0.555555555555556
"survivors",0,0.916666666666667,0.527777777777778
"survivors",0.375,0.75,0.458333333333333
"survivors",0.25,0.666666666666667,0.475
"survivors",0.25,0.666666666666667,0.475
"survivors",0,0.75,0.525
"survivors",0,0.75,0.583333333333333
"survivors",0,0.75,0.583333333333333
"survivors",0,0.833333333333333,0.555555555555556
"survivors",0,0.833333333333333,0.5
"survivors",0,0.583333333333333,0.638888888888889
"survivors",0.5,0.666666666666667,0.4
"survivors",0.375,0.75,0.4125
"survivors",0,0.75,0.525
"survivors",0,0.666666666666667,0.55
"survivors",0,0.583333333333333,0.575
"survivors",0.5,0.583333333333333,0.425
"survivors",0,0.666666666666667,0.611111111111111
"survivors",0,0.75,0.583333333333333
"survivors",0.375,0.666666666666667,0.4375
"survivors",0,0.583333333333333,0.638888888888889
"survivors",0.25,0.666666666666667,0.475
"survivors",0,0.666666666666667,0.611111111111111
"survivors",0,0.833333333333333,0.5
"survivors",0.375,0.583333333333333,0.4625
"survivors",0.5,0.666666666666667,0.444444444444444
"survivors",0,0.333333333333333,0.722222222222222
"survivors",0.375,0.5,0.541666666666667
"survivors",0.375,0.5,0.541666666666667
"survivors",0,0.5,0.666666666666667
"survivors",0,0.583333333333333,0.638888888888889
"survivors",0.25,0.75,0.5
"survivors",0,0.25,0.75
"survivors",0,0.5,0.6
"survivors",0,0.75,0.583333333333333
"survivors",0.25,0.583333333333333,0.555555555555556
"survivors",0.25,0.666666666666667,0.527777777777778
"survivors",0.125,0.666666666666667,0.5125
"survivors",0,0.5,0.666666666666667
"survivors",0,0.166666666666667,0.777777777777778
"survivors",0,0.583333333333333,0.638888888888889
"survivors",0.25,0.583333333333333,0.555555555555556
"survivors",1,0.666666666666667,0.277777777777778
"survivors",0,0.666666666666667,0.611111111111111
"survivors",0.625,0.75,0.3375
"survivors",0,0.666666666666667,0.611111111111111
"survivors",0.25,0.666666666666667,0.475
"survivors",0,0.666666666666667,0.55
"survivors",0,0.5,0.666666666666667
"survivors",0,0.666666666666667,0.611111111111111
"survivors",0.375,0.75,0.4125
"survivors",0.125,0.833333333333333,0.513888888888889
"survivors",0.25,0.583333333333333,0.5
"survivors",0,0.583333333333333,0.575
"survivors",0.375,0.666666666666667,0.486111111111111
"survivors",0.25,0.583333333333333,0.5
"survivors",0,0.75,0.583333333333333
"survivors",0.5,0.666666666666667,0.444444444444444
"survivors",0.375,0.666666666666667,0.486111111111111
"survivors",0.5,0,0.666666666666667
"survivors",0.5,0.916666666666667,0.361111111111111
"survivors",0.5,0.75,0.416666666666667
"survivors",0,0.666666666666667,0.55
"survivors",0.5,0.666666666666667,0.444444444444444
"survivors",0,0.833333333333333,0.555555555555556
"survivors",0.5,0.666666666666667,0.444444444444444
"survivors",0.5,0.25,0.583333333333333
"survivors",0,0.916666666666667,0.527777777777778
"survivors",0,0.666666666666667,0.611111111111111
"survivors",0,0.0833333333333333,0.805555555555556
"survivors",0,0.583333333333333,0.575
"survivors",0.5,0.75,0.375
"survivors",0,0.666666666666667,0.611111111111111
"survivors",0.125,0.666666666666667,0.569444444444444
"survivors",0,0.75,0.583333333333333
"survivors",0,0.666666666666667,0.611111111111111
"survivors",0.375,0.666666666666667,0.4375
"survivors",1,0.444444444444444,0.351851851851852
"survivors",0.875,0.416666666666667,0.402777777777778
"survivors",0,0.333333333333333,0.722222222222222
"survivors",0.75,0.666666666666667,0.325
"survivors",0,0.583333333333333,0.638888888888889
"survivors",0.375,0.666666666666667,0.4375
"survivors",0.5,0.5,0.45
"survivors",0.875,0.25,0.458333333333333
"survivors",0,0.416666666666667,0.694444444444444
"survivors",0.25,0.75,0.444444444444444
"survivors",0.125,0.242424242424242,0.65530303030303
"survivors",0.375,0.666666666666667,0.3875
"survivors",0.25,0.333333333333333,0.638888888888889
"survivors",0.875,0.333333333333333,0.3875
"survivors",0.625,0.583333333333333,0.430555555555556
"survivors",0.5,0.151515151515152,0.616161616161616
"survivors",0,0.166666666666667,0.722222222222222
"survivors",0.5,0.75,0.361111111111111
"survivors",0,0.25,0.625
"survivors",1,0.296296296296296,0.345679012345679
"survivors",0.25,0.166666666666667,0.625
"survivors",0.125,0.583333333333333,0.5375
"survivors",0,0,0.75
"survivors",0.75,0.0833333333333333,0.555555555555556
"survivors",0,0.833333333333333,0.5
"survivors",0.625,0.666666666666667,0.347222222222222
"survivors",1,0.666666666666667,0.222222222222222
"survivors",0,0.888888888888889,0.481481481481482
"survivors",0,0.583333333333333,0.638888888888889
"survivors",0,0.666666666666667,0.555555555555556
"survivors",0.5,0.666666666666667,0.388888888888889
"survivors",0,0.416666666666667,0.575
"survivors",0,0.666666666666667,0.555555555555556
"survivors",0.875,0.5,0.2875
"survivors",0,0.484848484848485,0.671717171717172
"survivors",0,0.666666666666667,0.555555555555556
"survivors",0.75,0.303030303030303,0.426767676767677
"survivors",0.5,0.833333333333333,0.277777777777778
"survivors",0.25,0.5,0.525
"survivors",0.125,0.25,0.6375
"survivors",0.25,0.25,0.611111111111111
"survivors",0.125,0.583333333333333,0.541666666666667
"survivors",1,0.833333333333333,0.15
"survivors",1,0.7,0.155555555555556
"survivors",0.125,0.166666666666667,0.6125
"survivors",0.25,0.0909090909090909,0.608585858585859
"survivors",0.625,0.166666666666667,0.458333333333333
"survivors",0.75,0.366666666666667,0.35
"survivors",0.625,0.916666666666667,0.208333333333333
"survivors",0.5,0.166666666666667,0.5
"survivors",0.125,0.416666666666667,0.652777777777778
"survivors",0.125,0.5,0.625
"survivors",0,0.25,0.75
"survivors",0,0.416666666666667,0.638888888888889
"survivors",0.875,0.5,0.2875
"survivors",0,0.5,0.611111111111111
"survivors",0.5,0.583333333333333,0.375
"survivors",0.5,0.916666666666667,0.305555555555556
"survivors",0.125,0.111111111111111,0.629166666666667
"survivors",0,0.833333333333333,0.5
"survivors",0.5,0.212121212121212,0.484848484848485
"survivors",0.375,0.25,0.513888888888889
"survivors",0.375,0.166666666666667,0.597222222222222
"survivors",0,0.5,0.611111111111111
"survivors",0.25,0.25,0.611111111111111
"survivors",0.5,0.583333333333333,0.361111111111111
"survivors",0,0.583333333333333,0.527777777777778
"survivors",1,0.25,0.275
"survivors",0.625,0.416666666666667,0.3375
"survivors",0,0.5,0.555555555555556
"survivors",0.875,0.583333333333333,0.236111111111111
"survivors",0.125,0.25,0.708333333333333
"survivors",0,0.833333333333333,0.5
"survivors",0,0.666666666666667,0.555555555555556
"survivors",1,0.666666666666667,0.2
"survivors",0.875,0.242424242424242,0.40530303030303
"survivors",1,0.75,0.194444444444444
"survivors",0.75,0,0.475
"survivors",0.75,0.0833333333333333,0.4
"survivors",0.125,0.424242424242424,0.539141414141414
"survivors",0,0.333333333333333,0.777777777777778
"survivors",0.5,0.583333333333333,0.425
"survivors",0.5,0.666666666666667,0.444444444444444
"survivors",0.25,0.133333333333333,0.65
"survivors",0.5,0.416666666666667,0.527777777777778
"survivors",0,0.333333333333333,0.666666666666667
"survivors",0.375,0.75,0.402777777777778
"survivors",0.875,0.515151515151515,0.314393939393939
"survivors",0,0.5,0.611111111111111
"survivors",0,0.75,0.638888888888889
"survivors",0.625,0.242424242424242,0.539772727272727
"survivors",0.75,0.166666666666667,0.527777777777778
"survivors",0.25,0.555555555555556,0.564814814814815
"survivors",0.75,0.583333333333333,0.333333333333333
"survivors",0,0,0.888888888888889
"survivors",0,0.555555555555556,0.703703703703704
"survivors",0.25,0.75,0.5
"survivors",0.125,1,0.513888888888889
"survivors",0.125,0.5,0.680555555555556
"survivors",0,0,0.888888888888889
"survivors",0,0.666666666666667,0.666666666666667
"survivors",0.125,0.416666666666667,0.708333333333333
"survivors",0.25,0.666666666666667,0.583333333333333
"survivors",0.375,0.583333333333333,0.569444444444445
"survivors",0.25,0.416666666666667,0.666666666666667
"survivors",0.375,0.5,0.597222222222222
"survivors",0.125,0.0833333333333333,0.819444444444444
"survivors",0.875,0.75,0.3125
"survivors",0,0,0.888888888888889
"survivors",0.125,0.272727272727273,0.756313131313131
"survivors",0.25,0.444444444444444,0.657407407407407
"survivors",0,0.666666666666667,0.666666666666667
"survivors",0.5,0.727272727272727,0.47979797979798
"survivors",0,0,0.888888888888889
"survivors",0.75,0.583333333333333,0.444444444444444
"survivors",0.125,0.25,0.6875
"survivors",0.5,0.583333333333333,0.527777777777778
"survivors",0.125,0.583333333333333,0.652777777777778
"survivors",0,0,0.888888888888889
"survivors",0,0.583333333333333,0.694444444444445
"survivors",0.25,0.5,0.638888888888889
"survivors",0,0.416666666666667,0.75
"survivors",0.125,0.444444444444444,0.699074074074074
"survivors",0.75,0.583333333333333,0.4
"survivors",0,0.583333333333333,0.694444444444445
"survivors",0,0.5,0.722222222222222
"survivors",0,0.25,0.805555555555556
"survivors",0.75,0.5,0.472222222222222
"survivors",0.25,0.666666666666667,0.525
"survivors",0.5,0.25,0.638888888888889
"survivors",0,0.583333333333333,0.694444444444445
"survivors",0,0.5,0.722222222222222
"survivors",0,1,0.555555555555556
"survivors",0,0.166666666666667,0.833333333333333
"survivors",0.75,0.416666666666667,0.45
"survivors",0,0.583333333333333,0.694444444444445
"survivors",0.5,1,0.35
"survivors",0.5,0.166666666666667,0.666666666666667
"survivors",0,0.416666666666667,0.75
"survivors",0,0.583333333333333,0.694444444444445
"survivors",0.125,0.333333333333333,0.736111111111111
"survivors",0.875,0.2,0.530555555555556
"survivors",0,0.833333333333333,0.611111111111111
"survivors",0,0.333333333333333,0.7
"survivors",0,0.222222222222222,0.814814814814815
"survivors",0,0.583333333333333,0.694444444444445
"survivors",0,0.583333333333333,0.694444444444445
"survivors",0,0.583333333333333,0.694444444444445
"survivors",0.125,0.242424242424242,0.766414141414141
"survivors",0,0.212121212121212,0.818181818181818
"survivors",0.625,0.166666666666667,0.625
"survivors",0,0.25,0.805555555555556
"survivors",0.5,0.75,0.472222222222222
"survivors",0,0.5,0.722222222222222
"survivors",0.125,0.5,0.680555555555556
"survivors",0,0.5,0.722222222222222
"survivors",0,0.25,0.725
"survivors",0.75,0.666666666666667,0.416666666666667
"survivors",0.375,0.75,0.4625
"survivors",0.5,0.666666666666667,0.45
"survivors",0.25,0.5,0.638888888888889
"survivors",0,0.166666666666667,0.75
"survivors",0,0.75,0.638888888888889
"survivors",0,0.166666666666667,0.833333333333333
"survivors",0.625,0.416666666666667,0.541666666666667
"survivors",0.25,0.833333333333333,0.527777777777778
"survivors",0,0.583333333333333,0.694444444444445
"survivors",0.75,0.25,0.555555555555556
"survivors",0.75,0.5,0.472222222222222
"survivors",0.25,0.25,0.722222222222222
"survivors",0.375,0.5,0.5375
"survivors",0.5,0.303030303030303,0.559090909090909
"survivors",0.125,0.833333333333333,0.569444444444445
"survivors",0,0.555555555555556,0.703703703703704
"survivors",0,0.5,0.722222222222222
"survivors",0.125,0.333333333333333,0.736111111111111
"survivors",0.5,0.5,0.555555555555556
"survivors",0.625,0.416666666666667,0.541666666666667
"survivors",0.25,0.583333333333333,0.611111111111111
"survivors",0,0.416666666666667,0.75
"survivors",0.125,0.583333333333333,0.652777777777778
"survivors",0,0.666666666666667,0.666666666666667
"survivors",0,0.416666666666667,0.75
"survivors",0,0.666666666666667,0.666666666666667
"survivors",0.125,0.333333333333333,0.736111111111111
"survivors",0,0.181818181818182,0.828282828282828
"survivors",0.25,0.303030303030303,0.704545454545455
"survivors",0.625,0.5,0.513888888888889
"survivors",0,0.166666666666667,0.833333333333333
"survivors",0,0.166666666666667,0.833333333333333
"survivors",0,0,0.8
"survivors",0,0.333333333333333,0.7
"survivors",0,0.0833333333333333,0.861111111111111
"survivors",0,0.5,0.722222222222222
"survivors",0.125,0.333333333333333,0.736111111111111
"survivors",0.125,0.333333333333333,0.736111111111111
"survivors",0.375,0.25,0.680555555555556
"survivors",0.125,0.333333333333333,0.736111111111111
"survivors",0,0.25,0.805555555555556
"survivors",1,0.583333333333333,0.361111111111111
"survivors",0,0.222222222222222,0.814814814814815
"survivors",0,0.5,0.722222222222222
"survivors",0,0.25,0.805555555555556
"survivors",0,0.5,0.722222222222222
"survivors",0.25,0.25,0.722222222222222
"survivors",0.375,0.75,0.513888888888889
"survivors",0,0.583333333333333,0.694444444444445
"survivors",0.625,0.583333333333333,0.486111111111111
"survivors",0.625,0,0.680555555555556
"survivors",0,0.5,0.722222222222222
"survivors",0,0,0.888888888888889
"survivors",0.125,0.583333333333333,0.652777777777778
"survivors",0.25,0.833333333333333,0.527777777777778
"survivors",0,0.416666666666667,0.75
"survivors",0,0.583333333333333,0.694444444444445
"survivors",0,0.833333333333333,0.611111111111111
"survivors",0,0.111111111111111,0.766666666666667
"survivors",0.5,0.666666666666667,0.5
"survivors",0.125,0.416666666666667,0.708333333333333
"survivors",0,0.25,0.805555555555556
"survivors",0.75,0.25,0.5
"survivors",0.5,0.222222222222222,0.648148148148148
"survivors",0.125,0.444444444444444,0.699074074074074
"survivors",0,0.666666666666667,0.666666666666667
"survivors",0,0.583333333333333,0.694444444444445
"survivors",0.25,0.416666666666667,0.666666666666667
"survivors",0,0.333333333333333,0.777777777777778
"survivors",0.25,0.25,0.722222222222222
"survivors",0.25,0.416666666666667,0.666666666666667
"survivors",0,0.5,0.722222222222222
"survivors",0.625,0.333333333333333,0.569444444444445
"survivors",0,0.416666666666667,0.75
"survivors",0.25,0.5,0.638888888888889
"survivors",0.125,0.166666666666667,0.7125
"survivors",0,0.222222222222222,0.814814814814815
"survivors",0,0.333333333333333,0.777777777777778
"survivors",0.75,0.333333333333333,0.527777777777778
"survivors",0.375,0.242424242424242,0.683080808080808
"survivors",0,0.416666666666667,0.75
"survivors",0.125,0.333333333333333,0.6625
"survivors",0,0.363636363636364,0.767676767676768
"survivors",0.125,0.2,0.7025
"survivors",0,0.833333333333333,0.611111111111111
"survivors",0,0.75,0.638888888888889
"survivors",0.75,0.363636363636364,0.465909090909091
"survivors",0,0.333333333333333,0.777777777777778
"survivors",0.5,0.266666666666667,0.633333333333333
"survivors",0.5,0.222222222222222,0.648148148148148
"survivors",0.5,0.166666666666667,0.666666666666667
"survivors",0,0.25,0.805555555555556
"survivors",0.875,0.333333333333333,0.486111111111111
"survivors",0.5,0.484848484848485,0.560606060606061
"survivors",0.75,0.416666666666667,0.5
"survivors",0.125,0,0.847222222222222
"survivors",0.125,0.333333333333333,0.6625
"survivors",0.25,0.0606060606060606,0.785353535353535
"survivors",0,0.75,0.638888888888889
"survivors",1,0.25,0.425
"survivors",0.375,0.75,0.513888888888889
"survivors",1,0.416666666666667,0.416666666666667
"survivors",1,0.416666666666667,0.416666666666667
"survivors",0,0.583333333333333,0.625
"survivors",1,0.583333333333333,0.361111111111111
"survivors",0,0.666666666666667,0.611111111111111
"survivors",0,0.75,0.583333333333333
"survivors",0.875,0.666666666666667,0.2875
"survivors",0,0.75,0.583333333333333
"survivors",0,0.666666666666667,0.611111111111111
"survivors",0,0.583333333333333,0.638888888888889
"survivors",0.5,0.583333333333333,0.425
"survivors",0.25,0.75,0.45
"survivors",0.5,0.833333333333333,0.388888888888889
"survivors",0.375,0.75,0.458333333333333
"survivors",0.125,0.583333333333333,0.5375
"survivors",0,0.666666666666667,0.611111111111111
"survivors",0.375,0.75,0.458333333333333
"survivors",0.375,0.666666666666667,0.486111111111111
"survivors",0.75,0.666666666666667,0.325
"survivors",0.875,0.583333333333333,0.3125
"survivors",0,0.75,0.583333333333333
"survivors",0,0.833333333333333,0.555555555555556
"survivors",0.125,0.606060606060606,0.589646464646465
"survivors",0,0.25,0.75
"survivors",0.125,0.222222222222222,0.717592592592593
"survivors",0.25,0.666666666666667,0.527777777777778
"survivors",0.375,0.666666666666667,0.4375
"survivors",0.25,0.75,0.5
"survivors",0,0.666666666666667,0.611111111111111
"survivors",0.5,0.75,0.375
"survivors",0,0.515151515151515,0.661616161616162
"survivors",0.25,0.416666666666667,0.611111111111111
"survivors",0.5,0.333333333333333,0.555555555555556
"survivors",0.25,0.333333333333333,0.638888888888889
"survivors",0,0.333333333333333,0.722222222222222
"survivors",0,0.25,0.75
"survivors",0,0.583333333333333,0.575
"survivors",0.125,0.25,0.708333333333333
"survivors",0.25,0.555555555555556,0.564814814814815
"survivors",0.25,0.75,0.45
"survivors",0.625,0.4,0.4425
"survivors",0,0.666666666666667,0.611111111111111
"survivors",1,0.696969696969697,0.267676767676768
"survivors",0.625,0.583333333333333,0.430555555555556
"survivors",0,0.333333333333333,0.65
"survivors",0,0.25,0.75
"survivors",0.5,0.393939393939394,0.481818181818182
"survivors",0.625,0.212121212121212,0.498863636363636
"survivors",0,0.916666666666667,0.527777777777778
"survivors",0,0.333333333333333,0.722222222222222
"survivors",0.75,0.333333333333333,0.472222222222222
"survivors",0.25,0.583333333333333,0.555555555555556
"survivors",0.125,0.696969696969697,0.559343434343434
"survivors",0,0.583333333333333,0.638888888888889
"survivors",0.125,0.0833333333333333,0.763888888888889
"survivors",0,0.416666666666667,0.694444444444444
"survivors",0.75,0.666666666666667,0.325
"survivors",0.125,0.5,0.625
"survivors",0,0.666666666666667,0.611111111111111
"survivors",0.625,0.5,0.458333333333333
"survivors",0.625,0.575757575757576,0.433080808080808
"survivors",0.125,0.25,0.708333333333333
"survivors",0,0.416666666666667,0.694444444444444
"survivors",0,0.416666666666667,0.694444444444444
"survivors",0.25,0.3,0.65
"survivors",0,0.424242424242424,0.691919191919192
"survivors",0,0.166666666666667,0.777777777777778
"survivors",0.125,0.121212121212121,0.751262626262626
"survivors",0,0.25,0.75
"survivors",0,0.666666666666667,0.611111111111111
"survivors",0.75,0.5,0.416666666666667
"survivors",0,0.166666666666667,0.777777777777778
"survivors",0,0.166666666666667,0.777777777777778
"survivors",0,0.25,0.75
"survivors",0,0.5,0.666666666666667
"survivors",0,0.416666666666667,0.625
"survivors",0.125,0.3,0.691666666666667
"survivors",0,0.5,0.666666666666667
"survivors",0.125,0.888888888888889,0.49537037037037
"survivors",0.5,0.393939393939394,0.481818181818182
"survivors",0.125,0.166666666666667,0.736111111111111
"survivors",0.5,0.5,0.5
"survivors",0.125,0.666666666666667,0.5125
"survivors",0.625,0.484848484848485,0.417045454545455
"survivors",0.25,0.75,0.5
"survivors",0,0.416666666666667,0.694444444444444
"survivors",0.75,0.696969696969697,0.315909090909091
"survivors",0.125,0.333333333333333,0.680555555555556
"survivors",0.25,0.333333333333333,0.638888888888889
"survivors",0.375,0.333333333333333,0.597222222222222
"survivors",0.25,0.333333333333333,0.638888888888889
"survivors",0,0.916666666666667,0.527777777777778
"survivors",0,0.555555555555556,0.583333333333333
"survivors",0,0.75,0.583333333333333
"survivors",0,0.916666666666667,0.527777777777778
"survivors",0,0.666666666666667,0.611111111111111
"survivors",0,0.833333333333333,0.555555555555556
"survivors",0.625,0.333333333333333,0.513888888888889
"survivors",0.125,0.666666666666667,0.569444444444444
"survivors",0.375,0.75,0.458333333333333
"survivors",0.375,0.333333333333333,0.597222222222222
"survivors",0,0.5,0.666666666666667
"survivors",0,0.583333333333333,0.638888888888889
"survivors",0,0.363636363636364,0.712121212121212
"survivors",0,0.75,0.583333333333333
"survivors",0,0.583333333333333,0.638888888888889
"survivors",0.125,0.833333333333333,0.513888888888889
"survivors",0,0.3,0.733333333333333
"survivors",0,0.266666666666667,0.744444444444444
"survivors",0.5,0.333333333333333,0.555555555555556
"survivors",0,0.5,0.666666666666667
"survivors",0.375,0.666666666666667,0.4375
"survivors",0,0.333333333333333,0.65
"survivors",0.25,0.333333333333333,0.575
"survivors",0,0.444444444444444,0.685185185185185
"survivors",0.25,0.25,0.666666666666667
"survivors",0.375,0.333333333333333,0.597222222222222
"survivors",0.5,0.5,0.5
"survivors",0.875,0.583333333333333,0.347222222222222
"survivors",0,0.416666666666667,0.694444444444444
"survivors",0.625,0.75,0.375
"survivors",0.25,0.333333333333333,0.638888888888889
"survivors",0.5,0.25,0.583333333333333
"survivors",0.875,0.166666666666667,0.486111111111111
"survivors",1,0.666666666666667,0.25
"survivors",0.125,0.583333333333333,0.597222222222222
"survivors",0.625,0.303030303030303,0.523989898989899
"survivors",0.625,0.666666666666667,0.402777777777778
"survivors",0,0.583333333333333,0.583333333333333
"survivors",1,0.25,0.361111111111111
"survivors",0,0.583333333333333,0.583333333333333
"survivors",0.875,0.606060606060606,0.284090909090909
"survivors",0.625,0.416666666666667,0.486111111111111
"survivors",0,0.416666666666667,0.694444444444444
"survivors",0.375,0.25,0.625
"survivors",0,0.25,0.75
"survivors",0.125,0.444444444444444,0.579166666666667
"survivors",0.5,0.212121212121212,0.595959595959596
"survivors",0.125,0.333333333333333,0.680555555555556
"survivors",1,0.166666666666667,0.4
"survivors",1,0.0833333333333333,0.425
"survivors",0.125,0.555555555555556,0.606481481481482
"survivors",0.75,0.833333333333333,0.305555555555556
"survivors",0.5,0.5,0.5
"survivors",0.375,0.555555555555556,0.470833333333333
"survivors",0.5,0.5,0.5
"survivors",0.625,0.25,0.486111111111111
"survivors",0,0.0833333333333333,0.75
"survivors",0.875,0.75,0.236111111111111
"survivors",0,0.0833333333333333,0.675
"survivors",0.75,0.333333333333333,0.375
"survivors",0.75,0.416666666666667,0.388888888888889
"survivors",0.5,0.212121212121212,0.54040404040404
"survivors",0,0.75,0.527777777777778
"survivors",0,0.75,0.527777777777778
"survivors",0.75,0.25,0.4
"survivors",0.625,0.272727272727273,0.478535353535354
"survivors",0.5,0.5,0.444444444444444
"survivors",0.625,0.484848484848485,0.367045454545455
"survivors",0.875,0.484848484848485,0.32449494949495
"survivors",0.5,0.222222222222222,0.483333333333333
"survivors",1,0.666666666666667,0.222222222222222
"survivors",0,0.166666666666667,0.722222222222222
"survivors",0,0,0.777777777777778
"survivors",0.875,0.583333333333333,0.291666666666667
"survivors",0.75,0.666666666666667,0.305555555555556
"survivors",0.5,0.393939393939394,0.47979797979798
"survivors",0.375,0.333333333333333,0.541666666666667
"survivors",0,0.416666666666667,0.575
"survivors",0.5,0.75,0.361111111111111
"survivors",0.75,0.75,0.277777777777778
"survivors",0.875,0.25,0.3625
"survivors",0,0.444444444444444,0.62962962962963
"survivors",0.375,0,0.652777777777778
"survivors",0,0.333333333333333,0.666666666666667
"survivors",0,0.266666666666667,0.688888888888889
"survivors",0.875,0.333333333333333,0.375
"survivors",0.875,0.433333333333333,0.3075
"survivors",0.5,0.666666666666667,0.35
"survivors",0.625,0.242424242424242,0.488636363636364
"survivors",0.125,0.333333333333333,0.625
"survivors",0,0.166666666666667,0.722222222222222
"survivors",0,0.222222222222222,0.703703703703704
"survivors",0.25,0.333333333333333,0.583333333333333
"survivors",0.875,0.416666666666667,0.402777777777778
"survivors",0.875,0.636363636363636,0.246590909090909
"survivors",0.625,0.555555555555556,0.395833333333333
"survivors",0.625,0.666666666666667,0.402777777777778
"survivors",1,0,0.5
"survivors",0.625,0.5,0.458333333333333
"survivors",0.375,0.333333333333333,0.597222222222222
"survivors",0.875,0.75,0.291666666666667
"survivors",0.875,0.166666666666667,0.4375
"survivors",0.375,0.416666666666667,0.569444444444444
"survivors",0.25,0.5,0.583333333333333
"survivors",0,0.5,0.666666666666667
"survivors",0,0.333333333333333,0.722222222222222
"survivors",0.375,0.75,0.458333333333333
"survivors",0,0.333333333333333,0.722222222222222
"survivors",0.25,0.416666666666667,0.611111111111111
"survivors",1,0.444444444444444,0.351851851851852
"survivors",0.125,0.181818181818182,0.67550505050505
"survivors",0,0.5,0.611111111111111
"survivors",0.375,0.515151515151515,0.481060606060606
"survivors",0.625,0.583333333333333,0.375
"survivors",0.625,0.583333333333333,0.375
"survivors",1,0.416666666666667,0.305555555555556
"survivors",0.625,0.333333333333333,0.458333333333333
"survivors",0.875,0.416666666666667,0.347222222222222
"survivors",0.125,0.666666666666667,0.513888888888889
"survivors",0.75,0.303030303030303,0.384090909090909
"survivors",1,0.25,0.361111111111111
"survivors",0.875,0.666666666666667,0.2375
"survivors",0.125,0.25,0.652777777777778
"survivors",0.25,0.0833333333333333,0.666666666666667
"survivors",1,0.151515151515152,0.393939393939394
"survivors",1,0.242424242424242,0.363636363636364
"survivors",0.25,0.333333333333333,0.583333333333333
"survivors",0.625,0.366666666666667,0.447222222222222
"survivors",0.5,0.583333333333333,0.416666666666667
"survivors",0,0.75,0.527777777777778
"survivors",0,0.583333333333333,0.583333333333333
"survivors",0.125,0.333333333333333,0.625
"survivors",0.25,0.393939393939394,0.563131313131313
"survivors",0.375,1,0.319444444444444
"survivors",0.5,0.303030303030303,0.51010101010101
"survivors",0.875,0.242424242424242,0.40530303030303
"survivors",0.625,0.416666666666667,0.430555555555556
"survivors",0.75,0.555555555555556,0.342592592592593
"survivors",0.125,0.0833333333333333,0.6875
"survivors",0.75,0.666666666666667,0.25
"survivors",0.5,0.166666666666667,0.5
"survivors",0,0.25,0.75
"survivors",0.25,0.333333333333333,0.575
"survivors",0,0.833333333333333,0.555555555555556
"survivors",0,0.75,0.583333333333333
"survivors",0,0.0833333333333333,0.805555555555556
"survivors",0,0.333333333333333,0.722222222222222
"survivors",0.75,0.272727272727273,0.443181818181818
"survivors",1,0.666666666666667,0.277777777777778
"survivors",1,0.583333333333333,0.25
"survivors",0,0.25,0.694444444444444
"survivors",0.5,0.833333333333333,0.333333333333333
"survivors",0,0.25,0.625
"survivors",0.375,0.515151515151515,0.481060606060606
"survivors",0.25,0.454545454545455,0.488636363636364
"survivors",0.875,0.416666666666667,0.347222222222222
"survivors",0.625,0.25,0.430555555555556
"survivors",0.25,0.25,0.611111111111111
"survivors",0.625,0.363636363636364,0.448232323232323
"survivors",0.5,0.666666666666667,0.388888888888889
"survivors",0.75,0.416666666666667,0.388888888888889
"survivors",0,0.25,0.694444444444444
"survivors",0.625,0.5,0.402777777777778
"survivors",0.625,0.181818181818182,0.508838383838384
"survivors",0.125,0.888888888888889,0.439814814814815
"survivors",0.875,0.272727272727273,0.39520202020202
"survivors",0.875,0.424242424242424,0.310227272727273
"survivors",1,0.583333333333333,0.25
"survivors",0.875,0.727272727272727,0.243686868686869
"survivors",0,0.333333333333333,0.611111111111111
"survivors",0.125,0.333333333333333,0.5125
"survivors",1,0.6,0.17
"survivors",0.875,0.916666666666667,0.125
"survivors",0,0,0.722222222222222
"survivors",0.75,0.606060606060606,0.243181818181818
"survivors",0.75,0.233333333333333,0.394444444444444
"survivors",0,0.555555555555556,0.537037037037037
"survivors",0.875,0.454545454545455,0.279040404040404
"survivors",0.375,0.666666666666667,0.375
"survivors",0.375,0.416666666666667,0.458333333333333
"survivors",0.125,0.416666666666667,0.541666666666667
"survivors",0.25,0.5,0.472222222222222
"survivors",1,0.366666666666667,0.266666666666667
"survivors",0,0.166666666666667,0.666666666666667
"survivors",0.875,0.484848484848485,0.242045454545455
"survivors",0,0.166666666666667,0.6
"survivors",0.75,0.416666666666667,0.333333333333333
"survivors",1,0.166666666666667,0.333333333333333
"survivors",0.5,0.333333333333333,0.444444444444444
"survivors",0.5,0.303030303030303,0.51010101010101
"survivors",0.375,0.166666666666667,0.597222222222222
"survivors",0.875,0.666666666666667,0.263888888888889
"survivors",0.375,0.303030303030303,0.551767676767677
"survivors",0.875,0.25,0.402777777777778
"survivors",0.125,0.833333333333333,0.402777777777778
"survivors",0.25,0.0909090909090909,0.608585858585859
"survivors",0.75,0.303030303030303,0.334090909090909
"survivors",0.875,0.233333333333333,0.352777777777778
"survivors",0.75,0.272727272727273,0.492424242424242
"survivors",0.375,0.166666666666667,0.5375
"survivors",0.375,0.363636363636364,0.531565656565657
"survivors",0,0.583333333333333,0.583333333333333
"survivors",0.5,0.777777777777778,0.266666666666667
"survivors",0,0.303030303030303,0.621212121212121
"survivors",0.75,0.333333333333333,0.325
"survivors",0,0.0833333333333333,0.75
"survivors",0,0,0.777777777777778
"survivors",0.125,0.666666666666667,0.569444444444444
"survivors",0,0.75,0.525
"survivors",0.125,0.5,0.625
"survivors",0,0.333333333333333,0.722222222222222
"survivors",0.75,0.606060606060606,0.381313131313131
"survivors",0.5,0.6,0.466666666666667
"survivors",0.75,0.333333333333333,0.472222222222222
"survivors",0.375,0.444444444444444,0.454166666666667
"survivors",0.375,0.5,0.486111111111111
"survivors",0,0.416666666666667,0.638888888888889
"survivors",0.125,0.212121212121212,0.66540404040404
"survivors",0.125,0.25,0.652777777777778
"survivors",0.5,0.25,0.527777777777778
"survivors",0.625,0.454545454545455,0.376136363636364
"survivors",0,0.444444444444444,0.62962962962963
"survivors",0.25,0.5,0.527777777777778
"survivors",0,0.333333333333333,0.6
"survivors",0.375,0.833333333333333,0.375
"survivors",0.5,0.666666666666667,0.388888888888889
"survivors",0,0.416666666666667,0.638888888888889
"survivors",0.625,0.416666666666667,0.430555555555556
"survivors",1,0.272727272727273,0.318181818181818
"survivors",1,0.75,0.125
"survivors",0.625,0.75,0.319444444444444
"survivors",0.875,0.151515151515152,0.380050505050505
"survivors",0.375,0.303030303030303,0.496212121212121
"survivors",0.625,0.333333333333333,0.402777777777778
"survivors",0.375,0.333333333333333,0.4875
"survivors",0,0.444444444444444,0.62962962962963
"survivors",0.25,0.166666666666667,0.575
"survivors",0.625,0.333333333333333,0.3625
"survivors",0.125,0.727272727272727,0.438131313131313
"survivors",0.75,0.666666666666667,0.25
"survivors",0.25,0.0833333333333333,0.611111111111111
"survivors",1,0.583333333333333,0.194444444444444
"survivors",0.125,0.416666666666667,0.541666666666667
"survivors",0.25,0.25,0.5
"survivors",0.875,0,0.430555555555556
"survivors",0.875,0.5,0.263888888888889
"survivors",0.5,0.666666666666667,0.333333333333333
"survivors",0.25,0.666666666666667,0.375
"non-survivors",0.125,0.0833333333333333,0.930555555555556
"survivors",0,0.888888888888889,0.592592592592593
"survivors",0,0.181818181818182,0.828282828282828
"survivors",0.875,0.393939393939394,0.410353535353535
"survivors",0.25,0.333333333333333,0.525
"survivors",0,0.416666666666667,0.525
"survivors",0.75,0.583333333333333,0.388888888888889
"survivors",0,0.333333333333333,0.722222222222222
"survivors",0,0.666666666666667,0.5
"survivors",0.625,0.5,0.402777777777778
"survivors",0.75,0.916666666666667,0.222222222222222
"survivors",0.875,0.583333333333333,0.291666666666667
"survivors",0,0.833333333333333,0.5
"survivors",0,0.575757575757576,0.53030303030303
"survivors",0,0.666666666666667,0.555555555555556
"survivors",0.75,0.333333333333333,0.361111111111111
"survivors",0.5,0.5,0.5
"survivors",0.375,0.25,0.680555555555556
"survivors",0,0.5,0.65
"survivors",0.375,0.583333333333333,0.569444444444445
"survivors",0.75,0.583333333333333,0.35
"survivors",0,0.25,0.75
"survivors",0.125,0.416666666666667,0.652777777777778
"survivors",0,0.555555555555556,0.648148148148148
"survivors",0,0.166666666666667,0.777777777777778
"survivors",0,0.583333333333333,0.638888888888889
"survivors",0.875,0.424242424242424,0.400252525252525
"survivors",0,0.416666666666667,0.694444444444444
"survivors",0,0.666666666666667,0.611111111111111
"survivors",0,0.583333333333333,0.638888888888889
"survivors",0.625,0.75,0.375
"survivors",0,0.583333333333333,0.638888888888889
"survivors",0.875,0.583333333333333,0.347222222222222
"survivors",0.125,0.583333333333333,0.597222222222222
"survivors",0.125,0.666666666666667,0.569444444444444
"survivors",0.5,0.583333333333333,0.425
"survivors",0.375,0.75,0.458333333333333
"survivors",0.375,0.416666666666667,0.5125
"survivors",0,0.666666666666667,0.611111111111111
"survivors",0,0.166666666666667,0.777777777777778
"survivors",0,0.666666666666667,0.611111111111111
"survivors",0,0.75,0.583333333333333
"survivors",0.625,0.416666666666667,0.486111111111111
"survivors",0.5,0.484848484848485,0.505050505050505
"survivors",0,0.416666666666667,0.694444444444444
"survivors",0,0.75,0.583333333333333
"survivors",0.5,0.5,0.5
"survivors",0.875,0.484848484848485,0.380050505050505
"survivors",0,0.5,0.666666666666667
"survivors",0,0.666666666666667,0.611111111111111
"survivors",0.25,0.5,0.475
"survivors",0,0.666666666666667,0.555555555555556
"survivors",0.75,0.583333333333333,0.35
"survivors",0,0.916666666666667,0.472222222222222
"survivors",0.375,0.5,0.486111111111111
"survivors",0.625,0.333333333333333,0.4125
"survivors",0.875,0.583333333333333,0.347222222222222
"survivors",0,0.333333333333333,0.666666666666667
"survivors",0,0.583333333333333,0.638888888888889
"survivors",0,0.416666666666667,0.638888888888889
"survivors",0.125,0.5,0.513888888888889
"survivors",0,0.583333333333333,0.527777777777778
"survivors",0.625,0.583333333333333,0.319444444444444
"survivors",0,0.833333333333333,0.5
"survivors",0,0.666666666666667,0.555555555555556
"survivors",0.625,0.166666666666667,0.513888888888889
"survivors",0,0.25,0.638888888888889
"survivors",1,1,0.0555555555555555
"survivors",0.75,0.416666666666667,0.333333333333333
"survivors",0.375,0.583333333333333,0.402777777777778
"survivors",0,0.416666666666667,0.583333333333333
"survivors",0.625,0.583333333333333,0.319444444444444
"survivors",0.75,0.583333333333333,0.277777777777778
"survivors",0,0.416666666666667,0.583333333333333
"survivors",0.625,0.416666666666667,0.375
"survivors",0.875,0.166666666666667,0.375
"survivors",0,0.416666666666667,0.583333333333333
"survivors",0.75,0.666666666666667,0.305555555555556
"survivors",0.5,0.818181818181818,0.254545454545455
"survivors",0.75,0.181818181818182,0.370454545454545
"survivors",0,0.416666666666667,0.583333333333333
"survivors",0,0.416666666666667,0.583333333333333
"survivors",1,0.25,0.305555555555556
"survivors",0.5,0.5,0.388888888888889
"survivors",0.5,0.5,0.444444444444444
"survivors",0,0.833333333333333,0.5
"survivors",0,0.75,0.527777777777778
"survivors",0.5,0.833333333333333,0.333333333333333
"survivors",0.25,0.916666666666667,0.388888888888889
"survivors",0.25,0.583333333333333,0.5
"survivors",0,0.25,0.694444444444444
"survivors",0.125,0.833333333333333,0.458333333333333
"survivors",0,0.5,0.611111111111111
"survivors",0,0.5,0.611111111111111
"survivors",0.125,0.75,0.486111111111111
"survivors",0,0.916666666666667,0.472222222222222
"survivors",0,0.272727272727273,0.618181818181818
"survivors",0.375,0.916666666666667,0.3125
"survivors",0.25,0.303030303030303,0.593434343434343
"survivors",0,0.833333333333333,0.45
"survivors",0.375,0.75,0.402777777777778
"survivors",0,0.5,0.611111111111111
"survivors",0.375,0.666666666666667,0.3875
"survivors",0,0.916666666666667,0.472222222222222
"survivors",0.375,0.416666666666667,0.513888888888889
"survivors",0,0.666666666666667,0.555555555555556
"survivors",0,0.666666666666667,0.555555555555556
"survivors",0,0.666666666666667,0.555555555555556
"survivors",0.625,0.666666666666667,0.347222222222222
"survivors",0.5,0.75,0.361111111111111
"survivors",0,0.75,0.527777777777778
"survivors",0.25,0.75,0.4
"survivors",0.5,0.583333333333333,0.416666666666667
"survivors",0,0.916666666666667,0.416666666666667
"survivors",0,0.583333333333333,0.527777777777778
"survivors",0.375,0.303030303030303,0.496212121212121
"survivors",0,0.666666666666667,0.45
"survivors",0,0.75,0.472222222222222
"survivors",0.375,0.833333333333333,0.319444444444444
"survivors",0.625,0.484848484848485,0.352272727272727
"survivors",0.125,0.484848484848485,0.518939393939394
"survivors",0,0.666666666666667,0.5
"survivors",0,0.75,0.472222222222222
"survivors",1,0.5,0.2
"survivors",0,0.833333333333333,0.444444444444444
"survivors",0,0.333333333333333,0.55
"survivors",0,0.5,0.555555555555556
"survivors",0,0.333333333333333,0.611111111111111
"survivors",0.625,0.833333333333333,0.236111111111111
"survivors",0,0.5,0.5
"survivors",0,0.833333333333333,0.444444444444444
"survivors",0.5,0.583333333333333,0.325
"survivors",0.5,0.833333333333333,0.277777777777778
"survivors",0,0.583333333333333,0.425
"survivors",0.5,0.833333333333333,0.222222222222222
"survivors",0,0.75,0.416666666666667
"survivors",0,0.583333333333333,0.472222222222222
"survivors",0.375,0.583333333333333,0.347222222222222
"survivors",0,0.833333333333333,0.388888888888889
"survivors",0,0.181818181818182,0.606060606060606
"survivors",0,0.5,0.5
"survivors",0.5,0.333333333333333,0.388888888888889
"survivors",0.625,0.5,0.2625
"survivors",0,0.5,0.5
"survivors",0.75,0.212121212121212,0.345959595959596
"survivors",0,0.666666666666667,0.444444444444444
"survivors",0,0.5,0.5
"survivors",0,0.583333333333333,0.472222222222222
"survivors",0,0.666666666666667,0.444444444444444
"survivors",0,0.416666666666667,0.475
"survivors",0,0.333333333333333,0.555555555555556
"survivors",0.375,0.416666666666667,0.3625
"survivors",0.5,0.5,0.333333333333333
"survivors",0.375,0.583333333333333,0.347222222222222
"survivors",0,0.666666666666667,0.444444444444444
"survivors",0,0.833333333333333,0.388888888888889
"survivors",0.375,0.583333333333333,0.347222222222222
"survivors",0.875,0.416666666666667,0.236111111111111
"survivors",0,0.666666666666667,0.444444444444444
"survivors",0.125,0.583333333333333,0.3875
"survivors",0,0.666666666666667,0.444444444444444
"survivors",0,0.75,0.416666666666667
"survivors",0.875,0.757575757575758,0.178030303030303
"survivors",0,0.833333333333333,0.444444444444444
"survivors",0.375,0.666666666666667,0.319444444444444
"survivors",0,0.416666666666667,0.527777777777778
"survivors",0.375,0.583333333333333,0.347222222222222
"survivors",0,0.5,0.45
"survivors",0.5,0.666666666666667,0.277777777777778
"survivors",0,0.333333333333333,0.555555555555556
"survivors",0.25,0.5,0.416666666666667
"survivors",0,0.666666666666667,0.444444444444444
"survivors",0,0.333333333333333,0.555555555555556
"survivors",0.5,0.916666666666667,0.194444444444444
"survivors",0,0.5,0.5
"survivors",0,0.75,0.375
"survivors",0,0.583333333333333,0.472222222222222
"survivors",0.625,0.363636363636364,0.337121212121212
"survivors",0.25,0.833333333333333,0.305555555555556
"survivors",1,0.583333333333333,0.138888888888889
"survivors",0,0.666666666666667,0.444444444444444
"survivors",0.5,0.424242424242424,0.358585858585859
"survivors",0,0.5,0.45
"survivors",0.625,0.583333333333333,0.263888888888889
"survivors",0,0.5,0.45
"survivors",0,0.666666666666667,0.444444444444444
"survivors",0.125,0.515151515151515,0.453282828282828
"survivors",0,0.303030303030303,0.565656565656566
"survivors",0,0.666666666666667,0.444444444444444
"survivors",0.875,0.333333333333333,0.263888888888889
"survivors",0,0.833333333333333,0.444444444444444
"survivors",0,0.75,0.472222222222222
"survivors",0,0.833333333333333,0.4
"survivors",0,0.5,0.555555555555556
"survivors",0,0.416666666666667,0.527777777777778
"survivors",0,0.75,0.416666666666667
"survivors",0,0.5,0.5
"survivors",1,0.25,0.25
"survivors",0.125,0.424242424242424,0.483585858585859
"survivors",0,0.833333333333333,0.388888888888889
"survivors",0,0.833333333333333,0.388888888888889
"survivors",0,0.833333333333333,0.388888888888889
"survivors",0.125,0.5,0.5125
"survivors",0,0.416666666666667,0.583333333333333
"survivors",0,0.583333333333333,0.527777777777778
"survivors",0.375,0.5,0.3875
"survivors",0,0.583333333333333,0.475
"survivors",0,0.5,0.5
"survivors",0,0.5,0.5
"survivors",0,0.833333333333333,0.5
"survivors",0,0.583333333333333,0.583333333333333
"survivors",0.125,0.5,0.569444444444444
"survivors",1,0.666666666666667,0.2
"survivors",0,0.833333333333333,0.45
"survivors",0,0.666666666666667,0.5
"survivors",0.375,0.5,0.4375
"survivors",0,0.5,0.611111111111111
"survivors",0,0.583333333333333,0.583333333333333
"survivors",0,0.916666666666667,0.472222222222222
"survivors",0.75,0.515151515151515,0.356060606060606
"survivors",0,0.333333333333333,0.666666666666667
"survivors",0.625,0.303030303030303,0.468434343434343
"survivors",0.375,0.444444444444444,0.449074074074074
"survivors",0.5,0.5,0.388888888888889
"survivors",0.375,0.666666666666667,0.430555555555556
"survivors",0,0.583333333333333,0.527777777777778
"survivors",0,0.583333333333333,0.527777777777778
"survivors",0,0.75,0.472222222222222
"survivors",0.375,0.272727272727273,0.506313131313131
"survivors",1,0.666666666666667,0.15
"survivors",0,0.583333333333333,0.527777777777778
"survivors",0.375,0.416666666666667,0.458333333333333
"survivors",0,0.666666666666667,0.4
"survivors",0,0.5,0.5
"survivors",0,0.5,0.5
"survivors",0,0.5,0.5
"survivors",0,0.5,0.5
"survivors",0.125,0.666666666666667,0.402777777777778
"survivors",0.25,0.583333333333333,0.388888888888889
"survivors",0.5,0.583333333333333,0.275
"survivors",0.5,0.25,0.416666666666667
"survivors",0.125,0.5,0.458333333333333
"survivors",0.125,0.5,0.4125
"survivors",0.125,0.5,0.458333333333333
"survivors",0,0.75,0.416666666666667
"survivors",0.625,0.242424242424242,0.433080808080808
"survivors",0,0.75,0.472222222222222
"survivors",0.5,0.583333333333333,0.275
"survivors",0,0.583333333333333,0.472222222222222
"survivors",0,0.583333333333333,0.472222222222222
"survivors",0,0.5,0.5
"survivors",0,0.5,0.5
"survivors",0.5,0.583333333333333,0.305555555555556
"survivors",0.375,0.5,0.3375
"survivors",0.25,0.416666666666667,0.5
"survivors",0,0.583333333333333,0.527777777777778
"survivors",0.625,0.666666666666667,0.236111111111111
"survivors",0,0.666666666666667,0.444444444444444
"survivors",0,0.75,0.416666666666667
"survivors",0.625,0.5,0.291666666666667
"survivors",0,0.583333333333333,0.425
"survivors",0,0.666666666666667,0.444444444444444
"survivors",0.25,0.583333333333333,0.388888888888889
"survivors",0.75,0.545454545454545,0.234848484848485
"survivors",0.5,0.5,0.333333333333333
"survivors",0,1,0.333333333333333
"survivors",0,0.583333333333333,0.472222222222222
"survivors",0.875,0,0.375
"survivors",0,0.583333333333333,0.425
"survivors",0.5,0.5,0.333333333333333
"survivors",0.125,0.583333333333333,0.3875
"survivors",0.375,0.75,0.291666666666667
"survivors",0.625,0.5,0.2625
"survivors",0.375,0.583333333333333,0.3125
"survivors",0,0.333333333333333,0.555555555555556
"survivors",0.75,0.833333333333333,0.194444444444444
"survivors",0,0.242424242424242,0.585858585858586
"survivors",0.75,0.444444444444444,0.268518518518519
"survivors",0.75,1,0.138888888888889
"survivors",0.25,0.0833333333333333,0.555555555555556
"survivors",0.5,0.5,0.333333333333333
"survivors",0,0.666666666666667,0.444444444444444
"survivors",0.125,0.575757575757576,0.433080808080808
"survivors",0.625,0.515151515151515,0.257954545454545
"survivors",0.375,0.416666666666667,0.3625
"survivors",0,0.916666666666667,0.361111111111111
"survivors",0.75,0.484848484848485,0.255050505050505
"survivors",0,0.5,0.666666666666667
"survivors",0,0.75,0.527777777777778
"survivors",0,0.583333333333333,0.527777777777778
"survivors",0.125,0.5,0.4625
"survivors",0.25,0.363636363636364,0.517676767676768
"survivors",0.625,0.666666666666667,0.347222222222222
"survivors",0,0.303030303030303,0.676767676767677
"survivors",0,0.583333333333333,0.583333333333333
"survivors",0,0.583333333333333,0.583333333333333
"survivors",0,0.583333333333333,0.583333333333333
"survivors",0.5,0.666666666666667,0.388888888888889
"survivors",0.375,0.416666666666667,0.513888888888889
"survivors",0,0.5,0.611111111111111
"survivors",0.75,0.583333333333333,0.333333333333333
"survivors",0.25,0.916666666666667,0.388888888888889
"survivors",0,0.583333333333333,0.583333333333333
"survivors",0,0.75,0.527777777777778
"survivors",0.25,0.583333333333333,0.5
"survivors",0.375,0.666666666666667,0.3875
"survivors",0.25,0.5,0.475
"survivors",0,0.5,0.611111111111111
"survivors",0,0.666666666666667,0.555555555555556
"survivors",0.375,0.833333333333333,0.375
"survivors",0,0.583333333333333,0.583333333333333
"survivors",0,0.416666666666667,0.638888888888889
"survivors",0.875,0.727272727272727,0.243686868686869
"survivors",0,0.666666666666667,0.5
"survivors",0,0.583333333333333,0.525
"survivors",0.375,0.75,0.402777777777778
"survivors",0.125,0.916666666666667,0.430555555555556
"survivors",0,0.833333333333333,0.444444444444444
"survivors",0,0.916666666666667,0.416666666666667
"survivors",0,0.5,0.555555555555556
"survivors",0,0.916666666666667,0.416666666666667
"survivors",0.75,0.333333333333333,0.361111111111111
"survivors",0.125,0.393939393939394,0.494318181818182
"survivors",0.5,0.666666666666667,0.3
"survivors",0,0.833333333333333,0.444444444444444
"survivors",0.875,0.416666666666667,0.291666666666667
"survivors",0.625,0.666666666666667,0.291666666666667
"survivors",0,0.666666666666667,0.444444444444444
"survivors",0.875,0.75,0.125
"survivors",0.25,0.75,0.333333333333333
"survivors",0.375,0.5,0.375
"survivors",0,0.583333333333333,0.472222222222222
"survivors",0,0.5,0.5
"survivors",0.5,0.583333333333333,0.275
"survivors",0.25,0.5,0.375
"survivors",0,0.666666666666667,0.444444444444444
"survivors",0,0.5,0.45
"survivors",0.125,0.5,0.458333333333333
"survivors",0,0.666666666666667,0.444444444444444
"survivors",0,0.416666666666667,0.527777777777778
"survivors",0.375,0.5,0.375
"survivors",0.375,0.545454545454545,0.323863636363636
"survivors",0,0.666666666666667,0.4
"survivors",0.125,0.583333333333333,0.430555555555556
"survivors",0.5,0.583333333333333,0.275
"survivors",0,0.583333333333333,0.527777777777778
"survivors",0,0.5,0.555555555555556
"survivors",0.5,0.916666666666667,0.225
"survivors",1,0.583333333333333,0.194444444444444
"survivors",1,0.266666666666667,0.244444444444444
"survivors",0,0.5,0.5
"survivors",0.375,0.5,0.3375
"survivors",0,1,0.333333333333333
"survivors",0,0.5,0.5
"survivors",0,0.583333333333333,0.425
"survivors",0.25,0.484848484848485,0.421717171717172
"survivors",0.5,0.5,0.333333333333333
"survivors",0,0.5,0.5
"survivors",0.375,0.333333333333333,0.3875
"survivors",0,0.606060606060606,0.464646464646465
"survivors",0,0.666666666666667,0.444444444444444
"survivors",0.125,0.75,0.375
"survivors",0,0.583333333333333,0.425
"survivors",0,0.583333333333333,0.472222222222222
"survivors",0.5,0.583333333333333,0.305555555555556
"survivors",0.5,0.5,0.333333333333333
"survivors",0.375,0.583333333333333,0.3625
"survivors",1,0.75,0.125
"survivors",0.25,0.75,0.388888888888889
"survivors",0.5,0.583333333333333,0.305555555555556
"survivors",0,0.5,0.5
"survivors",0,0.833333333333333,0.388888888888889
"survivors",0,0.75,0.416666666666667
"survivors",0,0.583333333333333,0.472222222222222
"survivors",0.25,0.75,0.333333333333333
"survivors",0.25,0.5,0.416666666666667
"survivors",0,0.5,0.5
"survivors",0.625,0.916666666666667,0.152777777777778
"survivors",0,0.75,0.416666666666667
"survivors",0,0.583333333333333,0.475
"survivors",1,0.583333333333333,0.125
"survivors",0.625,0.333333333333333,0.513888888888889
"survivors",0,0.75,0.583333333333333
"survivors",0,0.75,0.527777777777778
"survivors",0.375,0.833333333333333,0.375
"survivors",0.625,0.583333333333333,0.375
"survivors",0,0.416666666666667,0.638888888888889
"survivors",0,0.454545454545455,0.626262626262626
"survivors",0,0.833333333333333,0.5
"survivors",0,0.75,0.527777777777778
"survivors",0.25,0.916666666666667,0.388888888888889
"survivors",0.75,0.666666666666667,0.275
"survivors",0,0.75,0.527777777777778
"survivors",0,0.666666666666667,0.555555555555556
"survivors",0.25,0.916666666666667,0.35
"survivors",0,0.75,0.527777777777778
"survivors",0,0.75,0.527777777777778
"survivors",0.125,0.75,0.486111111111111
"survivors",0.25,0.75,0.4
"survivors",0.25,0.916666666666667,0.333333333333333
"survivors",0.25,0.75,0.388888888888889
"survivors",0.625,0.424242424242424,0.372474747474747
"survivors",0,0.833333333333333,0.444444444444444
"survivors",0,0.75,0.472222222222222
"survivors",0.25,0.75,0.35
"survivors",0,0.916666666666667,0.416666666666667
"survivors",0.25,0.75,0.388888888888889
"survivors",0.25,0.666666666666667,0.416666666666667
"survivors",0.5,0.75,0.361111111111111
"survivors",0,0.916666666666667,0.416666666666667
"survivors",0,0.424242424242424,0.580808080808081
"survivors",0,0.666666666666667,0.5
"survivors",0,0.833333333333333,0.444444444444444
"survivors",0,0.75,0.472222222222222
"survivors",0,0.583333333333333,0.472222222222222
"survivors",0.625,0.583333333333333,0.263888888888889
"survivors",0,0.583333333333333,0.472222222222222
"survivors",0,0.666666666666667,0.444444444444444
"survivors",0.5,0.416666666666667,0.325
"survivors",0.5,0.333333333333333,0.4
"survivors",0,0.5,0.45
"survivors",0,0.833333333333333,0.388888888888889
"survivors",0,0.833333333333333,0.388888888888889
"survivors",1,0.833333333333333,0.05
"survivors",0.375,0.75,0.291666666666667
"survivors",0.875,0.416666666666667,0.291666666666667
"survivors",0,0.666666666666667,0.4
"survivors",0.25,0.416666666666667,0.444444444444444
"survivors",0.25,0.916666666666667,0.277777777777778
"survivors",0,0.5,0.5
"survivors",0.125,0.666666666666667,0.402777777777778
"survivors",0,0.5,0.5
"survivors",0.25,0.5,0.375
"survivors",0,0.75,0.416666666666667
"survivors",0,0.666666666666667,0.444444444444444
"survivors",0.125,0.0833333333333333,0.597222222222222
"survivors",1,0.416666666666667,0.175
"survivors",0.875,0.696969696969697,0.198232323232323
"survivors",0.125,0.916666666666667,0.375
"survivors",0,0.333333333333333,0.5
"survivors",1,0.416666666666667,0.194444444444444
"survivors",0.125,0.833333333333333,0.347222222222222
"survivors",0,0.833333333333333,0.388888888888889
"survivors",0.5,0.916666666666667,0.194444444444444
"survivors",0.5,0.75,0.25
"survivors",0.125,0.833333333333333,0.3125
"survivors",0.75,0.333333333333333,0.472222222222222
"survivors",0.75,0.333333333333333,0.472222222222222
"survivors",0.5,0.333333333333333,0.5
"survivors",0,0.666666666666667,0.6
"survivors",0.125,0.833333333333333,0.458333333333333
"survivors",0,0.916666666666667,0.472222222222222
"survivors",0.125,0.583333333333333,0.597222222222222
"survivors",0.25,0.5,0.583333333333333
"survivors",0,0.166666666666667,0.722222222222222
"survivors",0,0.416666666666667,0.583333333333333
"survivors",0.25,0.5,0.472222222222222
"survivors",0,0.416666666666667,0.583333333333333
"survivors",0,0.333333333333333,0.611111111111111
"survivors",0.875,0.5,0.2375
"survivors",0.375,0.75,0.4125
"survivors",0.5,0.25,0.583333333333333
"survivors",0.125,0.555555555555556,0.595833333333333
"survivors",0,0.166666666666667,0.7
"survivors",0.375,0.5,0.541666666666667
"survivors",0,1,0.555555555555556
"survivors",0.625,0.75,0.375
"survivors",0.5,0.333333333333333,0.611111111111111
"survivors",0.875,0.766666666666667,0.3075
"survivors",0.625,0.333333333333333,0.569444444444445
"survivors",0.375,0.666666666666667,0.541666666666667
"survivors",0,0.416666666666667,0.75
"survivors",0.5,0.416666666666667,0.583333333333333
"survivors",0.125,0.416666666666667,0.708333333333333
"survivors",0.75,0.75,0.35
"survivors",0.5,0.5,0.555555555555556
"survivors",0.5,0.333333333333333,0.611111111111111
"survivors",0.75,0.515151515151515,0.467171717171717
"survivors",1,0.777777777777778,0.296296296296296
"survivors",0.125,0.333333333333333,0.736111111111111
"survivors",0,0.666666666666667,0.6
"survivors",0.5,0.333333333333333,0.55
"survivors",0,0.583333333333333,0.625
"survivors",0.125,0.416666666666667,0.708333333333333
"survivors",0.75,0.916666666666667,0.333333333333333
"survivors",0,0.0833333333333333,0.861111111111111
"survivors",0,0.25,0.805555555555556
"survivors",0,0.454545454545455,0.737373737373737
"survivors",0.875,0.833333333333333,0.319444444444444
"survivors",0.25,0.25,0.65
"survivors",0.625,0.666666666666667,0.4125
"survivors",0.125,0.333333333333333,0.6625
"survivors",0.5,0.75,0.472222222222222
"survivors",0.25,0.583333333333333,0.55
"survivors",0.75,0.25,0.555555555555556
"survivors",0,0.25,0.805555555555556
"survivors",0,0.75,0.638888888888889
"survivors",0,0.416666666666667,0.75
"survivors",0.75,0.25,0.555555555555556
"survivors",0.25,0.25,0.722222222222222
"survivors",0,0.25,0.805555555555556
"survivors",0.25,0.5,0.575
"survivors",0,0.75,0.638888888888889
"survivors",0.125,0.888888888888889,0.495833333333333
"survivors",0.25,0.5,0.638888888888889
"survivors",0,0.416666666666667,0.75
"survivors",0.125,0.777777777777778,0.587962962962963
"survivors",0,0.666666666666667,0.666666666666667
"survivors",1,0,0.555555555555556
"survivors",0.125,0,0.847222222222222
"survivors",0,0,0.888888888888889
"survivors",0.875,0.181818181818182,0.536616161616162
"survivors",0.25,0.212121212121212,0.734848484848485
"survivors",0.375,0.5,0.597222222222222
"survivors",0.375,0.416666666666667,0.625
"survivors",0,0.583333333333333,0.694444444444445
"survivors",0.5,0.583333333333333,0.527777777777778
"survivors",0.25,0.0833333333333333,0.777777777777778
"survivors",0.375,0.4,0.5675
"survivors",0.875,0.363636363636364,0.420454545454545
"survivors",0,0.0833333333333333,0.805555555555556
"survivors",0.375,0.416666666666667,0.5125
"survivors",0.875,0.121212121212121,0.501262626262626
"survivors",0.125,0.75,0.541666666666667
"survivors",0.625,0.333333333333333,0.513888888888889
"survivors",0,0.583333333333333,0.575
"survivors",0.375,0.444444444444444,0.560185185185185
"survivors",0,0.25,0.75
"survivors",0.5,0.5,0.45
"survivors",0.875,0.222222222222222,0.467592592592593
"survivors",0.5,0.5,0.5
"survivors",0,0.5,0.666666666666667
"survivors",0.5,0.166666666666667,0.611111111111111
"survivors",0.5,0.5,0.5
"survivors",0.375,0.212121212121212,0.573863636363636
"survivors",1,0.5,0.3
"survivors",0.375,0.75,0.458333333333333
"survivors",0.5,0.166666666666667,0.55
"survivors",0.375,0.424242424242424,0.510227272727273
"survivors",0,0.166666666666667,0.777777777777778
"survivors",0.875,0.242424242424242,0.460858585858586
"survivors",0.125,0.5,0.625
"survivors",0.375,0.5,0.541666666666667
"survivors",0.5,0.151515151515152,0.554545454545455
"survivors",0.125,0.166666666666667,0.6625
"survivors",0.875,0.272727272727273,0.405681818181818
"survivors",0.375,0.583333333333333,0.4625
"survivors",0,0.25,0.75
"survivors",0,0.25,0.75
"survivors",0,0.416666666666667,0.694444444444444
"survivors",0.875,0.666666666666667,0.2875
"survivors",0.375,0.5,0.541666666666667
"survivors",0,0.666666666666667,0.611111111111111
"survivors",0.375,0.666666666666667,0.486111111111111
"survivors",0.75,0.416666666666667,0.444444444444444
"survivors",0.75,0.416666666666667,0.444444444444444
"survivors",0,0.5,0.666666666666667
"survivors",0.75,0.575757575757576,0.391414141414141
"survivors",0.375,0.666666666666667,0.4375
"survivors",0.25,0.393939393939394,0.556818181818182
"survivors",0.25,0.416666666666667,0.55
"survivors",0,0.636363636363636,0.621212121212121
"survivors",0,0.666666666666667,0.55
"survivors",0.125,0.666666666666667,0.569444444444444
"survivors",0.125,0.75,0.541666666666667
"survivors",0,1,0.5
"survivors",1,0.5,0.3
"survivors",0,0.583333333333333,0.575
"survivors",0.625,0.333333333333333,0.513888888888889
"survivors",0.5,0.416666666666667,0.527777777777778
"survivors",0.5,0.583333333333333,0.472222222222222
"survivors",0,0.583333333333333,0.638888888888889
"survivors",0.875,0.75,0.291666666666667
"survivors",1,0.333333333333333,0.388888888888889
"survivors",0.25,0.25,0.666666666666667
"survivors",0.25,0.25,0.666666666666667
"survivors",0,0.303030303030303,0.659090909090909
"survivors",0,0.583333333333333,0.638888888888889
"survivors",0.25,0.303030303030303,0.584090909090909
"survivors",0.375,0.222222222222222,0.634259259259259
"survivors",1,0.833333333333333,0.222222222222222
"survivors",0,0.121212121212121,0.713636363636364
"survivors",0.75,0.444444444444444,0.435185185185185
"survivors",0.375,0.444444444444444,0.560185185185185
"survivors",0,0.166666666666667,0.777777777777778
"survivors",0.5,0.75,0.416666666666667
"survivors",0.125,0.666666666666667,0.569444444444444
"survivors",0.75,0.454545454545455,0.431818181818182
"survivors",0,0.666666666666667,0.611111111111111
"survivors",0.625,0.583333333333333,0.430555555555556
"survivors",0.625,0.583333333333333,0.375
"survivors",0.75,0.333333333333333,0.472222222222222
"survivors",0,0.0833333333333333,0.75
"survivors",0.5,0.416666666666667,0.472222222222222
"survivors",0.5,0.666666666666667,0.388888888888889
"survivors",0.25,0.333333333333333,0.638888888888889
"survivors",0.875,0.424242424242424,0.400252525252525
"survivors",0.75,0.416666666666667,0.444444444444444
"survivors",0.5,0.25,0.525
"survivors",0.875,0.666666666666667,0.319444444444444
"survivors",0.125,0.5,0.625
"survivors",0.875,0.333333333333333,0.430555555555556
"survivors",0.375,0.333333333333333,0.5375
"survivors",0,0.416666666666667,0.694444444444444
"survivors",0.625,0.575757575757576,0.433080808080808
"survivors",1,0.25,0.416666666666667
"survivors",0,0.444444444444444,0.62962962962963
"survivors",0.375,0.0833333333333333,0.625
"survivors",0.5,0.583333333333333,0.375
"survivors",0.125,0.333333333333333,0.625
"survivors",0.875,0.333333333333333,0.375
"survivors",0,0.5,0.55
"survivors",0.75,0.575757575757576,0.302272727272727
"survivors",0.625,0.212121212121212,0.498737373737374
"survivors",0.125,0.272727272727273,0.64520202020202
"survivors",0,0.5,0.611111111111111
"survivors",0.5,0.333333333333333,0.5
"survivors",0.625,0.5,0.402777777777778
"survivors",0.75,0.8,0.261111111111111
"survivors",0.75,0.25,0.444444444444444
"survivors",0.375,0.1,0.619444444444444
"survivors",0.125,0.333333333333333,0.625
"survivors",0.5,0.333333333333333,0.5
"survivors",0.625,0.666666666666667,0.3125
"survivors",0.875,0.666666666666667,0.263888888888889
"survivors",0.875,0.484848484848485,0.292045454545455
"survivors",0.125,0.333333333333333,0.625
"survivors",0,0.555555555555556,0.592592592592593
"survivors",0.5,0.583333333333333,0.416666666666667
"survivors",0.5,0.416666666666667,0.472222222222222
"survivors",0.25,0.416666666666667,0.555555555555556
"survivors",0.375,0.5,0.4375
"survivors",1,0.545454545454545,0.262626262626263
"survivors",0.75,0.75,0.277777777777778
"survivors",0,0.5,0.55
"survivors",0.875,0.666666666666667,0.263888888888889
"survivors",0.5,0.5,0.444444444444444
"survivors",0.875,0.366666666666667,0.363888888888889
"survivors",0.5,0.272727272727273,0.52020202020202
"survivors",0.375,0.212121212121212,0.582070707070707
"survivors",0.75,0.416666666666667,0.388888888888889
"survivors",0.125,0.333333333333333,0.680555555555556
"survivors",0.875,0.212121212121212,0.373863636363636
"survivors",0.625,0.454545454545455,0.417929292929293
"survivors",0.875,0.416666666666667,0.347222222222222
"survivors",0.875,0.25,0.402777777777778
"survivors",0.5,0.583333333333333,0.472222222222222
"survivors",0.625,0.666666666666667,0.402777777777778
"survivors",0,0.583333333333333,0.583333333333333
"survivors",0,0.75,0.527777777777778
"survivors",0.125,0.416666666666667,0.597222222222222
"survivors",0,0.416666666666667,0.638888888888889
"survivors",0.5,0.666666666666667,0.35
"survivors",0.5,0.181818181818182,0.55050505050505
"survivors",0,0.583333333333333,0.583333333333333
"survivors",0,0.333333333333333,0.666666666666667
"survivors",0.25,0.666666666666667,0.472222222222222
"survivors",0.25,0.5,0.475
"survivors",0.625,0.606060606060606,0.330681818181818
"survivors",0,0.75,0.527777777777778
"survivors",1,0.333333333333333,0.277777777777778
"survivors",0,0.111111111111111,0.740740740740741
"survivors",0.375,0.583333333333333,0.513888888888889
"survivors",0.25,0.444444444444444,0.546296296296296
"survivors",1,0.583333333333333,0.25
"survivors",0.375,0.303030303030303,0.551767676767677
"survivors",0.875,0.484848484848485,0.292045454545455
"survivors",0.625,0.575757575757576,0.377525252525253
"survivors",0.625,0.333333333333333,0.3625
"survivors",0,0.424242424242424,0.580808080808081
"survivors",1,0.515151515151515,0.217171717171717
"survivors",0.875,0.787878787878788,0.167929292929293
"survivors",0.625,0.393939393939394,0.382575757575758
"survivors",0.625,0.5,0.458333333333333
"survivors",0,0.416666666666667,0.694444444444444
"survivors",0.5,0.25,0.525
"survivors",0,0.25,0.75
"survivors",0.5,0.25,0.583333333333333
"survivors",0.125,0.5,0.625
"survivors",0.125,0.166666666666667,0.736111111111111
"survivors",0.625,0.333333333333333,0.513888888888889
"survivors",0.625,0.5,0.458333333333333
"survivors",0,0.333333333333333,0.722222222222222
"survivors",0.625,0.242424242424242,0.544191919191919
"survivors",0.25,0.666666666666667,0.527777777777778
"survivors",0.5,0.303030303030303,0.565656565656566
"survivors",0.75,0.777777777777778,0.324074074074074
"survivors",0,0.333333333333333,0.666666666666667
"survivors",0.875,0.333333333333333,0.375
"survivors",0,0.666666666666667,0.5
"survivors",0.25,0.75,0.444444444444444
"survivors",0.625,0.777777777777778,0.279166666666667
"survivors",0,0.5,0.611111111111111
"survivors",0,0.333333333333333,0.6
"survivors",0.875,0.484848484848485,0.292045454545455
"survivors",0.5,0.25,0.475
"survivors",0,0.75,0.527777777777778
"survivors",0,0.333333333333333,0.6
"survivors",0,0.25,0.694444444444444
"survivors",0.625,0.333333333333333,0.4125
"survivors",0.625,0.166666666666667,0.513888888888889
"survivors",0.875,0.212121212121212,0.41540404040404
"survivors",0.375,0.545454545454545,0.470959595959596
"survivors",0.5,0.75,0.361111111111111
"survivors",0.25,0.333333333333333,0.583333333333333
"survivors",0,0.0909090909090909,0.747474747474748
"survivors",0,0.575757575757576,0.585858585858586
"survivors",0,0.515151515151515,0.545454545454546
"survivors",0,0.25,0.694444444444444
"survivors",1,0.75,0.194444444444444
"survivors",0.25,0.636363636363636,0.482323232323232
"survivors",0.875,0.484848484848485,0.32449494949495
"survivors",0,0.666666666666667,0.555555555555556
"survivors",0.125,0.583333333333333,0.541666666666667
"survivors",0.75,0.303030303030303,0.371212121212121
"survivors",0.25,0.416666666666667,0.5
"survivors",0.625,0.25,0.486111111111111
"survivors",0.5,0.916666666666667,0.305555555555556
"survivors",0.875,0.363636363636364,0.36489898989899
"survivors",0.875,0.393939393939394,0.35479797979798
"survivors",0.125,0.166666666666667,0.680555555555556
"survivors",0.375,0.583333333333333,0.458333333333333
"survivors",0.5,0,0.611111111111111
"survivors",0.75,0.25,0.444444444444444
"survivors",0.75,0.416666666666667,0.35
"survivors",0.875,0.633333333333333,0.2475
"survivors",0.75,0.166666666666667,0.472222222222222
"survivors",0,0.5,0.611111111111111
"survivors",0.75,0.133333333333333,0.435
"survivors",0,0.416666666666667,0.638888888888889
"survivors",0.5,0.515151515151515,0.395454545454545
"survivors",0.75,0.393939393939394,0.396464646464646
"survivors",0.625,0.416666666666667,0.430555555555556
"survivors",0,0.333333333333333,0.666666666666667
"survivors",0.75,0.666666666666667,0.305555555555556
"survivors",0.25,0.416666666666667,0.5
"survivors",0,0.222222222222222,0.648148148148148
"survivors",1,0.333333333333333,0.25
"survivors",0.625,0.416666666666667,0.375
"survivors",0.75,0.866666666666667,0.165
"survivors",0.625,0.757575757575758,0.235227272727273
"survivors",0.375,0.5,0.430555555555556
"survivors",1,0.583333333333333,0.194444444444444
"survivors",0,0.5,0.555555555555556
"survivors",0.625,0.583333333333333,0.2875
"survivors",0.625,0.166666666666667,0.458333333333333
"survivors",0.125,0.666666666666667,0.458333333333333
"survivors",0.125,0.666666666666667,0.4125
"survivors",0.75,0.6,0.272222222222222
"survivors",0.125,0,0.680555555555556
"survivors",0.875,0.696969696969697,0.178409090909091
"survivors",0.75,0.407407407407407,0.33641975308642
"survivors",0.5,0.0833333333333333,0.527777777777778
"survivors",0.625,0.666666666666667,0.291666666666667
"survivors",0.75,0.25,0.388888888888889
"survivors",0,0.166666666666667,0.666666666666667
"survivors",0.125,0.111111111111111,0.643518518518518
"survivors",0.625,0.333333333333333,0.3625
"survivors",0.5,0.25,0.472222222222222
"survivors",0.875,0.75,0.180555555555556
"survivors",0.75,0.75,0.222222222222222
"survivors",0.25,0.416666666666667,0.5
"survivors",1,0.333333333333333,0.277777777777778
"survivors",0.375,0.62962962962963,0.387345679012346
"survivors",0.875,0.393939393939394,0.299242424242424
"survivors",0.5,0.363636363636364,0.390909090909091
"survivors",0.875,0.575757575757576,0.238636363636364
"survivors",0.75,0.333333333333333,0.325
"survivors",0.875,0.636363636363636,0.218434343434343
"survivors",0,0.333333333333333,0.611111111111111
"survivors",0.875,0.8,0.163888888888889
"survivors",0.625,0.696969696969697,0.253409090909091
"survivors",0,0.416666666666667,0.583333333333333
"survivors",0.625,0.75,0.263888888888889
"survivors",0,0.242424242424242,0.577272727272727
"survivors",0.75,0.222222222222222,0.358333333333333
"survivors",0.625,0.4,0.3425
"survivors",0.875,0.757575757575758,0.160227272727273
"survivors",0,0.666666666666667,0.45
"survivors",0.5,0.25,0.472222222222222
"survivors",0.625,0.666666666666667,0.291666666666667
"survivors",0.25,0.416666666666667,0.5
"survivors",0.75,1,0.138888888888889
"survivors",1,0.416666666666667,0.225
"survivors",0.875,0.5,0.263888888888889
"survivors",0,0.583333333333333,0.527777777777778
"survivors",0.5,0.0833333333333333,0.527777777777778
"survivors",0.875,0.0833333333333333,0.458333333333333
"survivors",0.375,0.5,0.486111111111111
"survivors",0.5,0.583333333333333,0.416666666666667
"survivors",0.625,0.333333333333333,0.402777777777778
"survivors",0.875,0.636363636363636,0.196590909090909
"survivors",0.75,0.5,0.305555555555556
"survivors",0.25,0.666666666666667,0.416666666666667
"survivors",0.375,0.416666666666667,0.458333333333333
"survivors",0,0.333333333333333,0.611111111111111
"survivors",0.875,0.333333333333333,0.319444444444444
"survivors",0,0.5,0.5
"survivors",1,0.5,0.222222222222222
"survivors",0.625,0.416666666666667,0.486111111111111
"survivors",0.375,0.25,0.625
"survivors",0.5,0.666666666666667,0.444444444444444
"survivors",0.375,0.416666666666667,0.513888888888889
"survivors",1,0.212121212121212,0.373737373737374
"survivors",0.375,0.333333333333333,0.541666666666667
"survivors",0.25,0.181818181818182,0.633838383838384
"survivors",0.75,0.166666666666667,0.472222222222222
"survivors",0.375,0.166666666666667,0.597222222222222
"survivors",0.875,0.333333333333333,0.375
"survivors",0.75,0.583333333333333,0.25
"survivors",0.5,0.272727272727273,0.464646464646465
"survivors",0.375,0.583333333333333,0.3625
"survivors",0.875,0.25,0.347222222222222
"survivors",0,0.833333333333333,0.444444444444444
"survivors",0.125,0.833333333333333,0.458333333333333
"survivors",0,0.416666666666667,0.638888888888889
"survivors",0.375,0.333333333333333,0.541666666666667
"survivors",0,0.416666666666667,0.638888888888889
"survivors",0,0.833333333333333,0.5
"survivors",0,0.916666666666667,0.472222222222222
"survivors",0,0.916666666666667,0.472222222222222
"survivors",0.75,0.666666666666667,0.305555555555556
"survivors",0,0.666666666666667,0.555555555555556
"survivors",0,0.833333333333333,0.5
"survivors",0.5,0.666666666666667,0.35
"survivors",0.625,0.416666666666667,0.430555555555556
"survivors",0,0.833333333333333,0.5
"survivors",0,0.583333333333333,0.583333333333333
"survivors",0.875,0.75,0.180555555555556
"survivors",0,0.583333333333333,0.527777777777778
"survivors",0.5,0.5,0.35
"survivors",0.375,0.333333333333333,0.486111111111111
"survivors",0,0.416666666666667,0.583333333333333
"survivors",0,0.333333333333333,0.611111111111111
"survivors",0,0.833333333333333,0.444444444444444
"survivors",0,0.5,0.555555555555556
"survivors",0,0.333333333333333,0.611111111111111
"survivors",0.375,0.833333333333333,0.319444444444444
"survivors",0.5,0.916666666666667,0.25
"survivors",0.5,0.424242424242424,0.414141414141414
"survivors",0,0.916666666666667,0.416666666666667
"survivors",0,0.833333333333333,0.444444444444444
"survivors",0,0.833333333333333,0.444444444444444
"survivors",0,0.833333333333333,0.388888888888889
"survivors",0.125,0.5,0.458333333333333
"survivors",0,0.5,0.5
"survivors",0,0.5,0.45
"survivors",0,0.2,0.6
"survivors",0,0.5,0.5
"survivors",0.125,0.25,0.541666666666667
"survivors",0.375,0.416666666666667,0.3625
"survivors",0.875,0.416666666666667,0.236111111111111
"survivors",0.625,0.393939393939394,0.327020202020202
"survivors",0,0.5,0.5
"survivors",0.5,0.833333333333333,0.277777777777778
"survivors",0.375,0.333333333333333,0.486111111111111
"survivors",0,0.5,0.555555555555556
"survivors",0,0.833333333333333,0.444444444444444
"survivors",0,0.75,0.472222222222222
"survivors",0.875,0.5,0.208333333333333
"survivors",0.25,0.583333333333333,0.388888888888889
"survivors",0.875,0.583333333333333,0.180555555555556
"survivors",0.625,0.575757575757576,0.266414141414141
"survivors",0.625,0.424242424242424,0.316919191919192
"survivors",0,0.424242424242424,0.525252525252525
"survivors",0.5,0.5,0.3
"survivors",0,0.833333333333333,0.388888888888889
"survivors",0,0.666666666666667,0.444444444444444
"survivors",0,0.583333333333333,0.472222222222222
"survivors",0.625,0.833333333333333,0.180555555555556
"survivors",0,0.833333333333333,0.388888888888889
"survivors",0.625,0.363636363636364,0.337121212121212
"survivors",0.375,0.416666666666667,0.402777777777778
"survivors",0.625,0.333333333333333,0.347222222222222
"survivors",0.625,0.416666666666667,0.2875
"survivors",0.5,0.916666666666667,0.194444444444444
"survivors",0,0.333333333333333,0.555555555555556
"survivors",0,0.833333333333333,0.4
"survivors",0.5,0.833333333333333,0.25
"survivors",0,0.833333333333333,0.444444444444444
"survivors",0,0.416666666666667,0.527777777777778
"survivors",1,0.833333333333333,0.05
"survivors",0,0.916666666666667,0.325
"survivors",0.625,0.233333333333333,0.380555555555556
"survivors",0,0.833333333333333,0.388888888888889
"survivors",0,0.833333333333333,0.35
"survivors",0,0.916666666666667,0.325
"survivors",1,0.75,0.0833333333333333
"survivors",0.125,0.25,0.541666666666667
"survivors",1,0.727272727272727,0.181818181818182
"survivors",0.125,0.916666666666667,0.3875
"survivors",0,0.5,0.555555555555556
"survivors",0.875,0.333333333333333,0.319444444444444
"survivors",0,0.666666666666667,0.5
"survivors",0,0.166666666666667,0.666666666666667
"survivors",0,0.583333333333333,0.527777777777778
"survivors",0.75,0.75,0.222222222222222
"survivors",0,0.75,0.472222222222222
"survivors",0.125,0.222222222222222,0.606481481481482
"survivors",0.25,0.5,0.527777777777778
"survivors",0.125,0.666666666666667,0.569444444444444
"survivors",0,0.833333333333333,0.555555555555556
"survivors",0.25,0.333333333333333,0.575
"survivors",0,0.333333333333333,0.722222222222222
"survivors",0.125,0.166666666666667,0.736111111111111
"survivors",0,0.166666666666667,0.65
"survivors",0,0.111111111111111,0.666666666666667
"survivors",0.375,0,0.5875
"survivors",0,0.833333333333333,0.5
"survivors",0.875,0.583333333333333,0.291666666666667
"survivors",0.25,0.916666666666667,0.388888888888889
"survivors",0,0.416666666666667,0.638888888888889
"survivors",0,0.272727272727273,0.686868686868687
"survivors",0,0.5,0.611111111111111
"survivors",0.625,0.416666666666667,0.430555555555556
"survivors",0.375,0.666666666666667,0.430555555555556
"survivors",0.5,0.833333333333333,0.333333333333333
"survivors",0.75,0.6,0.327777777777778
"survivors",0.5,0.25,0.527777777777778
"survivors",0.625,0.583333333333333,0.375
"survivors",0,0.833333333333333,0.5
"survivors",0.25,0.363636363636364,0.573232323232323
"survivors",0.75,0.75,0.277777777777778
"survivors",0.875,0.363636363636364,0.36489898989899
"survivors",0.625,0.75,0.2875
"survivors",0.625,0.515151515151515,0.397727272727273
"survivors",0.75,0.666666666666667,0.305555555555556
"survivors",0.75,0.75,0.277777777777778
"survivors",0.625,0.333333333333333,0.458333333333333
"survivors",0,0.25,0.625
"survivors",1,0.303030303030303,0.343434343434343
"survivors",0,0.916666666666667,0.425
"survivors",0,0.75,0.527777777777778
"survivors",0.5,0.242424242424242,0.53030303030303
"survivors",0,0.333333333333333,0.666666666666667
"survivors",0.625,0.222222222222222,0.49537037037037
"survivors",0,0.666666666666667,0.5
"survivors",0.75,0.333333333333333,0.375
"survivors",0.625,0.666666666666667,0.347222222222222
"survivors",0.5,0.181818181818182,0.55050505050505
"survivors",0.625,0.25,0.430555555555556
"survivors",0.25,0.416666666666667,0.5
"survivors",0.375,0.6,0.397222222222222
"survivors",0.875,0.515151515151515,0.258838383838384
"survivors",0.875,0.333333333333333,0.2875
"survivors",0.625,0.696969696969697,0.281565656565657
"survivors",0.625,0.606060606060606,0.280681818181818
"survivors",0.875,0.818181818181818,0.157828282828283
"survivors",0.25,0.484848484848485,0.477272727272727
"survivors",0,0.916666666666667,0.375
"survivors",0.75,0.636363636363636,0.234090909090909
"survivors",0,0.583333333333333,0.527777777777778
"survivors",0.25,0.833333333333333,0.325
"survivors",0.875,0.303030303030303,0.329545454545455
"survivors",0.25,0.416666666666667,0.5
"survivors",0.875,0.75,0.180555555555556
"survivors",1,0.75,0.138888888888889
"survivors",0.25,0.333333333333333,0.527777777777778
"survivors",0,0.666666666666667,0.45
"survivors",1,0.424242424242424,0.222727272727273
"survivors",0.5,0.416666666666667,0.416666666666667
"survivors",0.625,0.303030303030303,0.412878787878788
"survivors",1,0.303030303030303,0.287878787878788
"survivors",0.125,0.75,0.4375
"survivors",0.75,0.416666666666667,0.388888888888889
"survivors",1,0.916666666666667,0.0833333333333333
"survivors",0.625,0.916666666666667,0.208333333333333
"survivors",0,0.916666666666667,0.416666666666667
"survivors",0,0.916666666666667,0.416666666666667
"survivors",0.75,0.333333333333333,0.361111111111111
"survivors",0.625,0.303030303030303,0.412878787878788
"survivors",0.625,0.363636363636364,0.392676767676768
"survivors",0.75,0.416666666666667,0.333333333333333
"survivors",0.375,0.151515151515152,0.546717171717172
"survivors",0,0.272727272727273,0.575757575757576
"survivors",0.25,0.583333333333333,0.35
"survivors",0,0.333333333333333,0.555555555555556
"survivors",0,0.583333333333333,0.472222222222222
"survivors",0,0.416666666666667,0.527777777777778
"survivors",0,0.583333333333333,0.472222222222222
"survivors",0.875,0.909090909090909,0.0647727272727273
"survivors",0.5,0.5,0.3
"survivors",1,0.25,0.25
"survivors",0.625,0.583333333333333,0.263888888888889
"survivors",1,0.583333333333333,0.125
"survivors",0.25,0.5,0.375
"survivors",0.375,0.416666666666667,0.402777777777778
"survivors",0,0.666666666666667,0.444444444444444
"survivors",0,0.75,0.416666666666667
"survivors",0.5,0.416666666666667,0.325
"survivors",0.625,0.5,0.291666666666667
"survivors",0,0.75,0.375
"survivors",0.625,0.333333333333333,0.458333333333333
"survivors",0.125,0.833333333333333,0.402777777777778
"survivors",0.875,0.5,0.319444444444444
"survivors",0.25,0.0833333333333333,0.666666666666667
"survivors",0.625,0.424242424242424,0.428030303030303
"survivors",0.375,0.363636363636364,0.428409090909091
"survivors",0.625,0.333333333333333,0.402777777777778
"survivors",0.375,0.416666666666667,0.458333333333333
"survivors",0.875,0.5,0.2375
"survivors",0,0.833333333333333,0.444444444444444
"survivors",0.5,0.303030303030303,0.454545454545455
"survivors",0.375,0.666666666666667,0.375
"survivors",0.625,0.393939393939394,0.344318181818182
"survivors",0.25,0.666666666666667,0.416666666666667
"survivors",0,0.636363636363636,0.51010101010101
"survivors",0,0.416666666666667,0.525
"survivors",0.625,0.233333333333333,0.436111111111111
"survivors",1,0.566666666666667,0.2
"survivors",0.625,0.416666666666667,0.375
"survivors",0.75,0.75,0.222222222222222
"survivors",0.875,0.5,0.263888888888889
"survivors",0,0.583333333333333,0.472222222222222
"survivors",0,0.5,0.5
"survivors",0.875,0.0833333333333333,0.347222222222222
"survivors",0.75,0.5,0.225
"survivors",0.375,0.583333333333333,0.347222222222222
"survivors",1,0.272727272727273,0.242424242424242
"survivors",0.875,0.25,0.291666666666667
"survivors",0.5,0.416666666666667,0.416666666666667
"survivors",0.125,0.25,0.597222222222222
"survivors",0.5,0.5,0.388888888888889
"survivors",0.625,0.484848484848485,0.352272727272727
"survivors",1,0.666666666666667,0.166666666666667
"survivors",0.25,0.5,0.425
"survivors",0.875,0.181818181818182,0.369949494949495
"survivors",0.375,0.583333333333333,0.402777777777778
"survivors",1,0.583333333333333,0.194444444444444
"survivors",0.75,0.666666666666667,0.25
"survivors",0.875,0.666666666666667,0.208333333333333
"survivors",0.5,0.333333333333333,0.388888888888889
"survivors",0,0.833333333333333,0.388888888888889
"survivors",0,0.583333333333333,0.472222222222222
"survivors",0.25,0.555555555555556,0.398148148148148
"survivors",0.375,0.484848484848485,0.342045454545455
"survivors",0.75,0.416666666666667,0.277777777777778
"survivors",0,0.333333333333333,0.555555555555556
"survivors",0.5,0.333333333333333,0.35
"survivors",0.5,0.583333333333333,0.305555555555556
"survivors",1,0.166666666666667,0.25
"survivors",0.375,0.583333333333333,0.347222222222222
"survivors",0,0.212121212121212,0.536363636363636
"survivors",1,0.666666666666667,0.111111111111111
"survivors",0.375,0.181818181818182,0.481060606060606
"survivors",0.125,0,0.625
"survivors",0.5,0.666666666666667,0.25
"survivors",0,0.583333333333333,0.472222222222222
"survivors",0,0.333333333333333,0.555555555555556
"survivors",0,0.916666666666667,0.361111111111111
"survivors",0.25,0.25,0.5
"survivors",0,0.583333333333333,0.472222222222222
"survivors",0.875,0.272727272727273,0.255681818181818
"survivors",1,0.25,0.25
"survivors",0.75,0.416666666666667,0.25
"survivors",0.125,0.583333333333333,0.430555555555556
"survivors",0.25,0.333333333333333,0.472222222222222
"survivors",0.75,0.5,0.25
"survivors",0.875,0.545454545454545,0.173863636363636
"survivors",1,0.583333333333333,0.138888888888889
"survivors",0.75,0.333333333333333,0.305555555555556
"survivors",0.875,0.166666666666667,0.2875
"survivors",0.875,0.454545454545455,0.223484848484848
"survivors",0.875,0.484848484848485,0.192045454545455
"survivors",0.25,0.333333333333333,0.472222222222222
"survivors",0.625,0.303030303030303,0.357323232323232
"survivors",0.25,0.25,0.45
"survivors",0.5,0.333333333333333,0.388888888888889
"survivors",0,0.5,0.5
"survivors",0.5,0.037037037037037,0.438888888888889
"survivors",1,0.393939393939394,0.181818181818182
"survivors",0.375,0.416666666666667,0.402777777777778
"survivors",0,0.25,0.583333333333333
"survivors",0.125,0.666666666666667,0.3625
"survivors",0.375,0.5,0.375
"survivors",0.75,0.222222222222222,0.342592592592593
"survivors",1,0.484848484848485,0.154545454545455
"survivors",0.875,0.166666666666667,0.2875
"survivors",0.75,0.303030303030303,0.315656565656566
"survivors",0.375,0.416666666666667,0.402777777777778
"survivors",0.625,0.416666666666667,0.2875
"survivors",0.25,0.757575757575758,0.330808080808081
"survivors",0,0.757575757575758,0.414141414141414
"survivors",0.75,0.333333333333333,0.275
"survivors",1,0.416666666666667,0.175
"survivors",0.125,0.25,0.541666666666667
"survivors",0,0.166666666666667,0.611111111111111
"survivors",0,0.25,0.583333333333333
"survivors",0.625,0.666666666666667,0.236111111111111
"survivors",0,0.75,0.416666666666667
"survivors",0,0.0606060606060606,0.646464646464647
"survivors",0,0.333333333333333,0.555555555555556
"survivors",0.5,0.25,0.416666666666667
"survivors",0.875,0.5,0.208333333333333
"survivors",0.625,0.222222222222222,0.384259259259259
"survivors",0.25,0.833333333333333,0.305555555555556
"survivors",0.625,0.75,0.208333333333333
"survivors",0.625,0.25,0.375
"survivors",0,0.583333333333333,0.472222222222222
"survivors",0.875,0.212121212121212,0.304292929292929
"survivors",0.75,0.181818181818182,0.356060606060606
"survivors",0.625,0.424242424242424,0.285227272727273
"survivors",0.25,0.25,0.5
"survivors",0.875,0.545454545454545,0.193181818181818
"survivors",0.625,0.333333333333333,0.347222222222222
"survivors",0.125,0.416666666666667,0.486111111111111
"survivors",0.375,0.181818181818182,0.481060606060606
"survivors",0.625,0.636363636363636,0.221590909090909
"survivors",0.75,0.416666666666667,0.277777777777778
"survivors",0,0.133333333333333,0.622222222222222
"survivors",0.25,0.666666666666667,0.361111111111111
"survivors",0.375,0.916666666666667,0.236111111111111
"survivors",0.5,0.416666666666667,0.361111111111111
"survivors",0,0.25,0.583333333333333
"survivors",0.75,0.5,0.25
"survivors",1,0.939393939393939,0.0202020202020202
"survivors",0,0.444444444444444,0.518518518518518
"survivors",0.875,0.416666666666667,0.2125
"survivors",0.375,0.916666666666667,0.236111111111111
"survivors",0.625,0.5,0.291666666666667
"survivors",0.875,0.0909090909090909,0.34469696969697
"survivors",0.75,0.515151515151515,0.244949494949495
"survivors",0,0.5,0.5
"survivors",0,0.333333333333333,0.555555555555556
"survivors",0,0,0.666666666666667
"survivors",0.125,0.166666666666667,0.569444444444444
"survivors",0,0.444444444444444,0.518518518518518
"survivors",0.625,0.166666666666667,0.402777777777778
"survivors",1,0.545454545454545,0.136363636363636
"survivors",1,1,0
"survivors",0,0.5,0.5
"survivors",0,0.555555555555556,0.481481481481481
"survivors",0,0.333333333333333,0.555555555555556
"survivors",0.125,0.75,0.375
"survivors",1,0.166666666666667,0.277777777777778
"survivors",0,0.222222222222222,0.592592592592593
"survivors",0.5,0.166666666666667,0.4
"survivors",0,1,0.333333333333333
"survivors",0.375,0.5,0.3375
"survivors",0.375,0.75,0.2625
"survivors",0.125,0.416666666666667,0.486111111111111
"survivors",0.625,0.833333333333333,0.180555555555556
"survivors",0.125,0.166666666666667,0.569444444444444
"survivors",0.25,0.454545454545455,0.388636363636364
"survivors",0,0.606060606060606,0.418181818181818
"survivors",0,0.25,0.583333333333333
"survivors",0,0.333333333333333,0.5
"survivors",0,0.212121212121212,0.595959595959596
"survivors",0,0.833333333333333,0.388888888888889
"survivors",0.5,0.583333333333333,0.305555555555556
"survivors",0,0.5,0.5
"survivors",0.5,0.5,0.333333333333333
"survivors",0,0.444444444444444,0.518518518518518
"survivors",0.125,0.75,0.375
"survivors",0.75,0.0833333333333333,0.388888888888889
"survivors",0.625,0.0909090909090909,0.428030303030303
"survivors",0.875,0.583333333333333,0.180555555555556
"survivors",0.75,0.75,0.166666666666667
"survivors",1,0.303030303030303,0.232323232323232
"survivors",0.5,0.575757575757576,0.308080808080808
"survivors",0.625,0.583333333333333,0.263888888888889
"survivors",0,0.25,0.583333333333333
"survivors",0,0.166666666666667,0.611111111111111
"survivors",0,0.166666666666667,0.611111111111111
"survivors",0,0.166666666666667,0.611111111111111
"survivors",0.125,0.0909090909090909,0.59469696969697
"survivors",0.5,0.416666666666667,0.361111111111111
"survivors",0.875,0.515151515151515,0.203282828282828
"survivors",1,0.5,0.166666666666667
"survivors",1,0.75,0.0833333333333333
"survivors",0.875,0.666666666666667,0.152777777777778
"survivors",0.875,0.727272727272727,0.132575757575758
"survivors",0.625,0.0909090909090909,0.385227272727273
"survivors",1,0.666666666666667,0.111111111111111
"survivors",0.75,0.75,0.166666666666667
"survivors",0.75,0.5,0.25
"survivors",1,0.636363636363636,0.121212121212121
"survivors",0.875,0.583333333333333,0.180555555555556
"survivors",0.375,0.583333333333333,0.347222222222222
"survivors",0.875,0.75,0.125
"survivors",0.125,0.242424242424242,0.489772727272727
"survivors",1,0.416666666666667,0.194444444444444
"survivors",0.875,0.454545454545455,0.223484848484848
"survivors",0.75,0.696969696969697,0.184343434343434
"survivors",1,0.272727272727273,0.242424242424242
"survivors",0.125,0.333333333333333,0.513888888888889
"survivors",0.875,0.75,0.125
"survivors",0.125,0.5,0.458333333333333
"survivors",1,0,0.333333333333333
"survivors",0.75,0.5,0.25
"survivors",0.875,0.666666666666667,0.152777777777778
"survivors",1,0.393939393939394,0.181818181818182
"survivors",0.375,0.333333333333333,0.430555555555556
"survivors",0.125,0.416666666666667,0.486111111111111
"survivors",1,0.757575757575758,0.0808080808080808
"survivors",0.875,0.75,0.1125
"survivors",1,0.333333333333333,0.222222222222222
"survivors",0.875,0.416666666666667,0.236111111111111
"survivors",0.75,0.416666666666667,0.277777777777778
"survivors",0.625,0.833333333333333,0.180555555555556
"survivors",0.125,0.5,0.4125
"survivors",1,0.666666666666667,0.1
"survivors",0.125,0.333333333333333,0.513888888888889
"survivors",1,0.583333333333333,0.138888888888889
"survivors",0.375,0.416666666666667,0.402777777777778
"survivors",0.125,0.5,0.4125
"survivors",0.125,0,0.625
"survivors",0.375,0.4,0.408333333333333
"survivors",0.375,0.25,0.458333333333333
"survivors",0.375,0.5,0.375
"survivors",0,0.666666666666667,0.444444444444444
"survivors",0.875,0.454545454545455,0.201136363636364
"survivors",0.875,0.266666666666667,0.286111111111111
"survivors",0.875,0.575757575757576,0.183080808080808
"survivors",0.25,0.555555555555556,0.398148148148148
"survivors",0.375,0.25,0.4125
"survivors",1,0.583333333333333,0.138888888888889
"survivors",0,0.5,0.5
"survivors",0,0.666666666666667,0.444444444444444
"survivors",0.25,0.25,0.45
"survivors",0.875,0.303030303030303,0.273989898989899
"survivors",0.75,0.606060606060606,0.214646464646465
"survivors",0.25,0.424242424242424,0.441919191919192
"survivors",0.125,0.333333333333333,0.513888888888889
"survivors",0.25,0.166666666666667,0.527777777777778
"survivors",0,0.166666666666667,0.55
"survivors",1,0.633333333333333,0.11
"survivors",0.625,0.333333333333333,0.347222222222222
"survivors",0.125,0.666666666666667,0.3625
"survivors",0.375,0.666666666666667,0.375
"survivors",0,0.916666666666667,0.361111111111111
"survivors",0.875,0.5,0.1875
"survivors",0,0.416666666666667,0.527777777777778
"survivors",0.125,0,0.625
"survivors",0.25,0.25,0.45
"survivors",0.625,0.833333333333333,0.180555555555556
"survivors",0.375,1,0.208333333333333
"survivors",0.5,0.333333333333333,0.388888888888889
"survivors",0.125,0.25,0.541666666666667
"survivors",1,0.333333333333333,0.222222222222222
"survivors",1,0.166666666666667,0.277777777777778
"survivors",0.125,0.363636363636364,0.503787878787879
"survivors",1,0.818181818181818,0.0606060606060606
"survivors",0.5,0.583333333333333,0.305555555555556
"survivors",0.375,0.75,0.291666666666667
"survivors",0.5,0.666666666666667,0.277777777777778
"survivors",0.25,0.484848484848485,0.421717171717172
"survivors",1,0.833333333333333,0.0555555555555556
"survivors",0.875,0.166666666666667,0.319444444444444
"survivors",0.625,0.833333333333333,0.180555555555556
"survivors",0.625,0.583333333333333,0.263888888888889
"survivors",0.125,0.666666666666667,0.402777777777778
"survivors",0.875,0.242424242424242,0.264772727272727
"survivors",0.625,0.416666666666667,0.319444444444444
"survivors",0,0.416666666666667,0.527777777777778
"survivors",0.375,0.583333333333333,0.347222222222222
"survivors",0.875,0.303030303030303,0.273989898989899
"survivors",0.375,0.545454545454545,0.359848484848485
"survivors",0.5,0.333333333333333,0.35
"survivors",0.875,0.424242424242424,0.233585858585859
"survivors",0.5,0.333333333333333,0.388888888888889
"survivors",1,0.727272727272727,0.0818181818181818
"survivors",0,0.5,0.5
"survivors",0.5,0.666666666666667,0.277777777777778
"survivors",0.75,0.416666666666667,0.277777777777778
"survivors",0.5,0.151515151515152,0.44949494949495
"survivors",0.75,0.272727272727273,0.325757575757576
"survivors",0.625,0.466666666666667,0.2725
"survivors",1,0.633333333333333,0.122222222222222
"survivors",0.625,0.5,0.291666666666667
"survivors",0.25,0.303030303030303,0.482323232323232
"survivors",0.375,0.272727272727273,0.405681818181818
"survivors",0.5,0.121212121212121,0.45959595959596
"survivors",0.875,0.242424242424242,0.264772727272727
"survivors",0.375,0.333333333333333,0.3875
"survivors",0.75,1,0.0833333333333333
"survivors",0.5,0.433333333333333,0.32
"survivors",0,0,0.666666666666667
"survivors",0,0.416666666666667,0.638888888888889
"survivors",0.125,0.555555555555556,0.550925925925926
"survivors",0.5,0.484848484848485,0.393939393939394
"survivors",0.25,0.363636363636364,0.517676767676768
"survivors",0.75,0.583333333333333,0.222222222222222
"survivors",0.125,0.5,0.4125
"survivors",0.875,0.272727272727273,0.284090909090909
"survivors",0,0.333333333333333,0.555555555555556
"survivors",0.875,0.833333333333333,0.0972222222222223
"survivors",0.375,0.916666666666667,0.236111111111111
"survivors",0.125,0.583333333333333,0.430555555555556
"survivors",0.75,0.181818181818182,0.356060606060606
"survivors",0.375,0.5,0.375
"survivors",0.25,0.484848484848485,0.421717171717172
"survivors",0.625,0.5,0.291666666666667
"survivors",0.875,0.666666666666667,0.152777777777778
"survivors",0.875,0.833333333333333,0.0972222222222223
"survivors",0.25,0.75,0.333333333333333
"survivors",0.625,0.5,0.291666666666667
"survivors",1,0.75,0.0833333333333333
"survivors",0,0.545454545454545,0.436363636363636
"survivors",0.75,0.583333333333333,0.222222222222222
"survivors",0.875,0.393939393939394,0.243686868686869
"survivors",0.75,0.575757575757576,0.224747474747475
"survivors",0.875,0.333333333333333,0.263888888888889
"survivors",0.875,0.416666666666667,0.236111111111111
"survivors",1,0.333333333333333,0.222222222222222
"survivors",0.875,0.2,0.308333333333333
"survivors",0.5,0.454545454545455,0.348484848484848
"survivors",0,0.166666666666667,0.666666666666667
"survivors",0,0.416666666666667,0.583333333333333
"survivors",1,0.407407407407407,0.253086419753086
"survivors",0.625,0.666666666666667,0.236111111111111
"survivors",1,0.25,0.225
"survivors",0,0.833333333333333,0.388888888888889
"survivors",0.75,0.333333333333333,0.305555555555556
"survivors",0.375,0.416666666666667,0.402777777777778
"survivors",0.5,0.833333333333333,0.2
"survivors",0.375,0.484848484848485,0.380050505050505
"survivors",0.25,0.5,0.416666666666667
"survivors",0.125,0.0303030303030303,0.61489898989899
"survivors",0.375,0.25,0.458333333333333
"survivors",0.875,0.333333333333333,0.263888888888889
"survivors",0.875,0.333333333333333,0.2375
"survivors",0.5,0.416666666666667,0.361111111111111
"survivors",1,0.416666666666667,0.194444444444444
"survivors",0.875,0.333333333333333,0.263888888888889
"survivors",1,0.766666666666667,0.07
"survivors",0.25,0.583333333333333,0.388888888888889
"survivors",0.125,0.75,0.375
"survivors",0.875,0.303030303030303,0.273989898989899
"survivors",0,0.484848484848485,0.505050505050505
"survivors",0.25,0.545454545454545,0.401515151515152
"survivors",0,0.416666666666667,0.527777777777778
"survivors",0,0.555555555555556,0.592592592592593
"survivors",0,0.416666666666667,0.583333333333333
"survivors",0.25,0.5,0.425
"survivors",0.375,0.416666666666667,0.458333333333333
"survivors",0.125,0.5,0.513888888888889
"survivors",0.75,0.25,0.5
"survivors",0,0.333333333333333,0.65
"survivors",0,0.333333333333333,0.722222222222222
"survivors",0.5,0.5,0.444444444444444
"survivors",0,0.666666666666667,0.5
"survivors",0,0.583333333333333,0.583333333333333
"survivors",0.125,0.5,0.569444444444444
"survivors",0.625,0.0833333333333333,0.4875
"survivors",0,0.666666666666667,0.555555555555556
"survivors",0.25,0.583333333333333,0.45
"survivors",0.5,0.666666666666667,0.388888888888889
"survivors",1,0.272727272727273,0.318181818181818
"survivors",0,0.75,0.527777777777778
"survivors",0,0.416666666666667,0.638888888888889
"survivors",0.375,0.666666666666667,0.430555555555556
"survivors",0.5,0.25,0.527777777777778
"survivors",0,0.916666666666667,0.416666666666667
"survivors",0.25,0.666666666666667,0.416666666666667
"survivors",0.5,0.606060606060606,0.409090909090909
"survivors",0.5,0.75,0.305555555555556
"survivors",0,0.833333333333333,0.444444444444444
"survivors",0,0.566666666666667,0.533333333333333
"survivors",0,0.75,0.472222222222222
"survivors",0.375,0.916666666666667,0.291666666666667
"survivors",0,0.5,0.5
"survivors",0,0.272727272727273,0.575757575757576
"survivors",0.125,0.666666666666667,0.402777777777778
"survivors",0.25,0.5,0.375
"survivors",0.375,0.5,0.3375
"survivors",0,0.666666666666667,0.444444444444444
"survivors",1,0.333333333333333,0.333333333333333
"survivors",0.75,0.5,0.305555555555556
"survivors",0,0.833333333333333,0.388888888888889
"survivors",0.375,0.555555555555556,0.320833333333333
"survivors",0,0.666666666666667,0.444444444444444
"survivors",0.875,0.333333333333333,0.3375
"survivors",0.875,0.433333333333333,0.2575
"survivors",0.375,0.583333333333333,0.402777777777778
"survivors",0.125,0.333333333333333,0.569444444444444
"survivors",0.875,0.75,0.180555555555556
"survivors",0.375,0.0833333333333333,0.569444444444444
"survivors",0,0.916666666666667,0.361111111111111
"survivors",0.875,0.454545454545455,0.223484848484848
"survivors",0.375,0.0606060606060606,0.577020202020202
"survivors",0.75,0.272727272727273,0.381313131313131
"survivors",0.75,0.416666666666667,0.277777777777778
"survivors",0.25,0.5,0.416666666666667
"survivors",0,0.25,0.583333333333333
"survivors",0.25,0.166666666666667,0.527777777777778
"survivors",0.75,0.416666666666667,0.277777777777778
"survivors",0.375,0.916666666666667,0.2125
"survivors",0.625,0.5,0.291666666666667
"survivors",1,0.5,0.166666666666667
"survivors",1,0.416666666666667,0.194444444444444
"survivors",1,0.666666666666667,0.111111111111111
"survivors",0.25,0.5,0.416666666666667
"survivors",0.375,0.666666666666667,0.319444444444444
"survivors",0.125,0.416666666666667,0.486111111111111
"survivors",0.5,0.666666666666667,0.277777777777778
"survivors",0.875,0.25,0.291666666666667
"survivors",1,0.363636363636364,0.267676767676768
"survivors",0.125,0.833333333333333,0.458333333333333
"survivors",0.75,0.555555555555556,0.342592592592593
"survivors",0,0.666666666666667,0.5
"survivors",0,1,0.45
"survivors",0,0.545454545454545,0.595959595959596
"survivors",0.25,0.333333333333333,0.638888888888889
"survivors",0.125,0.25,0.708333333333333
"survivors",0.375,0.583333333333333,0.4625
"survivors",0,0.333333333333333,0.722222222222222
"survivors",0.75,0.25,0.5
"survivors",1,0.5,0.333333333333333
"survivors",0.875,0.75,0.236111111111111
"survivors",0,0.666666666666667,0.555555555555556
"survivors",0,0.333333333333333,0.666666666666667
"survivors",0,0.75,0.527777777777778
"survivors",0,0.833333333333333,0.5
"survivors",1,0.25,0.361111111111111
"survivors",0.625,0.393939393939394,0.438131313131313
"survivors",0.375,0.916666666666667,0.347222222222222
"survivors",0.125,0.484848484848485,0.57449494949495
"survivors",0.625,0.424242424242424,0.428030303030303
"survivors",0,0.393939393939394,0.646464646464647
"survivors",0,0.75,0.527777777777778
"survivors",0.75,0.25,0.444444444444444
"survivors",0,0.583333333333333,0.583333333333333
"survivors",0.75,0.696969696969697,0.295454545454545
"survivors",0.375,0.333333333333333,0.541666666666667
"survivors",1,0.416666666666667,0.305555555555556
"survivors",0,0.393939393939394,0.590909090909091
"survivors",0,0.583333333333333,0.527777777777778
"survivors",0,0.916666666666667,0.416666666666667
"survivors",0,0.75,0.472222222222222
"survivors",0.375,0.424242424242424,0.455808080808081
"survivors",0.125,0.0833333333333333,0.5875
"survivors",0,0.393939393939394,0.531818181818182
"survivors",0.75,0.454545454545455,0.288636363636364
"survivors",0.5,0.416666666666667,0.375
"survivors",0.625,0.4,0.380555555555556
"survivors",0,0.416666666666667,0.583333333333333
"survivors",0.375,0.25,0.5125
"survivors",0,0.916666666666667,0.416666666666667
"survivors",0.5,0.666666666666667,0.333333333333333
"survivors",0.75,0.424242424242424,0.330808080808081
"survivors",0.375,0.833333333333333,0.2375
"survivors",0,0.583333333333333,0.472222222222222
"survivors",0.875,0.25,0.402777777777778
"survivors",0,0.333333333333333,0.666666666666667
"survivors",0,0.666666666666667,0.5
"survivors",0,0.666666666666667,0.5
"survivors",0.75,0.181818181818182,0.411616161616162
"survivors",0.5,0.583333333333333,0.325
"survivors",0,0.833333333333333,0.4
"survivors",1,0.666666666666667,0.111111111111111
"survivors",0.75,0.5,0.305555555555556
"survivors",0.125,0.75,0.375
"survivors",0,0.666666666666667,0.444444444444444
"survivors",0.625,0.5,0.291666666666667
"survivors",0,0.363636363636364,0.545454545454545
"survivors",0.75,0.333333333333333,0.305555555555556
"survivors",1,0.5,0.166666666666667
"survivors",0.875,0.166666666666667,0.2875
"survivors",0.75,0.454545454545455,0.265151515151515
"survivors",0.125,0.222222222222222,0.550925925925926
"survivors",0.75,0.0833333333333333,0.388888888888889
"survivors",0.5,0.25,0.416666666666667
"survivors",1,0.333333333333333,0.222222222222222
"survivors",0.625,0.583333333333333,0.2375
"survivors",0.875,0.272727272727273,0.284090909090909
"survivors",0.75,0.416666666666667,0.25
"survivors",0.125,0.75,0.375
"survivors",0.375,0.333333333333333,0.430555555555556
"survivors",0.125,0.333333333333333,0.513888888888889
"survivors",0.375,0.5,0.375
"survivors",0,0.583333333333333,0.472222222222222
"survivors",0.875,0.121212121212121,0.33459595959596
"survivors",0,0,0.666666666666667
"survivors",0.875,0.75,0.1125
"survivors",0.875,0.916666666666667,0.0694444444444445
"survivors",0,0.166666666666667,0.611111111111111
"survivors",0,0.25,0.583333333333333
"survivors",0.875,0.333333333333333,0.2375
"survivors",0.75,0.666666666666667,0.175
"survivors",0,0.583333333333333,0.472222222222222
"survivors",0.25,0.583333333333333,0.388888888888889
"survivors",0.25,0.75,0.333333333333333
"survivors",0.625,0.366666666666667,0.336111111111111
"survivors",0.75,0.515151515151515,0.244949494949495
"survivors",1,0.666666666666667,0.111111111111111
"survivors",1,0.333333333333333,0.222222222222222
"survivors",0.375,0.25,0.458333333333333
"survivors",1,0.242424242424242,0.252525252525253
"survivors",0.25,0.583333333333333,0.388888888888889
"survivors",0.125,0.5,0.458333333333333
"survivors",0.875,0.533333333333333,0.197222222222222
"survivors",0.875,0.333333333333333,0.263888888888889
"survivors",1,0.466666666666667,0.177777777777778
"survivors",1,0.333333333333333,0.222222222222222
"survivors",0.625,0.272727272727273,0.330681818181818
"survivors",0.125,0.583333333333333,0.3875
"survivors",1,0.606060606060606,0.131313131313131
"survivors",0.25,0.25,0.5
"survivors",0.25,0.151515151515152,0.532828282828283
"survivors",0,0.5,0.5
"survivors",0.75,0.916666666666667,0.111111111111111
"survivors",0.375,0.5,0.375
"survivors",0.875,0.583333333333333,0.1625
"survivors",0,0.25,0.583333333333333
"survivors",0,0.75,0.416666666666667
"survivors",0.5,0.333333333333333,0.388888888888889
"survivors",0,0.166666666666667,0.611111111111111
"survivors",0.875,0.5,0.208333333333333
"survivors",0.75,0.363636363636364,0.295454545454545
"survivors",0.375,0.242424242424242,0.464772727272727
"survivors",0.875,0.575757575757576,0.214772727272727
"survivors",0.125,0.833333333333333,0.347222222222222
"survivors",1,0.833333333333333,0.0555555555555556
"survivors",0,0.666666666666667,0.444444444444444
"survivors",0.5,0.515151515151515,0.295454545454545
"survivors",0.125,0.75,0.375
"survivors",0.125,0.333333333333333,0.513888888888889
"survivors",0.25,0.777777777777778,0.324074074074074
"survivors",0.5,0.583333333333333,0.305555555555556
"survivors",0.5,0.583333333333333,0.305555555555556
"survivors",1,0.454545454545455,0.163636363636364
"survivors",0.625,0.444444444444444,0.279166666666667
"survivors",1,0.416666666666667,0.175
"survivors",0.5,0.5,0.333333333333333
"survivors",0.125,0.5,0.458333333333333
"survivors",0.25,0.181818181818182,0.522727272727273
"survivors",1,0.888888888888889,0.0333333333333334
"survivors",0.75,0.583333333333333,0.222222222222222
"survivors",0,0.0833333333333333,0.638888888888889
"survivors",1,0.96969696969697,0.0101010101010101
"survivors",0.25,0.25,0.5
"survivors",0.75,0.166666666666667,0.361111111111111
"survivors",0.75,0.666666666666667,0.194444444444444
"survivors",0,0.696969696969697,0.434343434343434
"survivors",0.375,0.484848484848485,0.342045454545455
"survivors",0.5,0.666666666666667,0.333333333333333
"survivors",0.5,0.363636363636364,0.378787878787879
"survivors",0,0.222222222222222,0.648148148148148
"survivors",0,0.833333333333333,0.444444444444444
"survivors",0.5,0.25,0.472222222222222
"survivors",0,0.416666666666667,0.525
"survivors",0.25,0.5,0.472222222222222
"survivors",0.625,0.666666666666667,0.291666666666667
"survivors",1,0.583333333333333,0.175
"survivors",0,0.333333333333333,0.555555555555556
"survivors",0,0.111111111111111,0.62962962962963
"survivors",0.125,0.333333333333333,0.4625
"survivors",0.25,0.833333333333333,0.305555555555556
"survivors",0.125,0.25,0.4875
"survivors",0,0.0833333333333333,0.638888888888889
"survivors",0.75,0.484848484848485,0.229545454545455
"survivors",0,0.416666666666667,0.527777777777778
"survivors",0.875,0.787878787878788,0.112373737373737
"survivors",0.875,0.333333333333333,0.263888888888889
"survivors",0.375,0.333333333333333,0.430555555555556
"survivors",0.875,0.166666666666667,0.319444444444444
"survivors",0.75,0.363636363636364,0.295454545454545
"survivors",0.875,0.363636363636364,0.253787878787879
"survivors",0,0.333333333333333,0.555555555555556
"survivors",0,0.416666666666667,0.527777777777778
"survivors",0.25,0.333333333333333,0.472222222222222
"survivors",0.125,0.0833333333333333,0.597222222222222
"survivors",1,0.833333333333333,0.0555555555555556
"survivors",0.25,0.916666666666667,0.25
"survivors",0,0.833333333333333,0.388888888888889
"survivors",0.375,0.916666666666667,0.236111111111111
"survivors",0,0.75,0.416666666666667
"survivors",0,0.916666666666667,0.361111111111111
"survivors",0.375,0.916666666666667,0.236111111111111
"survivors",1,0.25,0.225
"survivors",0.125,0.333333333333333,0.513888888888889
"survivors",0.5,0.666666666666667,0.25
"survivors",0.625,0.333333333333333,0.347222222222222
"survivors",1,0.75,0.0833333333333333
"survivors",0,0.833333333333333,0.388888888888889
"survivors",0,0.25,0.583333333333333
"survivors",0.125,0,0.625
"survivors",0.5,0.259259259259259,0.41358024691358
"survivors",0.75,0.151515151515152,0.366161616161616
"survivors",0.625,0.333333333333333,0.347222222222222
"survivors",0.875,0.333333333333333,0.263888888888889
"survivors",0.25,0.583333333333333,0.55
"survivors",0.625,0.5,0.458333333333333
"survivors",0.75,0.5,0.375
"survivors",0,0.5,0.611111111111111
"survivors",0.375,0.5,0.4875
"survivors",0.75,0.583333333333333,0.333333333333333
"survivors",0,0.833333333333333,0.5
"survivors",0.625,0.333333333333333,0.402777777777778
"survivors",0.25,0.5,0.416666666666667
"survivors",0.125,0,0.625
"survivors",1,0.25,0.225
"survivors",0.625,0.222222222222222,0.49537037037037
"survivors",0.375,0.0833333333333333,0.625
"survivors",0.25,0.333333333333333,0.472222222222222
"survivors",0,0.416666666666667,0.525
"survivors",0,0.25,0.583333333333333
"survivors",0.125,0.0833333333333333,0.597222222222222
"survivors",0,0.166666666666667,0.611111111111111
"survivors",0,0.0833333333333333,0.638888888888889
"survivors",0,0.25,0.583333333333333
"survivors",0,0.166666666666667,0.611111111111111
"survivors",0,0.166666666666667,0.611111111111111
"survivors",0.625,0.416666666666667,0.319444444444444
"survivors",1,0.75,0.0833333333333333
"survivors",0,0.272727272727273,0.518181818181818
"survivors",1,0.575757575757576,0.127272727272727
"survivors",0,0.0909090909090909,0.691919191919192
"survivors",1,0.636363636363636,0.121212121212121
"survivors",0.625,0.333333333333333,0.402777777777778
"survivors",1,0.75,0.075
"survivors",0.75,0.166666666666667,0.361111111111111
"survivors",0.125,0.25,0.652777777777778
"survivors",1,0.5,0.166666666666667
"survivors",0.625,0.5,0.291666666666667
"survivors",0.5,0.666666666666667,0.333333333333333
"survivors",0.5,0.515151515151515,0.295454545454545
"survivors",0.875,0.727272727272727,0.132575757575758
"survivors",0.375,0.166666666666667,0.597222222222222
"survivors",0.25,0.5,0.416666666666667
"survivors",0,0.166666666666667,0.611111111111111
"survivors",0.375,0.25,0.458333333333333
"survivors",0,0.5,0.611111111111111
"survivors",0.75,0.5,0.305555555555556
"survivors",0.125,0.333333333333333,0.513888888888889
"survivors",0,0.166666666666667,0.611111111111111
"survivors",0.75,0.545454545454545,0.234848484848485
"survivors",0.25,0.242424242424242,0.452272727272727
"survivors",0,0.333333333333333,0.555555555555556
"survivors",1,0.363636363636364,0.190909090909091
"survivors",1,0.606060606060606,0.118181818181818
"survivors",0.125,0.25,0.541666666666667
"survivors",1,0.878787878787879,0.0404040404040404
"survivors",0.75,0.484848484848485,0.255050505050505
"survivors",0.5,0.75,0.416666666666667
"survivors",0,0.424242424242424,0.622727272727273
"survivors",0.5,0.25,0.475
"survivors",0.375,0.666666666666667,0.3875
"survivors",0,0.111111111111111,0.666666666666667
"survivors",0.125,0.416666666666667,0.597222222222222
"survivors",0.5,0.416666666666667,0.472222222222222
"survivors",1,0.555555555555556,0.314814814814815
"survivors",0.5,0.5,0.5
"survivors",0.625,0.575757575757576,0.389772727272727
"survivors",0,0.25,0.675
"survivors",0,0.444444444444444,0.566666666666667
"survivors",0.25,0.166666666666667,0.75
"survivors",0,0,0.833333333333333
"survivors",1,0.151515151515152,0.505050505050505
"survivors",0.125,0.555555555555556,0.662037037037037
"survivors",0,0.111111111111111,0.851851851851852
"survivors",0,0.416666666666667,0.75
"survivors",0,0.666666666666667,0.666666666666667
"survivors",0.5,0.303030303030303,0.621212121212121
"survivors",0,0.25,0.805555555555556
"survivors",0.25,0.416666666666667,0.666666666666667
"survivors",0.875,0,0.597222222222222
"survivors",0.125,0.416666666666667,0.708333333333333
"survivors",0.25,0.0833333333333333,0.777777777777778
"survivors",0,0.0833333333333333,0.861111111111111
"survivors",0,0.666666666666667,0.666666666666667
"survivors",0,0.333333333333333,0.777777777777778
"survivors",0.25,0.416666666666667,0.666666666666667
"survivors",0.5,0.333333333333333,0.611111111111111
"survivors",0.25,0.0833333333333333,0.7
"survivors",0,0.25,0.805555555555556
"survivors",0,0.166666666666667,0.833333333333333
"survivors",0.625,0.222222222222222,0.545833333333333
"survivors",0.375,0.333333333333333,0.652777777777778
"survivors",0.625,0,0.680555555555556
"survivors",0.75,0.416666666666667,0.5
"survivors",0.5,0.0909090909090909,0.572727272727273
"survivors",0,0.25,0.75
"survivors",0.375,0.575757575757576,0.516414141414141
"survivors",0.75,0.583333333333333,0.35
"survivors",0,0.25,0.75
"survivors",0.25,0.5,0.583333333333333
"survivors",0.25,0.5,0.525
"survivors",0,0.0833333333333333,0.805555555555556
"survivors",0,0.333333333333333,0.65
"survivors",0.5,0.416666666666667,0.527777777777778
"survivors",0.5,0.333333333333333,0.555555555555556
"survivors",0.75,0.166666666666667,0.475
"survivors",0,0.416666666666667,0.694444444444444
"survivors",0,0.75,0.583333333333333
"survivors",0.25,0.583333333333333,0.5
"survivors",0,0.5,0.666666666666667
"survivors",0,0.833333333333333,0.555555555555556
"survivors",0.625,0.666666666666667,0.402777777777778
"survivors",0,0.75,0.583333333333333
"survivors",0.5,0.583333333333333,0.472222222222222
"survivors",0.375,0.75,0.458333333333333
"survivors",0.625,0.515151515151515,0.453282828282828
"survivors",0.375,0.515151515151515,0.536616161616162
"survivors",0.625,0.583333333333333,0.3875
"survivors",0.875,0.181818181818182,0.481060606060606
"survivors",0.25,0.0833333333333333,0.722222222222222
"survivors",0.875,0.583333333333333,0.347222222222222
"survivors",0.75,0.666666666666667,0.361111111111111
"survivors",0.25,0.416666666666667,0.611111111111111
"survivors",1,0.25,0.416666666666667
"survivors",0.75,0.393939393939394,0.452020202020202
"survivors",0.5,0.583333333333333,0.472222222222222
"survivors",0.375,0.333333333333333,0.597222222222222
"survivors",0.5,0.416666666666667,0.527777777777778
"survivors",0.375,0.333333333333333,0.597222222222222
"survivors",0.375,0.75,0.458333333333333
"survivors",0,0.166666666666667,0.777777777777778
"survivors",0,0.416666666666667,0.694444444444444
"survivors",0.75,0.333333333333333,0.472222222222222
"survivors",0.875,0.5,0.375
"survivors",1,0.0833333333333333,0.472222222222222
"survivors",0,0.416666666666667,0.694444444444444
"survivors",0.875,0.166666666666667,0.486111111111111
"survivors",0.875,0.25,0.458333333333333
"survivors",0,0.333333333333333,0.722222222222222
"survivors",0.25,0.75,0.5
"survivors",0,0.666666666666667,0.611111111111111
"survivors",0,0.333333333333333,0.722222222222222
"survivors",0.625,0.666666666666667,0.347222222222222
"survivors",0,0.583333333333333,0.638888888888889
"survivors",0,0.393939393939394,0.631818181818182
"survivors",0.375,0.166666666666667,0.652777777777778
"survivors",0.25,0.5,0.583333333333333
"survivors",0,0.583333333333333,0.575
"survivors",0,0.416666666666667,0.694444444444444
"survivors",0.75,0.333333333333333,0.472222222222222
"survivors",0.75,0.166666666666667,0.472222222222222
"survivors",0,0.5,0.611111111111111
"survivors",0.75,0.25,0.4
"survivors",0,0.0833333333333333,0.675
"survivors",0.5,0.166666666666667,0.5
"survivors",0.125,0.515151515151515,0.507954545454546
"survivors",0.625,0.363636363636364,0.448232323232323
"survivors",0.875,0.666666666666667,0.2375
"survivors",0.75,0.363636363636364,0.406565656565657
"survivors",1,0.75,0.194444444444444
"survivors",0.5,0.242424242424242,0.585858585858586
"survivors",0.75,0.303030303030303,0.434090909090909
"survivors",0.5,0.666666666666667,0.388888888888889
"survivors",0.25,0.222222222222222,0.558333333333333
"survivors",0.25,0.222222222222222,0.62037037037037
"survivors",0.375,0.25,0.569444444444444
"survivors",0.75,0.363636363636364,0.406565656565657
"survivors",1,0.424242424242424,0.303030303030303
"survivors",0,0.416666666666667,0.638888888888889
"survivors",0.5,0.777777777777778,0.351851851851852
"survivors",0.25,0.333333333333333,0.583333333333333
"survivors",0.125,0.666666666666667,0.513888888888889
"survivors",0.5,0.545454545454545,0.429292929292929
"survivors",1,0.583333333333333,0.225
"survivors",0,0.75,0.527777777777778
"survivors",1,0.242424242424242,0.363636363636364
"survivors",0.125,0.416666666666667,0.597222222222222
"survivors",0.75,0.666666666666667,0.25
"survivors",0.5,0.75,0.305555555555556
"survivors",1,0.583333333333333,0.25
"survivors",0,0.416666666666667,0.694444444444444
"survivors",0,0.0833333333333333,0.805555555555556
"survivors",0.75,0.545454545454545,0.361363636363636
"survivors",0.375,0.5,0.486111111111111
"survivors",0.75,0.333333333333333,0.416666666666667
"survivors",0,0.25,0.625
"survivors",0.5,0.444444444444444,0.462962962962963
"survivors",0,0.272727272727273,0.686868686868687
"survivors",0,0.242424242424242,0.696969696969697
"survivors",0.375,0.333333333333333,0.541666666666667
"survivors",0.875,0.121212121212121,0.445707070707071
"survivors",0.75,0.416666666666667,0.388888888888889
"survivors",0.125,0.25,0.652777777777778
"survivors",0.875,0.416666666666667,0.3125
"survivors",0.75,0.566666666666667,0.283333333333333
"survivors",0.875,0.75,0.180555555555556
"survivors",0,0.333333333333333,0.611111111111111
"survivors",0.125,0.666666666666667,0.4125
"survivors",0.375,0.583333333333333,0.3625
"survivors",0.125,0.666666666666667,0.458333333333333
"survivors",0.625,0.166666666666667,0.458333333333333
"survivors",0,0.75,0.472222222222222
"survivors",0.625,0.333333333333333,0.402777777777778
"survivors",0.75,0.333333333333333,0.361111111111111
"survivors",0.875,0.272727272727273,0.305681818181818
"survivors",0,0.333333333333333,0.722222222222222
"survivors",0,0.166666666666667,0.777777777777778
"survivors",0.25,0,0.75
"survivors",0.5,0.333333333333333,0.5
"survivors",0,0.0833333333333333,0.75
"survivors",0.625,0.181818181818182,0.508838383838384
"survivors",0.75,0.515151515151515,0.356060606060606
"survivors",0.125,0.416666666666667,0.597222222222222
"survivors",0,0.416666666666667,0.638888888888889
"survivors",0.625,0.416666666666667,0.3875
"survivors",0.625,0.666666666666667,0.347222222222222
"survivors",1,0.333333333333333,0.333333333333333
"survivors",0.625,0.5,0.3625
"survivors",0,0.25,0.638888888888889
"survivors",0.75,0.5,0.361111111111111
"survivors",1,0.424242424242424,0.222727272727273
"survivors",1,0.303030303030303,0.259090909090909
"survivors",0.875,0.666666666666667,0.208333333333333
"survivors",0.375,0.25,0.513888888888889
"survivors",0.625,0.166666666666667,0.458333333333333
"survivors",0.375,0.818181818181818,0.32449494949495
"survivors",0,0.5,0.6
"survivors",0.375,0.416666666666667,0.513888888888889
"survivors",0.75,0.606060606060606,0.243181818181818
"survivors",0,0,0.777777777777778
"survivors",0.75,0.272727272727273,0.381313131313131
"survivors",0.5,0.5,0.444444444444444
"survivors",0.375,0.666666666666667,0.430555555555556
"survivors",0,0.75,0.475
"survivors",0.5,0.75,0.361111111111111
"survivors",1,0.151515151515152,0.338383838383838
"survivors",0.375,0.75,0.347222222222222
"survivors",0,0.666666666666667,0.5
"survivors",0.5,0.5,0.388888888888889
"survivors",0,0.583333333333333,0.472222222222222
"survivors",0.375,0.333333333333333,0.430555555555556
"survivors",0.75,0.416666666666667,0.277777777777778
"survivors",0,0.5,0.5
"survivors",1,0.666666666666667,0.111111111111111
"survivors",0.125,0.25,0.541666666666667
"survivors",0,0.666666666666667,0.4
"survivors",0.375,0.583333333333333,0.347222222222222
"survivors",0.25,0.666666666666667,0.361111111111111
"survivors",0,0.5,0.5
"survivors",0.625,0.666666666666667,0.236111111111111
"survivors",0,0.333333333333333,0.722222222222222
"survivors",0.375,0.583333333333333,0.458333333333333
"survivors",0,0.833333333333333,0.5
"survivors",0.625,0.75,0.319444444444444
"survivors",0.125,0.583333333333333,0.541666666666667
"survivors",0,0.0833333333333333,0.75
"survivors",0.5,0.5,0.444444444444444
"survivors",0.5,0.833333333333333,0.333333333333333
"survivors",0.5,0.416666666666667,0.425
"survivors",0,0.666666666666667,0.555555555555556
"survivors",0.5,0.833333333333333,0.333333333333333
"survivors",0.125,0.666666666666667,0.4625
"survivors",0.625,0.583333333333333,0.319444444444444
"survivors",0.875,0.333333333333333,0.319444444444444
"survivors",0.5,0.666666666666667,0.333333333333333
"survivors",0.625,0.833333333333333,0.236111111111111
"survivors",0,0.555555555555556,0.483333333333333
"survivors",0.375,0.583333333333333,0.347222222222222
"survivors",0.375,0.5,0.375
"survivors",0,0.5,0.555555555555556
"survivors",0.125,0.583333333333333,0.430555555555556
"survivors",0,0.5,0.555555555555556
"survivors",0.125,0.166666666666667,0.625
"survivors",0.25,0.5,0.416666666666667
"survivors",0.5,0.416666666666667,0.361111111111111
"survivors",0,0.5,0.5
"survivors",0.75,0.416666666666667,0.277777777777778
"survivors",0.875,0.363636363636364,0.309343434343434
"survivors",0.375,0.333333333333333,0.430555555555556
"survivors",0.5,0.583333333333333,0.305555555555556
"survivors",0.625,0.583333333333333,0.263888888888889
"survivors",0.75,0.212121212121212,0.345959595959596
"survivors",0.125,0.666666666666667,0.402777777777778
"survivors",0,0.333333333333333,0.555555555555556
"survivors",0.625,0.5,0.291666666666667
"survivors",0,0.5,0.5
"survivors",0.75,0.583333333333333,0.222222222222222
"survivors",1,0.583333333333333,0.125
"survivors",0.875,0.545454545454545,0.193181818181818
"survivors",0.875,0.0909090909090909,0.310227272727273
"survivors",1,0.909090909090909,0.0272727272727273
"survivors",1,0.75,0.0833333333333333
"survivors",0,0.666666666666667,0.444444444444444
"survivors",0,0.5,0.5
"survivors",0.25,0.916666666666667,0.277777777777778
"survivors",0.625,0.151515151515152,0.407828282828283
"survivors",0,0.75,0.527777777777778
"survivors",0.25,0.416666666666667,0.5
"survivors",0.125,0.266666666666667,0.702777777777778
"survivors",0,0.916666666666667,0.472222222222222
"survivors",0,0.75,0.527777777777778
"survivors",0,0.666666666666667,0.555555555555556
"survivors",0,0.833333333333333,0.45
"survivors",0,0.666666666666667,0.555555555555556
"survivors",0,0.583333333333333,0.583333333333333
"survivors",1,0.5,0.25
"survivors",0.625,0.416666666666667,0.430555555555556
"survivors",0.25,0.916666666666667,0.388888888888889
"survivors",0,0.833333333333333,0.5
"survivors",0,0.833333333333333,0.5
"survivors",0.125,0.212121212121212,0.598863636363636
"survivors",0,0.666666666666667,0.555555555555556
"survivors",0,0.833333333333333,0.5
"survivors",0,0.151515151515152,0.727272727272727
"survivors",0.5,0.75,0.361111111111111
"survivors",0,0.444444444444444,0.62962962962963
"survivors",0.5,0.166666666666667,0.5
"survivors",0.375,0.333333333333333,0.4875
"survivors",0.25,0.416666666666667,0.555555555555556
"survivors",0.125,0.75,0.486111111111111
"survivors",0,0.666666666666667,0.555555555555556
"survivors",0.125,0.757575757575758,0.483585858585859
"survivors",0.5,0.75,0.325
"survivors",0,0.166666666666667,0.722222222222222
"survivors",0,0.333333333333333,0.666666666666667
"survivors",0.5,0.666666666666667,0.388888888888889
"survivors",0.125,0.333333333333333,0.625
"survivors",0.5,0.666666666666667,0.388888888888889
"survivors",0,0.916666666666667,0.472222222222222
"survivors",0.5,0.666666666666667,0.388888888888889
"survivors",0,0.583333333333333,0.583333333333333
"survivors",0.125,0.416666666666667,0.597222222222222
"survivors",0.875,0.545454545454545,0.304292929292929
"survivors",0.5,0.75,0.361111111111111
"survivors",0.125,0.5,0.569444444444444
"survivors",0.75,0.75,0.277777777777778
"survivors",0.375,0.666666666666667,0.375
"survivors",0,0.5,0.555555555555556
"survivors",0.625,0.515151515151515,0.397727272727273
"survivors",0.75,0.166666666666667,0.472222222222222
"survivors",0.125,0.393939393939394,0.549242424242424
"survivors",0,0.363636363636364,0.601010101010101
"survivors",0.25,0.583333333333333,0.444444444444444
"survivors",0.125,0.333333333333333,0.5125
"survivors",0.625,0.424242424242424,0.372474747474747
"survivors",0.375,0.181818181818182,0.536616161616162
"survivors",0.25,0.916666666666667,0.333333333333333
"survivors",0,0.666666666666667,0.45
"survivors",0.5,0.666666666666667,0.333333333333333
"survivors",0,0.5,0.5
"survivors",0,0.583333333333333,0.527777777777778
"survivors",0.125,0.583333333333333,0.486111111111111
"survivors",0.5,0.272727272727273,0.418181818181818
"survivors",0,0.833333333333333,0.444444444444444
"survivors",0.125,0.424242424242424,0.485227272727273
"survivors",0.375,0.75,0.3125
"survivors",0.875,0.333333333333333,0.2375
"survivors",0.375,0.484848484848485,0.380050505050505
"survivors",0.625,0.916666666666667,0.152777777777778
"survivors",0.75,0.575757575757576,0.202272727272727
"survivors",0.5,0.416666666666667,0.361111111111111
"survivors",0.125,0.416666666666667,0.486111111111111
"survivors",0.125,0.25,0.541666666666667
"survivors",0.125,0.333333333333333,0.513888888888889
"survivors",0,0.666666666666667,0.444444444444444
"survivors",0.625,0.666666666666667,0.236111111111111
"survivors",0,0.181818181818182,0.606060606060606
"survivors",0.625,0.333333333333333,0.4125
"survivors",0.25,0.7,0.405555555555556
"survivors",0.625,0.666666666666667,0.2625
"survivors",0.5,0.583333333333333,0.361111111111111
"survivors",0.625,0.75,0.263888888888889
"survivors",0.75,0.333333333333333,0.305555555555556
"survivors",0,0.916666666666667,0.361111111111111
"survivors",0.625,0.545454545454545,0.276515151515152
"survivors",0,0.25,0.583333333333333
"survivors",0,0.333333333333333,0.555555555555556
"survivors",0,0.916666666666667,0.361111111111111
"survivors",0.5,0.833333333333333,0.222222222222222
"survivors",0,0.416666666666667,0.527777777777778
"survivors",0.875,0.303030303030303,0.273989898989899
"survivors",1,0.9,0.0333333333333333
"survivors",1,0.25,0.25
"survivors",0,0.166666666666667,0.611111111111111
"survivors",0.25,0.916666666666667,0.277777777777778
"survivors",0,0.181818181818182,0.606060606060606
"survivors",0.375,0.416666666666667,0.402777777777778
"survivors",0.375,0.333333333333333,0.3875
"survivors",0.625,0.333333333333333,0.3125
"survivors",0,0.666666666666667,0.444444444444444
"survivors",0.625,0.333333333333333,0.347222222222222
"survivors",0.125,0.583333333333333,0.430555555555556
"survivors",0.75,0.555555555555556,0.231481481481481
"survivors",0.625,0.583333333333333,0.263888888888889
"survivors",0,0.583333333333333,0.472222222222222
"survivors",1,0.606060606060606,0.131313131313131
"survivors",0,0.166666666666667,0.611111111111111
"survivors",0.75,0.25,0.333333333333333
"survivors",0.625,0.233333333333333,0.3425
"survivors",0,0.833333333333333,0.388888888888889
"survivors",0,0.833333333333333,0.388888888888889
"survivors",0,0.666666666666667,0.444444444444444
"survivors",0,0.916666666666667,0.325
"survivors",0.25,0.5,0.416666666666667
"survivors",0.375,0.583333333333333,0.347222222222222
"survivors",0.5,0.583333333333333,0.361111111111111
"survivors",0.75,0.5,0.275
"survivors",0,0.272727272727273,0.568181818181818
"survivors",0,0.5,0.5
"survivors",0.375,0.416666666666667,0.402777777777778
"survivors",0.5,0.416666666666667,0.325
"survivors",0,0.606060606060606,0.464646464646465
"survivors",0,0.75,0.416666666666667
"survivors",0,0.416666666666667,0.475
"survivors",1,0.833333333333333,0.0555555555555555
"survivors",0,0,0.666666666666667
"survivors",0,0.583333333333333,0.472222222222222
"survivors",0,0.5,0.5
"survivors",1,0.375,0.1875
"survivors",0.875,0.166666666666667,0.319444444444444
"survivors",0.75,0.25,0.333333333333333
"survivors",0.625,0.25,0.375
"survivors",0.875,0.166666666666667,0.319444444444444
"survivors",0.375,0.583333333333333,0.347222222222222
"survivors",0.875,0.416666666666667,0.2125
"survivors",0,0.583333333333333,0.472222222222222
"survivors",0.625,0.666666666666667,0.2125
"survivors",0.875,0.166666666666667,0.319444444444444
"survivors",0.375,0.583333333333333,0.347222222222222
"survivors",0,0.666666666666667,0.444444444444444
"survivors",0.625,0.272727272727273,0.422979797979798
"survivors",0,0.666666666666667,0.5
"survivors",0,0.916666666666667,0.361111111111111
"survivors",0.25,0.5,0.416666666666667
"survivors",1,0.242424242424242,0.227272727272727
"survivors",0,0.833333333333333,0.388888888888889
"survivors",0,0.833333333333333,0.388888888888889
"survivors",0,0.666666666666667,0.444444444444444
"survivors",0.875,0.6,0.175
"survivors",0.5,0.545454545454545,0.336363636363636
"survivors",0.875,0.5,0.263888888888889
"survivors",0.125,0.75,0.430555555555556
"survivors",0,0.666666666666667,0.5
"survivors",0.375,0.583333333333333,0.458333333333333
"survivors",0,0.833333333333333,0.5
"survivors",0,0.583333333333333,0.583333333333333
"survivors",0.625,0.583333333333333,0.375
"survivors",0,0.666666666666667,0.555555555555556
"survivors",0,0.242424242424242,0.696969696969697
"survivors",0,0.666666666666667,0.555555555555556
"survivors",0.125,0.666666666666667,0.513888888888889
"survivors",0.375,0.833333333333333,0.375
"survivors",0,0.666666666666667,0.555555555555556
"survivors",0.5,0.424242424242424,0.46969696969697
"survivors",0,0.75,0.527777777777778
"survivors",0.625,0.666666666666667,0.347222222222222
"survivors",0.5,0.583333333333333,0.416666666666667
"survivors",0,0.583333333333333,0.583333333333333
"survivors",0,0.75,0.527777777777778
"survivors",0.625,0.454545454545455,0.417929292929293
"survivors",0.375,0.666666666666667,0.430555555555556
"survivors",0,0.666666666666667,0.555555555555556
"survivors",0.625,0.75,0.319444444444444
"survivors",0,0.666666666666667,0.555555555555556
"survivors",0,0.75,0.527777777777778
"survivors",0.625,0.833333333333333,0.2625
"survivors",0,0.666666666666667,0.555555555555556
"survivors",0,0.833333333333333,0.5
"survivors",0,0.666666666666667,0.555555555555556
"survivors",0.25,0.833333333333333,0.375
"survivors",0.375,0.666666666666667,0.430555555555556
"survivors",0,0.75,0.527777777777778
"survivors",0.25,0.916666666666667,0.388888888888889
"survivors",0.125,0.25,0.5875
"survivors",0,0.833333333333333,0.5
"survivors",0,0.583333333333333,0.583333333333333
"survivors",0.75,0.833333333333333,0.175
"survivors",0,0.916666666666667,0.416666666666667
"survivors",0.25,0.75,0.388888888888889
"survivors",0.125,0.583333333333333,0.486111111111111
"survivors",0,0.666666666666667,0.5
"survivors",0.125,0.833333333333333,0.402777777777778
"survivors",0.25,0.833333333333333,0.361111111111111
"survivors",0.25,0.75,0.388888888888889
"survivors",0,1,0.388888888888889
"survivors",0.25,0.666666666666667,0.416666666666667
"survivors",0,0.75,0.472222222222222
"survivors",0,0.833333333333333,0.444444444444444
"survivors",0.625,0.424242424242424,0.372474747474747
"survivors",1,0.266666666666667,0.3
"survivors",0,0.75,0.472222222222222
"survivors",0,0.333333333333333,0.611111111111111
"survivors",0.75,0.5,0.25
"survivors",0,0.833333333333333,0.388888888888889
"survivors",0.25,0.5,0.416666666666667
"survivors",0,0.5,0.5
"survivors",0.5,0.5,0.333333333333333
"survivors",0.5,0.0833333333333333,0.472222222222222
"survivors",0.25,0.75,0.333333333333333
"survivors",0,0.666666666666667,0.444444444444444
"survivors",0.875,0.75,0.125
"survivors",0.875,0.416666666666667,0.236111111111111
"survivors",0.625,0.303030303030303,0.357323232323232
"survivors",0.375,0.242424242424242,0.460858585858586
"survivors",0.25,0.484848484848485,0.421717171717172
"survivors",0.75,0.5,0.25
"survivors",0.5,0.444444444444444,0.462962962962963
"survivors",0,0.833333333333333,0.388888888888889
"survivors",0,0.5,0.5
"survivors",1,0.583333333333333,0.125
"survivors",0,0.583333333333333,0.472222222222222
"survivors",0.75,0.75,0.15
"survivors",0.875,0.833333333333333,0.0972222222222223
"survivors",1,0.212121212121212,0.262626262626263
"survivors",0,0.833333333333333,0.388888888888889
"survivors",0.625,0.242424242424242,0.377525252525253
"survivors",0,0.833333333333333,0.388888888888889
"survivors",0.5,0.303030303030303,0.359090909090909
"survivors",0.875,0.5,0.208333333333333
"survivors",0.875,0.666666666666667,0.152777777777778
"survivors",0.75,0.666666666666667,0.305555555555556
"survivors",0.375,0.666666666666667,0.430555555555556
"survivors",0,0.333333333333333,0.555555555555556
"survivors",1,0.466666666666667,0.177777777777778
"survivors",0.25,0.666666666666667,0.361111111111111
"survivors",0.125,0.303030303030303,0.523989898989899
"survivors",1,0.2,0.266666666666667
"survivors",0.375,0.303030303030303,0.496212121212121
"survivors",0,0.75,0.472222222222222
"survivors",0.125,0.333333333333333,0.569444444444444
"survivors",0,0.5,0.555555555555556
"survivors",0,0.833333333333333,0.388888888888889
"survivors",0,0.5,0.5
"survivors",0,0.916666666666667,0.361111111111111
"survivors",0.5,0.583333333333333,0.305555555555556
"survivors",0.875,0.2,0.2775
"survivors",0.875,0.333333333333333,0.263888888888889
"survivors",0.875,0.5,0.208333333333333
"survivors",1,0.5,0.15
"survivors",0,0.333333333333333,0.555555555555556
"survivors",0.375,0.75,0.291666666666667
"survivors",0.625,0.484848484848485,0.296717171717172
"survivors",0.875,0.5,0.208333333333333
"survivors",1,0.166666666666667,0.277777777777778
"survivors",0.75,0.416666666666667,0.277777777777778
"survivors",0.875,0.666666666666667,0.152777777777778
"survivors",0.75,0.333333333333333,0.305555555555556
"survivors",0.875,0.25,0.291666666666667
"survivors",0.375,0.333333333333333,0.430555555555556
"survivors",0.125,0.25,0.4875
"survivors",0.25,0.333333333333333,0.472222222222222
"survivors",1,0.515151515151515,0.161616161616162
"survivors",0.5,0.333333333333333,0.555555555555556
"survivors",0.375,0.5,0.597222222222222
"survivors",0,0.222222222222222,0.814814814814815
"survivors",0.875,0.444444444444444,0.449074074074074
"survivors",0.875,0.363636363636364,0.420454545454545
"survivors",0.875,0.416666666666667,0.402777777777778
"survivors",1,0.484848484848485,0.338383838383838
"survivors",0.625,0.416666666666667,0.486111111111111
"survivors",0.5,0.583333333333333,0.472222222222222
"survivors",0.875,0.25,0.458333333333333
"survivors",0,0.583333333333333,0.638888888888889
"survivors",0.875,0.5,0.375
"survivors",0.875,0.5,0.319444444444444
"survivors",0.75,0.0909090909090909,0.497474747474747
"survivors",0.625,0.25,0.541666666666667
"survivors",0.625,0.583333333333333,0.375
"survivors",0.25,0.5,0.527777777777778
"survivors",1,0.272727272727273,0.353535353535354
"survivors",0,0.666666666666667,0.555555555555556
"survivors",0.625,0.444444444444444,0.421296296296296
"survivors",0.875,0.416666666666667,0.347222222222222
"survivors",0.75,0.583333333333333,0.333333333333333
"survivors",0.875,0.133333333333333,0.441666666666667
"survivors",0.75,0.166666666666667,0.472222222222222
"survivors",0.875,0.151515151515152,0.392045454545455
"survivors",0,0.666666666666667,0.555555555555556
"survivors",0.75,0.212121212121212,0.457070707070707
"survivors",0.875,0.454545454545455,0.301136363636364
"survivors",0,0.7,0.49
"survivors",0.875,0.484848484848485,0.32449494949495
"survivors",0.75,0.583333333333333,0.388888888888889
"survivors",0.625,1,0.180555555555556
"survivors",0.875,0.4,0.297222222222222
"survivors",0,0.111111111111111,0.666666666666667
"survivors",1,0.0833333333333333,0.361111111111111
"survivors",0.875,0.5,0.319444444444444
"survivors",0,0,0.722222222222222
"survivors",0.75,0.75,0.166666666666667
"survivors",0.5,0.515151515151515,0.328282828282828
"survivors",0,0.5,0.45
"survivors",0.375,0.555555555555556,0.356481481481481
"survivors",1,0.166666666666667,0.25
"survivors",0.875,0.296296296296296,0.276234567901235
"survivors",0.75,0.0833333333333333,0.388888888888889
"survivors",1,0.333333333333333,0.222222222222222
"survivors",0.875,0.787878787878788,0.112373737373737
"survivors",0.75,0.25,0.444444444444444
"survivors",1,0.363636363636364,0.212121212121212
"survivors",0.875,0.666666666666667,0.263888888888889
"survivors",0.875,0.666666666666667,0.2375
"survivors",1,0.333333333333333,0.277777777777778
"survivors",0.5,0.5,0.3
"survivors",1,0.25,0.305555555555556
"survivors",1,0.424242424242424,0.247474747474747
"survivors",0.25,0.75,0.333333333333333
"survivors",0.625,0.333333333333333,0.3625
"survivors",0.25,0.416666666666667,0.444444444444444
"survivors",0.625,0.272727272727273,0.367424242424242
"survivors",0,0.416666666666667,0.527777777777778
"survivors",0.875,0.833333333333333,0.0972222222222222
"survivors",0.375,0.333333333333333,0.541666666666667
"survivors",0.125,0,0.736111111111111
"survivors",0.75,0.212121212121212,0.401515151515151
"survivors",0.875,0.222222222222222,0.412037037037037
"survivors",0.125,0.303030303030303,0.579545454545455
"survivors",0.875,0.416666666666667,0.291666666666667
"survivors",0.875,0.666666666666667,0.208333333333333
"survivors",0.625,0,0.4625
"survivors",1,0.416666666666667,0.194444444444444
"survivors",1,0.272727272727273,0.218181818181818
"survivors",0.25,0.666666666666667,0.361111111111111
"survivors",0.375,0.416666666666667,0.402777777777778
"survivors",0.5,0.666666666666667,0.333333333333333
"survivors",0,0.833333333333333,0.444444444444444
"survivors",1,0.833333333333333,0.222222222222222
"survivors",0,0.5,0.666666666666667
"survivors",0,0.333333333333333,0.722222222222222
"survivors",0,0.333333333333333,0.722222222222222
"survivors",0.875,0.444444444444444,0.393518518518519
"survivors",0.125,0.25,0.708333333333333
"survivors",0,0.75,0.527777777777778
"survivors",0,0.583333333333333,0.638888888888889
"survivors",0,0.303030303030303,0.732323232323232
"survivors",0,0.583333333333333,0.694444444444445
"survivors",0,0.166666666666667,0.777777777777778
"survivors",0.25,0.333333333333333,0.583333333333333
"survivors",0.25,0.5,0.527777777777778
"survivors",0.375,0.583333333333333,0.402777777777778
"survivors",0.5,0.416666666666667,0.527777777777778
"survivors",0.25,0.75,0.35
"survivors",0.625,0.833333333333333,0.291666666666667
"survivors",0,0.5,0.666666666666667
"survivors",0,0.666666666666667,0.611111111111111
"survivors",0.375,0.25,0.680555555555556
"survivors",0,0.416666666666667,0.75
"survivors",0,0.0833333333333333,0.861111111111111
"survivors",0,0.25,0.805555555555556
"survivors",0.125,0,0.7625
"survivors",0.5,0.333333333333333,0.611111111111111
"survivors",0,0.583333333333333,0.625
"survivors",0.25,0.25,0.65
"survivors",0,0.25,0.805555555555556
"survivors",0,0.416666666666667,0.75
"survivors",0.375,0.181818181818182,0.703282828282828
"survivors",0,0.222222222222222,0.814814814814815
"survivors",0,0.555555555555556,0.703703703703704
"survivors",0.375,0.666666666666667,0.4875
"survivors",0,0.5,0.722222222222222
"survivors",0.75,0.666666666666667,0.416666666666667
"survivors",0.875,0.25,0.513888888888889
"survivors",1,0.333333333333333,0.4
"survivors",0.875,0.25,0.513888888888889
"survivors",0.125,0.333333333333333,0.736111111111111
"survivors",0,0.5,0.722222222222222
"survivors",0.625,0.222222222222222,0.606481481481482
"survivors",0,0.666666666666667,0.666666666666667
"survivors",0.25,0.3,0.705555555555556
"survivors",0,0.416666666666667,0.75
"survivors",0.25,0.0833333333333333,0.777777777777778
"survivors",0.75,0.666666666666667,0.375
"survivors",0,0.166666666666667,0.833333333333333
"survivors",0.125,0.416666666666667,0.6375
"survivors",0,0.166666666666667,0.833333333333333
"survivors",0.625,0.666666666666667,0.458333333333333
"survivors",0.5,0.333333333333333,0.611111111111111
"survivors",0,0.303030303030303,0.787878787878788
"survivors",1,0.363636363636364,0.434343434343434
"survivors",1,0.757575757575758,0.303030303030303
"survivors",0.875,0.5,0.430555555555556
"survivors",1,0.583333333333333,0.361111111111111
"survivors",0.5,0.5,0.555555555555556
"survivors",0.25,0.333333333333333,0.694444444444445
"survivors",0.625,0.444444444444444,0.479166666666667
"survivors",1,0.333333333333333,0.444444444444444
"survivors",1,0.75,0.305555555555556
"survivors",0.5,0,0.722222222222222
"survivors",1,0.0833333333333333,0.527777777777778
"survivors",1,0.444444444444444,0.407407407407407
"survivors",0.875,0.25,0.513888888888889
"survivors",1,0.366666666666667,0.377777777777778
"survivors",0.875,0.833333333333333,0.263888888888889
"survivors",0.375,0.5,0.541666666666667
"survivors",0,0.222222222222222,0.683333333333333
"survivors",0.75,0.166666666666667,0.527777777777778
"survivors",0.5,0.583333333333333,0.472222222222222
"survivors",0,0.666666666666667,0.611111111111111
"survivors",0,0.833333333333333,0.555555555555556
"survivors",0,0.666666666666667,0.611111111111111
"survivors",0.75,0.818181818181818,0.279545454545455
"survivors",0.125,0.5,0.625
"survivors",0.125,0.25,0.708333333333333
"survivors",0,0.25,0.75
"survivors",0.75,0.583333333333333,0.388888888888889
"survivors",0,0,0.833333333333333
"survivors",0.25,0.75,0.5
"survivors",0.75,0.5,0.375
"survivors",0.875,0.363636363636364,0.420454545454545
"survivors",0.875,0.2,0.475
"survivors",1,0.666666666666667,0.277777777777778
"survivors",0.5,0.5,0.5
"survivors",0.375,0.333333333333333,0.5375
"survivors",0,0.333333333333333,0.722222222222222
"survivors",0.375,0.222222222222222,0.634259259259259
"survivors",0.5,0.583333333333333,0.425
"survivors",0.875,0.242424242424242,0.460858585858586
"survivors",0,0.0833333333333333,0.805555555555556
"survivors",0,0.666666666666667,0.55
"survivors",0.25,0.583333333333333,0.555555555555556
"survivors",0.625,0.181818181818182,0.564393939393939
"survivors",0,0.75,0.525
"survivors",0.625,0.75,0.3375
"survivors",0.875,0.233333333333333,0.4175
"survivors",0.625,0.666666666666667,0.3625
"survivors",0,0.5,0.666666666666667
"survivors",0.375,0.266666666666667,0.619444444444444
"survivors",0.625,0.166666666666667,0.569444444444444
"survivors",0,0.727272727272727,0.590909090909091
"survivors",0.75,0.916666666666667,0.25
"survivors",0.375,0.212121212121212,0.637626262626263
"survivors",0,0.416666666666667,0.694444444444444
"survivors",0,0.5,0.6
"survivors",0,0.333333333333333,0.722222222222222
"survivors",0,0.555555555555556,0.648148148148148
"survivors",0.25,0.25,0.666666666666667
"survivors",0,0.583333333333333,0.638888888888889
"survivors",0,0.555555555555556,0.648148148148148
"survivors",0.5,0.818181818181818,0.354545454545455
"survivors",0.125,0.5,0.625
"survivors",0.375,0.666666666666667,0.486111111111111
"survivors",0,0.916666666666667,0.527777777777778
"survivors",0,0.444444444444444,0.685185185185185
"survivors",1,0.366666666666667,0.34
"survivors",0,0.777777777777778,0.574074074074074
"survivors",0.125,0.484848484848485,0.630050505050505
"survivors",0,0.25,0.75
"survivors",0,0.0833333333333333,0.725
"survivors",0.25,0.75,0.5
"survivors",0.375,0.5,0.4875
"survivors",0,0.416666666666667,0.694444444444444
"survivors",0.25,0.25,0.666666666666667
"survivors",0,0.833333333333333,0.555555555555556
"survivors",0,0.416666666666667,0.625
"survivors",0,0.333333333333333,0.65
"survivors",0.25,0.583333333333333,0.555555555555556
"survivors",0.375,0.416666666666667,0.569444444444444
"survivors",0,0.5,0.666666666666667
"survivors",0,0.75,0.583333333333333
"survivors",1,0.454545454545455,0.348484848484848
"survivors",0.25,0.111111111111111,0.712962962962963
"survivors",0.25,0.777777777777778,0.441666666666667
"survivors",0,0.5,0.666666666666667
"survivors",0.125,0.75,0.4875
"survivors",0,0.727272727272727,0.590909090909091
"survivors",0.125,0.416666666666667,0.652777777777778
"survivors",0.125,0.333333333333333,0.680555555555556
"survivors",0.5,0.393939393939394,0.535353535353535
"survivors",0,0.333333333333333,0.722222222222222
"survivors",0,0.444444444444444,0.685185185185185
"survivors",0.125,0.5,0.625
"survivors",0.125,0.916666666666667,0.486111111111111
"survivors",0.125,0.272727272727273,0.700757575757576
"survivors",0.125,0.416666666666667,0.652777777777778
"survivors",0.25,0.5,0.583333333333333
"survivors",0.375,0.5,0.541666666666667
"survivors",0.375,0.5,0.4875
"survivors",0.875,0.5,0.375
"survivors",0.625,0.444444444444444,0.476851851851852
"survivors",0.625,0.696969696969697,0.392676767676768
"survivors",1,0.583333333333333,0.305555555555556
"survivors",0.875,0.5,0.375
"survivors",0.75,0.416666666666667,0.444444444444444
"survivors",0.625,0.444444444444444,0.476851851851852
"survivors",0.625,0.363636363636364,0.503787878787879
"survivors",0,0.583333333333333,0.638888888888889
"survivors",0.125,0.75,0.4875
"survivors",0.125,0.25,0.708333333333333
"survivors",0.75,0.393939393939394,0.406818181818182
"survivors",0,0.166666666666667,0.777777777777778
"survivors",0.5,0.545454545454545,0.484848484848485
"survivors",0.125,0.666666666666667,0.569444444444444
"survivors",0,0.555555555555556,0.583333333333333
"survivors",0.75,0.583333333333333,0.388888888888889
"survivors",0.375,0.666666666666667,0.486111111111111
"survivors",0,0.111111111111111,0.796296296296296
"survivors",0.125,0.666666666666667,0.569444444444444
"survivors",0,0.333333333333333,0.722222222222222
"survivors",0.5,0.333333333333333,0.555555555555556
"survivors",0,0.25,0.625
"survivors",0.75,0.416666666666667,0.35
"survivors",0.75,0.25,0.4
"survivors",0,0.25,0.625
"survivors",0.75,0.333333333333333,0.472222222222222
"survivors",0.75,0.181818181818182,0.470454545454545
"survivors",0,0.0833333333333333,0.805555555555556
"survivors",0.75,0.25,0.45
"survivors",0.875,0.833333333333333,0.263888888888889
"survivors",0.625,0.233333333333333,0.547222222222222
"survivors",0.5,0.222222222222222,0.592592592592593
"survivors",0.75,0.916666666666667,0.25
"survivors",0.375,0.5,0.4375
"survivors",1,0.333333333333333,0.333333333333333
"survivors",0.875,0.5,0.319444444444444
"survivors",0.875,0.424242424242424,0.310227272727273
"survivors",0.875,0.416666666666667,0.3125
"survivors",0.5,0.25,0.527777777777778
"survivors",0.625,0.5,0.402777777777778
"survivors",0.875,0.666666666666667,0.263888888888889
"survivors",0.75,0.583333333333333,0.333333333333333
"survivors",0.5,0.416666666666667,0.472222222222222
"survivors",0.75,0.583333333333333,0.333333333333333
"survivors",0.625,0.533333333333333,0.391666666666667
"survivors",0.875,0.333333333333333,0.375
"survivors",0.75,0.75,0.277777777777778
"survivors",0,0.583333333333333,0.583333333333333
"survivors",0.75,0.363636363636364,0.365909090909091
"survivors",0.625,0.583333333333333,0.3375
"survivors",0,0.5,0.611111111111111
"survivors",0.625,0.666666666666667,0.347222222222222
"survivors",0.75,0.166666666666667,0.472222222222222
"survivors",0.75,0.583333333333333,0.333333333333333
"survivors",1,0.583333333333333,0.25
"survivors",0,0.222222222222222,0.759259259259259
"survivors",0.25,0.5,0.583333333333333
"survivors",0,0.75,0.475
"survivors",0,0.666666666666667,0.555555555555556
"survivors",0.125,0.833333333333333,0.458333333333333
"survivors",0,0.333333333333333,0.6
"survivors",0.625,0.333333333333333,0.513888888888889
"survivors",0.375,0.333333333333333,0.541666666666667
"survivors",0,0.5,0.666666666666667
"survivors",1,0.5,0.3
"survivors",0.5,0.666666666666667,0.444444444444444
"survivors",0.5,0.666666666666667,0.4
"survivors",0,0.333333333333333,0.722222222222222
"survivors",0.75,0.166666666666667,0.527777777777778
"survivors",0.25,0.222222222222222,0.608333333333333
"survivors",0,0.416666666666667,0.694444444444444
"survivors",0.375,0.583333333333333,0.513888888888889
"survivors",1,0.0833333333333333,0.472222222222222
"survivors",0.25,0.166666666666667,0.694444444444444
"survivors",0.375,0.5,0.4875
"survivors",0.625,0.833333333333333,0.291666666666667
"survivors",0.75,0.583333333333333,0.333333333333333
"survivors",0.75,0.363636363636364,0.406565656565657
"survivors",0.875,0.424242424242424,0.34469696969697
"survivors",1,0.416666666666667,0.275
"survivors",0.75,0.666666666666667,0.305555555555556
"survivors",0.25,0.272727272727273,0.543181818181818
"survivors",0.125,0.0333333333333333,0.6525
"survivors",0.75,0.5,0.325
"survivors",0,0.416666666666667,0.638888888888889
"survivors",0,0.5,0.611111111111111
"survivors",0,0.393939393939394,0.646464646464647
"survivors",1,0.833333333333333,0.166666666666667
"survivors",0.25,0.2,0.627777777777778
"survivors",0.75,0.5,0.361111111111111
"survivors",0,0.25,0.625
"survivors",0.5,0.583333333333333,0.416666666666667
"survivors",0.125,0.366666666666667,0.5525
"survivors",0.625,0.416666666666667,0.3875
"survivors",0,0.416666666666667,0.638888888888889
"survivors",0,0.333333333333333,0.666666666666667
"survivors",0.25,0.416666666666667,0.555555555555556
"survivors",0.5,0.5,0.444444444444444
"survivors",0.25,0.833333333333333,0.425
"survivors",0.25,0.416666666666667,0.611111111111111
"survivors",0,0.5,0.6
"survivors",0.75,0.555555555555556,0.358333333333333
"survivors",0.625,0.583333333333333,0.430555555555556
"survivors",0,0.444444444444444,0.616666666666667
"survivors",0.5,0.5,0.444444444444444
"survivors",0.5,0.5,0.444444444444444
"survivors",0.5,0.416666666666667,0.472222222222222
"survivors",0.5,0.636363636363636,0.359090909090909
"survivors",0.25,0.333333333333333,0.525
"survivors",0,0.166666666666667,0.722222222222222
"survivors",0.375,0.555555555555556,0.420833333333333
"survivors",0,0.5,0.611111111111111
"survivors",0.625,0.727272727272727,0.294318181818182
"survivors",0.125,0.166666666666667,0.680555555555556
"survivors",0.375,0.222222222222222,0.578703703703704
"survivors",0.75,0.363636363636364,0.406565656565657
"survivors",0.375,0.583333333333333,0.458333333333333
"survivors",0.5,0.333333333333333,0.5
"survivors",0,0.333333333333333,0.666666666666667
"survivors",0.375,0.484848484848485,0.442045454545455
"survivors",0.75,0.416666666666667,0.388888888888889
"survivors",0.5,0.666666666666667,0.388888888888889
"survivors",0.5,0.5,0.444444444444444
"survivors",0,0.166666666666667,0.666666666666667
"survivors",0.625,0.333333333333333,0.3625
"survivors",0,0.333333333333333,0.611111111111111
"survivors",0.875,0.484848484848485,0.268939393939394
"survivors",0,0.333333333333333,0.611111111111111
"survivors",0.5,0.5,0.388888888888889
"survivors",0.375,0.416666666666667,0.458333333333333
"survivors",1,0.733333333333333,0.13
"survivors",1,0.5,0.2
"survivors",0,0.833333333333333,0.444444444444444
"survivors",0.375,0.333333333333333,0.4375
"survivors",0.25,0.666666666666667,0.416666666666667
"survivors",0.5,0.916666666666667,0.25
"survivors",0.25,0.666666666666667,0.416666666666667
"survivors",0.625,0.666666666666667,0.2625
"survivors",0.875,0.333333333333333,0.375
"survivors",1,0.181818181818182,0.383838383838384
"survivors",0.625,0.333333333333333,0.402777777777778
"survivors",0.75,0.424242424242424,0.330808080808081
"survivors",0,0.484848484848485,0.560606060606061
"survivors",0.875,0.133333333333333,0.3475
"survivors",0.875,0.833333333333333,0.152777777777778
"survivors",0.375,0.5,0.430555555555556
"survivors",0.625,0.242424242424242,0.433080808080808
"survivors",0.25,0.333333333333333,0.527777777777778
"survivors",1,0.416666666666667,0.25
"survivors",0.75,0.166666666666667,0.416666666666667
"survivors",0,0.333333333333333,0.666666666666667
"survivors",0,0.583333333333333,0.475
"survivors",0,0.233333333333333,0.755555555555556
"survivors",0.75,0.0833333333333333,0.555555555555556
"survivors",0,0.75,0.583333333333333
"survivors",0.375,0.5,0.541666666666667
"survivors",0,0.666666666666667,0.555555555555556
"survivors",0,0.333333333333333,0.666666666666667
"survivors",1,0.515151515151515,0.272727272727273
"survivors",0,0.5,0.55
"survivors",0.125,0.166666666666667,0.680555555555556
"survivors",0.75,0.366666666666667,0.405555555555556
"survivors",0,0.5,0.611111111111111
"survivors",0,0.75,0.527777777777778
"survivors",0.75,0.75,0.277777777777778
"survivors",0.25,0.818181818181818,0.421717171717172
"survivors",0.125,0.333333333333333,0.625
"survivors",0.125,0.333333333333333,0.625
"survivors",0.5,0.666666666666667,0.388888888888889
"survivors",0,0.25,0.694444444444444
"survivors",0,0.416666666666667,0.583333333333333
"survivors",0,0.666666666666667,0.5
"survivors",0.75,0.757575757575758,0.21969696969697
"survivors",0.375,0.366666666666667,0.475
"survivors",0.25,0.75,0.388888888888889
"survivors",0.125,0.416666666666667,0.597222222222222
"survivors",0.625,0.5,0.402777777777778
"survivors",0,0.333333333333333,0.666666666666667
"survivors",0.75,0.454545454545455,0.288636363636364
"survivors",0.375,0.575757575757576,0.40530303030303
"survivors",0.375,0.575757575757576,0.40530303030303
"survivors",1,0.583333333333333,0.175
"survivors",0,0.5,0.555555555555556
"survivors",0.125,0.75,0.430555555555556
"survivors",0.375,0.416666666666667,0.458333333333333
"survivors",0.125,0.333333333333333,0.569444444444444
"survivors",0,0,0.722222222222222
"survivors",0,0.166666666666667,0.666666666666667
"survivors",0,0.5,0.555555555555556
"survivors",0.625,0.666666666666667,0.2625
"survivors",0,0.333333333333333,0.611111111111111
"survivors",0.375,0.272727272727273,0.506313131313131
"survivors",0,0.916666666666667,0.472222222222222
"survivors",0,0.25,0.75
"survivors",0,0.583333333333333,0.583333333333333
"survivors",0,0.5,0.611111111111111
"survivors",0,0.916666666666667,0.375
"survivors",0,0.583333333333333,0.472222222222222
"survivors",0.25,0.166666666666667,0.527777777777778
"survivors",0.875,0.333333333333333,0.263888888888889
"survivors",0,0.5,0.5
"survivors",0,0.5,0.5
"survivors",0,0.583333333333333,0.472222222222222
"survivors",0,0.5,0.5
"survivors",0,0.583333333333333,0.472222222222222
"survivors",0,0.583333333333333,0.472222222222222
"survivors",0.875,0.666666666666667,0.152777777777778
"survivors",0,0.5,0.5
"survivors",0,0.75,0.472222222222222
"survivors",0,0.75,0.416666666666667
"survivors",0,0.583333333333333,0.472222222222222
"survivors",0.75,0.5,0.305555555555556
"survivors",0.125,0.75,0.541666666666667
"survivors",0,0.75,0.527777777777778
"survivors",0.25,0.416666666666667,0.611111111111111
"survivors",0,0.166666666666667,0.722222222222222
"survivors",0,0.166666666666667,0.722222222222222
"survivors",0,0.583333333333333,0.583333333333333
"survivors",0.625,0.363636363636364,0.448232323232323
"survivors",0.625,0.222222222222222,0.445833333333333
"survivors",0,0.583333333333333,0.583333333333333
"survivors",0.25,0.583333333333333,0.5
"survivors",0.375,0.333333333333333,0.4875
"survivors",0,0.242424242424242,0.696969696969697
"survivors",0.25,0.303030303030303,0.593434343434343
"survivors",0,0.266666666666667,0.688888888888889
"survivors",0.375,0.424242424242424,0.511363636363636
"survivors",0,0.75,0.472222222222222
"survivors",0.5,0.333333333333333,0.444444444444444
"survivors",0.125,0.25,0.597222222222222
"survivors",1,0.433333333333333,0.244444444444444
"survivors",0.375,0.484848484848485,0.435606060606061
"survivors",0.5,0.363636363636364,0.434343434343434
"survivors",1,0.303030303030303,0.287878787878788
"survivors",0,0.583333333333333,0.472222222222222
"survivors",0,0.5,0.5
"survivors",0.75,0.833333333333333,0.175
"survivors",0.625,0.545454545454545,0.332070707070707
"survivors",0,0.75,0.472222222222222
"survivors",0,0.0303030303030303,0.712121212121212
"survivors",0.125,0.393939393939394,0.549242424242424
"survivors",0.625,0.666666666666667,0.291666666666667
"survivors",1,0.833333333333333,0.0555555555555555
"survivors",0.5,0.25,0.472222222222222
"survivors",0.625,0.393939393939394,0.382575757575758
"survivors",0.875,0.866666666666667,0.0775
"survivors",0.875,0.515151515151515,0.203282828282828
"survivors",0,0.583333333333333,0.472222222222222
"survivors",0.375,0.25,0.458333333333333
"survivors",0.375,0.212121212121212,0.470959595959596
"survivors",0.375,0.333333333333333,0.430555555555556
"survivors",0.5,0.5,0.333333333333333
"survivors",0.625,0.5,0.2625
"survivors",0.75,0.333333333333333,0.305555555555556
"survivors",0.125,0.25,0.4875
"survivors",0.5,0.333333333333333,0.388888888888889
"survivors",0.5,0.333333333333333,0.388888888888889
"survivors",0.5,0.636363636363636,0.287878787878788
"survivors",0.875,0.848484848484849,0.0921717171717172
"survivors",0,0.121212121212121,0.626262626262626
"survivors",1,0.5,0.166666666666667
"survivors",1,0.833333333333333,0.05
"survivors",0.75,0.5,0.25
"survivors",0.5,0.3,0.4
"survivors",0.75,0.583333333333333,0.222222222222222
"survivors",1,0.833333333333333,0.05
"survivors",0.375,0.484848484848485,0.380050505050505
"survivors",0,0.333333333333333,0.555555555555556
"survivors",0.375,0.166666666666667,0.486111111111111
"survivors",0.5,0.666666666666667,0.25
"survivors",0.125,0.416666666666667,0.486111111111111
"survivors",0.25,0.25,0.5
"survivors",0.875,0.583333333333333,0.1625
"survivors",0.5,0.5,0.333333333333333
"survivors",0,0.0606060606060606,0.646464646464647
"survivors",0.125,0.583333333333333,0.3875
"survivors",0.875,0.111111111111111,0.337962962962963
"survivors",0.75,0.633333333333333,0.205555555555556
"survivors",0.125,0.166666666666667,0.569444444444444
"survivors",0.625,0.424242424242424,0.316919191919192
"survivors",0.5,0.666666666666667,0.277777777777778
"survivors",0.375,0.4,0.408333333333333
"survivors",1,0.583333333333333,0.125
"survivors",0.625,0.636363636363636,0.246212121212121
"survivors",0.75,0.7,0.183333333333333
"survivors",0.125,0.333333333333333,0.513888888888889
"survivors",1,0.916666666666667,0.0277777777777778
"survivors",0.875,1,0.0416666666666667
"survivors",1,0.5,0.166666666666667
"survivors",0.5,0.416666666666667,0.361111111111111
"survivors",0.25,0.583333333333333,0.388888888888889
"survivors",0.5,0.166666666666667,0.444444444444444
"survivors",1,0.25,0.25
"survivors",0.5,0.25,0.375
"survivors",0.875,0.833333333333333,0.0972222222222223
"survivors",0.875,0.666666666666667,0.1375
"survivors",0.125,0.666666666666667,0.402777777777778
"survivors",0.625,0.166666666666667,0.3625
"survivors",0.125,0.416666666666667,0.486111111111111
"survivors",0.625,0.75,0.208333333333333
"survivors",0,0.416666666666667,0.527777777777778
"survivors",0.5,0.333333333333333,0.388888888888889
"survivors",0.5,0.75,0.25
"survivors",0.125,0.333333333333333,0.513888888888889
"survivors",0.625,0.181818181818182,0.397727272727273
"survivors",0.75,0.583333333333333,0.222222222222222
"survivors",0,0.5,0.45
"survivors",0.875,0.75,0.125
"survivors",0.375,0.666666666666667,0.319444444444444
"survivors",0,0.583333333333333,0.472222222222222
"survivors",0.875,0.575757575757576,0.238636363636364
"survivors",1,0.393939393939394,0.202020202020202
"survivors",0.625,0.424242424242424,0.285227272727273
"survivors",0.75,0.433333333333333,0.272222222222222
"survivors",0.875,0.454545454545455,0.223484848484848
"survivors",0,0.416666666666667,0.525
"survivors",0,0.333333333333333,0.611111111111111
"survivors",0.5,0.303030303030303,0.398989898989899
"survivors",0.375,0.166666666666667,0.486111111111111
"survivors",0.875,0.393939393939394,0.219318181818182
"survivors",0.125,0.583333333333333,0.430555555555556
"survivors",0.5,0.666666666666667,0.277777777777778
"survivors",1,0.242424242424242,0.252525252525253
"survivors",0.875,0.25,0.291666666666667
"survivors",0.875,0.666666666666667,0.152777777777778
"survivors",0.5,0.515151515151515,0.328282828282828
"survivors",0.875,0.303030303030303,0.246590909090909
"survivors",1,0.727272727272727,0.0818181818181818
"survivors",1,0.636363636363636,0.109090909090909
"survivors",0.25,0.5,0.416666666666667
"survivors",0.375,0.583333333333333,0.3125
"survivors",0,0.5,0.5
"survivors",0.875,0.727272727272727,0.132575757575758
"survivors",0.75,0.416666666666667,0.277777777777778
"survivors",0.75,0.416666666666667,0.25
"survivors",0.625,0.416666666666667,0.319444444444444
"survivors",0.5,0.833333333333333,0.222222222222222
"survivors",0.25,0.583333333333333,0.388888888888889
"survivors",0,0.583333333333333,0.472222222222222
"survivors",0,0.5,0.5
"survivors",0.875,0.606060606060606,0.172979797979798
"survivors",0.75,0.166666666666667,0.361111111111111
"survivors",0.375,0.242424242424242,0.460858585858586
"survivors",0.625,0.416666666666667,0.319444444444444
"survivors",0.25,0.888888888888889,0.287037037037037
"survivors",1,0.333333333333333,0.222222222222222
"survivors",0,0.444444444444444,0.466666666666667
"survivors",0.75,0.833333333333333,0.125
"survivors",0.875,0.25,0.2625
"survivors",1,0.636363636363636,0.121212121212121
"survivors",0.25,0.454545454545455,0.388636363636364
"survivors",1,0.75,0.0833333333333333
"survivors",0.125,0.575757575757576,0.433080808080808
"survivors",0.75,0.5,0.25
"survivors",1,0.666666666666667,0.15
"survivors",1,0.272727272727273,0.242424242424242
"survivors",0,0.75,0.475
"survivors",0,0.416666666666667,0.625
"survivors",0,0.75,0.475
"survivors",0,0.75,0.527777777777778
"survivors",0.25,0.583333333333333,0.45
"survivors",0.5,0.583333333333333,0.375
"survivors",0.5,0.583333333333333,0.416666666666667
"survivors",0,0.666666666666667,0.555555555555556
"survivors",0.625,0.833333333333333,0.291666666666667
"survivors",0,0.666666666666667,0.555555555555556
"survivors",0.125,0.424242424242424,0.535227272727273
"survivors",0,0.666666666666667,0.5
"survivors",0,0.75,0.472222222222222
"survivors",0.125,0.5,0.4625
"survivors",0.625,0.5,0.347222222222222
"survivors",0.5,0.833333333333333,0.277777777777778
"survivors",0.75,0.916666666666667,0.166666666666667
"survivors",0.75,0.583333333333333,0.277777777777778
"survivors",0,0.75,0.416666666666667
"survivors",0.5,0.333333333333333,0.388888888888889
"survivors",0,0.666666666666667,0.4
"survivors",0.875,0.696969696969697,0.142676767676768
"survivors",0.875,0.222222222222222,0.270833333333333
"survivors",0,0.212121212121212,0.595959595959596
"survivors",0.25,0.916666666666667,0.25
"survivors",0,0.416666666666667,0.527777777777778
"survivors",0,0.555555555555556,0.481481481481481
"survivors",1,0.166666666666667,0.35
"survivors",0.625,0.666666666666667,0.291666666666667
"survivors",0,0.75,0.416666666666667
"survivors",0.375,0,0.541666666666667
"survivors",0.625,0.393939393939394,0.294318181818182
"survivors",0.875,0.916666666666667,0.0694444444444445
"survivors",0.125,0.416666666666667,0.486111111111111
"survivors",0,0.666666666666667,0.444444444444444
"survivors",0.25,0.333333333333333,0.425
"survivors",0,0.666666666666667,0.444444444444444
"survivors",0.75,0.393939393939394,0.285353535353535
"survivors",0.875,0.484848484848485,0.213383838383838
"survivors",1,0.606060606060606,0.131313131313131
"survivors",0.75,0.696969696969697,0.184343434343434
"survivors",0.875,0.666666666666667,0.152777777777778
"survivors",0.875,0.939393939393939,0.0618686868686869
"survivors",0,0.666666666666667,0.5
"survivors",0,0.666666666666667,0.444444444444444
"survivors",0,0.5,0.5
"survivors",0,0.75,0.416666666666667
"survivors",0.875,0.75,0.125
"survivors",0,0.181818181818182,0.606060606060606
"survivors",0.875,0.416666666666667,0.236111111111111
"survivors",0.125,0.25,0.541666666666667
"survivors",0,0,0.666666666666667
"survivors",0,0.25,0.525
"survivors",0.375,0.5,0.375
"survivors",0,0.833333333333333,0.388888888888889
"survivors",0.125,0.416666666666667,0.4375
"survivors",0.875,0.757575757575758,0.110227272727273
"survivors",0.375,0.545454545454545,0.423863636363636
"survivors",0,0.333333333333333,0.6
"survivors",0.875,0.25,0.347222222222222
"survivors",0.375,0.266666666666667,0.4075
"survivors",0.25,0.583333333333333,0.388888888888889
"survivors",1,0.545454545454545,0.151515151515152
"survivors",1,0.363636363636364,0.212121212121212
"survivors",0.875,0.833333333333333,0.1875
"survivors",0.625,0.333333333333333,0.458333333333333
"survivors",1,0.363636363636364,0.323232323232323
"survivors",0,0.333333333333333,0.666666666666667
"survivors",0.125,0.222222222222222,0.606481481481482
"survivors",0.75,0.583333333333333,0.277777777777778
"survivors",0.5,0.916666666666667,0.25
"survivors",0.5,0.515151515151515,0.383838383838384
"survivors",0,0.5,0.555555555555556
"survivors",0.5,0.583333333333333,0.361111111111111
"survivors",0.125,0.5,0.513888888888889
"survivors",0.375,0.75,0.402777777777778
"survivors",0.375,0.75,0.458333333333333
"survivors",0.125,0.233333333333333,0.713888888888889
"survivors",0.875,0.5,0.3375
"survivors",0.125,0.416666666666667,0.652777777777778
"survivors",0,0.416666666666667,0.694444444444444
"survivors",0,0.363636363636364,0.712121212121212
"survivors",0,0.75,0.583333333333333
"survivors",0.75,0.636363636363636,0.371212121212121
"survivors",0.75,0.272727272727273,0.492424242424242
"survivors",0.125,0.416666666666667,0.652777777777778
"survivors",0.125,0.5,0.5625
"survivors",0.125,0.333333333333333,0.680555555555556
"survivors",0,0.833333333333333,0.5
"survivors",0.625,0.575757575757576,0.377525252525253
"survivors",0.125,0.583333333333333,0.541666666666667
"survivors",1,0.416666666666667,0.275
"survivors",0,0.75,0.527777777777778
"survivors",0.375,0.555555555555556,0.420833333333333
"survivors",0.375,0.333333333333333,0.541666666666667
"survivors",0.875,0.583333333333333,0.291666666666667
"survivors",0,0.333333333333333,0.666666666666667
"survivors",0.125,0.333333333333333,0.625
"survivors",0.875,0.75,0.236111111111111
"survivors",0.125,0.5,0.5125
"survivors",0.375,0.75,0.402777777777778
"survivors",1,0.848484848484849,0.145454545454545
"survivors",0.375,0.833333333333333,0.375
"survivors",0.625,0.787878787878788,0.276136363636364
"survivors",0.375,0.916666666666667,0.347222222222222
"survivors",0.375,0.666666666666667,0.430555555555556
"survivors",0.375,0.666666666666667,0.3875
"survivors",0,0.333333333333333,0.6
"survivors",0,0.416666666666667,0.638888888888889
"survivors",0,0,0.777777777777778
"survivors",0.125,0.75,0.486111111111111
"survivors",0,0.424242424242424,0.572727272727273
"survivors",0,0.166666666666667,0.722222222222222
"survivors",0.5,0.533333333333333,0.433333333333333
"survivors",0.25,0.444444444444444,0.546296296296296
"survivors",0.5,0.363636363636364,0.48989898989899
"survivors",0.625,0.606060606060606,0.367424242424242
"survivors",0.125,0.416666666666667,0.597222222222222
"survivors",0,0.75,0.475
"survivors",0,0.166666666666667,0.722222222222222
"survivors",0.375,0.0909090909090909,0.622474747474748
"survivors",0,0.916666666666667,0.472222222222222
"survivors",0.75,0.833333333333333,0.25
"survivors",0.125,0.75,0.486111111111111
"survivors",0,0.583333333333333,0.583333333333333
"survivors",0.125,0.333333333333333,0.625
"survivors",0.125,0.666666666666667,0.513888888888889
"survivors",0.125,0.416666666666667,0.597222222222222
"survivors",0,0.416666666666667,0.638888888888889
"survivors",0.625,0.393939393939394,0.438131313131313
"survivors",0.375,0.75,0.402777777777778
"survivors",0.875,0.25,0.3625
"survivors",0.125,0.333333333333333,0.625
"survivors",0.125,0.666666666666667,0.513888888888889
"survivors",0,0.333333333333333,0.666666666666667
"survivors",0.125,0.416666666666667,0.597222222222222
"survivors",0.75,0.666666666666667,0.305555555555556
"survivors",0.625,0.666666666666667,0.347222222222222
"survivors",0,0.75,0.527777777777778
"survivors",0,0.916666666666667,0.472222222222222
"survivors",0,0.333333333333333,0.666666666666667
"survivors",0.125,0,0.736111111111111
"survivors",0,0.555555555555556,0.592592592592593
"survivors",0.25,0.666666666666667,0.472222222222222
"survivors",0.125,0.5,0.569444444444444
"survivors",0.25,0.555555555555556,0.509259259259259
"survivors",0.625,0.545454545454545,0.387626262626263
"survivors",0,0.833333333333333,0.5
"survivors",0.5,0.583333333333333,0.416666666666667
"survivors",0.375,0.25,0.569444444444444
"survivors",0,0.333333333333333,0.666666666666667
"survivors",0.125,0.5,0.569444444444444
"survivors",0.625,0.272727272727273,0.478535353535354
"survivors",0.875,0.75,0.236111111111111
"survivors",0,0.583333333333333,0.583333333333333
"survivors",1,0.5,0.277777777777778
"survivors",0.5,0.583333333333333,0.416666666666667
"survivors",0,0.583333333333333,0.583333333333333
"survivors",0,0.666666666666667,0.5
"survivors",0.375,0.5,0.486111111111111
"survivors",0.875,0.583333333333333,0.2625
"survivors",0.5,0.833333333333333,0.277777777777778
"survivors",0,0.5,0.555555555555556
"survivors",0.25,0.303030303030303,0.537878787878788
"survivors",0.5,0.666666666666667,0.333333333333333
"survivors",0.625,0.5,0.347222222222222
"survivors",0.5,0.5,0.388888888888889
"survivors",0.25,0.833333333333333,0.361111111111111
"survivors",0.875,0.75,0.180555555555556
"survivors",0.75,0.75,0.222222222222222
"survivors",0.625,0.833333333333333,0.236111111111111
"survivors",0.625,0.416666666666667,0.375
"survivors",0.875,0.242424242424242,0.314772727272727
"survivors",0,0.916666666666667,0.416666666666667
"survivors",0,0.272727272727273,0.618181818181818
"survivors",0,0.333333333333333,0.611111111111111
"survivors",0,0.416666666666667,0.583333333333333
"survivors",1,0.833333333333333,0.1
"survivors",0.625,0.75,0.2375
"survivors",0.5,0.037037037037037,0.538888888888889
"survivors",0.25,0.75,0.4
"survivors",0,0.75,0.472222222222222
"survivors",0,0.75,0.472222222222222
"survivors",0.5,0.833333333333333,0.277777777777778
"survivors",0,0.833333333333333,0.444444444444444
"survivors",1,0.575757575757576,0.196969696969697
"survivors",0.625,0.75,0.2375
"survivors",0.875,0.1,0.397222222222222
"survivors",0,0.666666666666667,0.5
"survivors",0.625,0.25,0.430555555555556
"survivors",0,0.454545454545455,0.570707070707071
"survivors",0.375,0.583333333333333,0.3625
"survivors",0.75,0.416666666666667,0.333333333333333
"survivors",0.375,0.833333333333333,0.319444444444444
"survivors",0,0.25,0.638888888888889
"survivors",0.875,0.583333333333333,0.2125
"survivors",0.125,0.666666666666667,0.458333333333333
"survivors",0.875,0.933333333333333,0.119444444444444
"survivors",0,0.75,0.472222222222222
"survivors",0,0.5,0.555555555555556
"survivors",0.875,0.5,0.263888888888889
"survivors",0,0.333333333333333,0.611111111111111
"survivors",0,0.583333333333333,0.527777777777778
"survivors",0.25,0.25,0.5
"survivors",0.125,0.148148148148148,0.631172839506173
"survivors",0.375,0.666666666666667,0.375
"survivors",0.25,0.666666666666667,0.416666666666667
"survivors",0.25,0.666666666666667,0.416666666666667
"survivors",0.5,0.666666666666667,0.333333333333333
"survivors",0,0.5,0.555555555555556
"survivors",0,0.75,0.472222222222222
"survivors",0.875,0.666666666666667,0.208333333333333
"survivors",0.625,0.666666666666667,0.291666666666667
"survivors",0.125,0.454545454545455,0.476136363636364
"survivors",0.625,0.515151515151515,0.342171717171717
"survivors",0.5,0.416666666666667,0.416666666666667
"survivors",0,0.777777777777778,0.462962962962963
"survivors",1,0.242424242424242,0.277272727272727
"survivors",1,0.939393939393939,0.0181818181818182
"survivors",1,0.666666666666667,0.111111111111111
"survivors",1,0.696969696969697,0.101010101010101
"survivors",0.875,0.363636363636364,0.309343434343434
"survivors",0,0.166666666666667,0.6
"survivors",0,0.583333333333333,0.475
"survivors",0,0.393939393939394,0.535353535353535
"survivors",0,0.833333333333333,0.388888888888889
"survivors",0,0.75,0.416666666666667
"survivors",0,0.833333333333333,0.388888888888889
"survivors",0,0.666666666666667,0.444444444444444
"survivors",0.375,0.424242424242424,0.360227272727273
"survivors",0.125,0.916666666666667,0.375
"survivors",0.75,0.333333333333333,0.325
"survivors",0.125,0.25,0.597222222222222
"survivors",0.625,0.5,0.3125
"survivors",0,0.833333333333333,0.444444444444444
"survivors",0.25,0.212121212121212,0.568181818181818
"survivors",0.5,0.416666666666667,0.416666666666667
"survivors",0.75,0.75,0.222222222222222
"survivors",0.125,0.25,0.597222222222222
"survivors",0,0.454545454545455,0.513636363636364
"survivors",0.5,0.416666666666667,0.416666666666667
"survivors",0.625,0.833333333333333,0.236111111111111
"survivors",0.75,0.575757575757576,0.28030303030303
"survivors",1,0.416666666666667,0.175
"survivors",0,0.916666666666667,0.361111111111111
"survivors",0.875,0.416666666666667,0.236111111111111
"survivors",0,0.25,0.583333333333333
"survivors",0.5,0.466666666666667,0.4
"survivors",0,0,0.666666666666667
"survivors",0.875,0.333333333333333,0.263888888888889
"survivors",0.25,0.75,0.333333333333333
"survivors",0.25,0.75,0.333333333333333
"survivors",0,0.0833333333333333,0.638888888888889
"survivors",0.5,0.666666666666667,0.277777777777778
"survivors",0.875,0.696969696969697,0.142676767676768
"survivors",0.875,0.416666666666667,0.2125
"survivors",0,0.416666666666667,0.527777777777778
"survivors",0.625,0.5,0.291666666666667
"survivors",0.5,0.666666666666667,0.25
"survivors",0,0.166666666666667,0.611111111111111
"survivors",0.75,0.75,0.166666666666667
"survivors",0.75,0.25,0.333333333333333
"survivors",0,0.666666666666667,0.444444444444444
"survivors",0.5,0.333333333333333,0.388888888888889
"survivors",0.625,0.272727272727273,0.367424242424242
"survivors",0.25,0.424242424242424,0.441919191919192
"survivors",0.75,0.393939393939394,0.285353535353535
"survivors",0.5,0.333333333333333,0.35
"survivors",0.75,0.666666666666667,0.194444444444444
"survivors",0.625,0.5,0.291666666666667
"survivors",0.75,0.166666666666667,0.361111111111111
"survivors",0.625,0.666666666666667,0.236111111111111
"survivors",0.75,0.433333333333333,0.272222222222222
"survivors",0.625,0.0833333333333333,0.3875
"survivors",0,0.0833333333333333,0.638888888888889
"survivors",0.25,0.583333333333333,0.35
"survivors",0.25,0.583333333333333,0.388888888888889
"survivors",0,0.0833333333333333,0.638888888888889
"survivors",0.375,0.333333333333333,0.430555555555556
"survivors",0.25,0.583333333333333,0.388888888888889
"survivors",0.625,0.151515151515152,0.407828282828283
"survivors",0.875,0.5,0.208333333333333
"survivors",0.75,0.416666666666667,0.277777777777778
"survivors",0,0.666666666666667,0.444444444444444
"survivors",0.5,0.833333333333333,0.222222222222222
"survivors",0.125,0.75,0.375
"survivors",0,0.833333333333333,0.388888888888889
"survivors",0.125,0.5,0.458333333333333
"survivors",0,0.0833333333333333,0.638888888888889
"survivors",0.125,0.166666666666667,0.569444444444444
"survivors",0.375,0.583333333333333,0.3125
"survivors",0.375,0.833333333333333,0.263888888888889
"survivors",0.125,0.5,0.458333333333333
"survivors",0,0.666666666666667,0.444444444444444
"survivors",0,0.333333333333333,0.555555555555556
"survivors",0,0.666666666666667,0.444444444444444
"survivors",0,0.166666666666667,0.611111111111111
"survivors",0.375,0.666666666666667,0.319444444444444
"survivors",0.75,0.222222222222222,0.342592592592593
"survivors",0,0,0.666666666666667
"survivors",0.875,0.393939393939394,0.243686868686869
"survivors",0.875,0.5,0.208333333333333
"survivors",0.625,0.416666666666667,0.319444444444444
"survivors",0.5,0.75,0.25
"survivors",0.375,0.583333333333333,0.347222222222222
"survivors",0.625,0.833333333333333,0.1625
"survivors",0.5,0.583333333333333,0.305555555555556
"survivors",0.375,0.166666666666667,0.486111111111111
"survivors",0.5,0.151515151515152,0.44949494949495
"survivors",0.75,0.25,0.333333333333333
"survivors",0,0.25,0.583333333333333
"survivors",0.75,0.416666666666667,0.277777777777778
"survivors",0.5,0.666666666666667,0.25
"survivors",0.875,0.303030303030303,0.246590909090909
"survivors",0.75,0.696969696969697,0.184343434343434
"survivors",1,0.484848484848485,0.171717171717172
"survivors",0.375,0.222222222222222,0.467592592592593
"survivors",0.875,0.5,0.208333333333333
"survivors",0.875,0.575757575757576,0.183080808080808
"survivors",0,0.166666666666667,0.611111111111111
"survivors",0,0.333333333333333,0.555555555555556
"survivors",0,0.416666666666667,0.527777777777778
"survivors",0,0.0833333333333333,0.638888888888889
"survivors",0,0.0833333333333333,0.638888888888889
"survivors",0.875,0.833333333333333,0.0972222222222223
"survivors",0.5,0.916666666666667,0.194444444444444
"survivors",0.625,0.757575757575758,0.205808080808081
"survivors",0.625,0.5,0.291666666666667
"survivors",0.5,0.515151515151515,0.328282828282828
"survivors",0.375,0.833333333333333,0.263888888888889
"survivors",0,0.916666666666667,0.361111111111111
"survivors",0,0.416666666666667,0.475
"survivors",0,0.416666666666667,0.527777777777778
"survivors",0.25,0.75,0.333333333333333
"survivors",0.125,0.333333333333333,0.513888888888889
"survivors",0.75,0.666666666666667,0.175
"survivors",0.375,0.833333333333333,0.2375
"survivors",0.625,0.222222222222222,0.384259259259259
"survivors",0.875,0.666666666666667,0.152777777777778
"survivors",0,0.416666666666667,0.527777777777778
"survivors",0.5,0.833333333333333,0.2
"survivors",1,0.833333333333333,0.0555555555555556
"survivors",0.25,0.916666666666667,0.277777777777778
"survivors",0.25,0.416666666666667,0.444444444444444
"survivors",1,0.515151515151515,0.145454545454545
"survivors",0.875,0.333333333333333,0.263888888888889
"survivors",0.5,0.454545454545455,0.348484848484848
"survivors",1,0.181818181818182,0.272727272727273
"survivors",0.875,0.303030303030303,0.273989898989899
"survivors",0.75,0.5,0.25
"survivors",0.125,0.466666666666667,0.4225
"survivors",0,0.416666666666667,0.638888888888889
"survivors",0.625,0.333333333333333,0.402777777777778
"survivors",0.875,0.212121212121212,0.273863636363636
"survivors",0,0.166666666666667,0.611111111111111
"survivors",1,0.454545454545455,0.163636363636364
"survivors",1,0.583333333333333,0.138888888888889
"survivors",1,0.5,0.222222222222222
"survivors",1,0.757575757575758,0.0727272727272727
"survivors",1,0.916666666666667,0.0277777777777778
"survivors",1,0,0.333333333333333
"survivors",1,0.75,0.075
"survivors",0.5,0.233333333333333,0.422222222222222
"survivors",0.375,0.166666666666667,0.486111111111111
"survivors",0.125,0.916666666666667,0.319444444444444
"survivors",1,0.666666666666667,0.111111111111111
"survivors",0.375,0.484848484848485,0.380050505050505
"survivors",0.375,0.848484848484849,0.232954545454545
"survivors",0.75,0.666666666666667,0.175
"survivors",1,0.181818181818182,0.272727272727273
"survivors",0,0.25,0.525
"survivors",1,0.5,0.15
"survivors",0,0.583333333333333,0.475
"survivors",1,0.818181818181818,0.0606060606060606
"survivors",0,0.583333333333333,0.472222222222222
"survivors",0.875,0.666666666666667,0.1875
"survivors",0.875,0.666666666666667,0.1875
"survivors",0.875,0.3,0.3475
"survivors",0,0.333333333333333,0.666666666666667
"survivors",0.375,0.75,0.347222222222222
"survivors",0.875,0.333333333333333,0.319444444444444
"survivors",0,0.833333333333333,0.444444444444444
"survivors",0.375,0.5,0.3875
"survivors",0.5,0.333333333333333,0.444444444444444
"survivors",0.5,0.416666666666667,0.375
"survivors",0,0.444444444444444,0.516666666666667
"survivors",0,0.25,0.638888888888889
"survivors",0.5,0.303030303030303,0.454545454545455
"survivors",0.5,0.233333333333333,0.477777777777778
"survivors",0.625,0.833333333333333,0.236111111111111
"survivors",0,0.333333333333333,0.611111111111111
"survivors",0.125,0.75,0.430555555555556
"survivors",0.5,0.25,0.472222222222222
"survivors",0.25,0.5,0.472222222222222
"survivors",0,0.416666666666667,0.583333333333333
"survivors",0.125,0.583333333333333,0.486111111111111
"survivors",0,0.583333333333333,0.475
"survivors",0.625,0.633333333333333,0.302777777777778
"survivors",0,0.5,0.555555555555556
"survivors",0.5,0.833333333333333,0.277777777777778
"survivors",0.375,0.222222222222222,0.523148148148148
"survivors",0.875,0.533333333333333,0.2275
"survivors",0.375,0.583333333333333,0.402777777777778
"survivors",0,0.666666666666667,0.5
"survivors",0.375,0.5,0.430555555555556
"survivors",0.5,0.75,0.305555555555556
"survivors",0,0.5,0.555555555555556
"survivors",0,0.75,0.472222222222222
"survivors",0.125,0.416666666666667,0.541666666666667
"survivors",0.75,0.416666666666667,0.277777777777778
"survivors",1,0.5,0.166666666666667
"survivors",0,0.666666666666667,0.444444444444444
"survivors",1,0.166666666666667,0.277777777777778
"survivors",0.875,0.515151515151515,0.182954545454545
"survivors",0.25,0.75,0.333333333333333
"survivors",0.5,0.25,0.416666666666667
"survivors",0.5,0.416666666666667,0.361111111111111
"survivors",0,0.25,0.583333333333333
"survivors",0.875,0.583333333333333,0.180555555555556
"survivors",0.25,0.416666666666667,0.444444444444444
"survivors",0.25,0,0.583333333333333
"survivors",0,0.166666666666667,0.611111111111111
"survivors",0.625,0.272727272727273,0.367424242424242
"survivors",0.125,0.25,0.541666666666667
"survivors",0,0.166666666666667,0.611111111111111
"survivors",0,0.5,0.5
"survivors",1,0.75,0.075
"survivors",0.125,0.272727272727273,0.534090909090909
"survivors",0,0.666666666666667,0.444444444444444
"survivors",0.875,0.878787878787879,0.0738636363636364
"survivors",0.625,0.416666666666667,0.2875
"survivors",0.5,0.0833333333333333,0.425
"survivors",0,0.151515151515152,0.616161616161616
"survivors",1,0.833333333333333,0.05
"survivors",0.75,0.5,0.25
"survivors",0,0.0833333333333333,0.638888888888889
"survivors",0.875,0.333333333333333,0.263888888888889
"survivors",0,0.416666666666667,0.527777777777778
"survivors",0.375,0.666666666666667,0.319444444444444
"survivors",0,0.333333333333333,0.555555555555556
"survivors",0.625,0.757575757575758,0.205808080808081
"survivors",0.75,0.333333333333333,0.275
"survivors",0.125,0.916666666666667,0.319444444444444
"survivors",0.125,0.25,0.541666666666667
"survivors",0,0.888888888888889,0.37037037037037
"survivors",0.75,0.833333333333333,0.138888888888889
"survivors",0.75,0.727272727272727,0.174242424242424
"survivors",1,0.424242424242424,0.172727272727273
"survivors",0,0.166666666666667,0.611111111111111
"survivors",0.125,0.916666666666667,0.319444444444444
"survivors",0.375,0.5,0.375
"survivors",0,0.75,0.375
"survivors",0.875,0.333333333333333,NA
"survivors",0.375,0.242424242424242,0.460858585858586
"survivors",0.125,0.25,0.541666666666667
"survivors",0.875,0.466666666666667,0.219444444444444
"survivors",0,0.444444444444444,0.518518518518518
"survivors",0.75,0.636363636363636,0.204545454545455
"survivors",0,0.555555555555556,0.537037037037037
"survivors",0.875,0.166666666666667,0.375
"survivors",0.75,0.25,0.35
"survivors",0.625,0.583333333333333,0.2875
"survivors",0.125,0.5,0.458333333333333
"survivors",0,0.303030303030303,0.565656565656566
"survivors",1,0.7,0.1
"survivors",0.125,0.416666666666667,0.486111111111111
"survivors",0.75,0.166666666666667,0.361111111111111
"survivors",0,0.333333333333333,0.555555555555556
"survivors",0.375,0.416666666666667,0.3625
"survivors",0.875,0.266666666666667,0.2575
"survivors",0.125,0.333333333333333,0.513888888888889
"survivors",0.75,0.666666666666667,NA
"survivors",1,0.583333333333333,0.138888888888889
"survivors",0,0.5,0.5
"survivors",0.125,0.416666666666667,0.486111111111111
"survivors",0.625,0.454545454545455,0.306818181818182
"survivors",0,0.363636363636364,0.545454545454545
"survivors",1,0.727272727272727,0.0818181818181818
"survivors",0,0.333333333333333,0.555555555555556
"survivors",0,0.25,0.583333333333333
"survivors",0.375,0.166666666666667,0.486111111111111
"survivors",0,0.166666666666667,0.611111111111111
"survivors",0,0.303030303030303,0.565656565656566
"survivors",0.25,0.416666666666667,0.444444444444444
"survivors",1,0.5,0.15
"survivors",0.375,0.416666666666667,0.3625
"survivors",0,0.5,0.5
"survivors",0.25,0.0833333333333333,0.5
"survivors",0.25,0.666666666666667,0.361111111111111
"survivors",0,0.454545454545455,0.515151515151515
"survivors",0.875,0.583333333333333,0.180555555555556
"survivors",0.5,0.111111111111111,0.416666666666667
"survivors",0.625,0.166666666666667,0.3625
"survivors",0,0.25,0.583333333333333
"survivors",0.125,0.333333333333333,0.4625
"survivors",0.25,0.272727272727273,0.443181818181818
"survivors",1,0.133333333333333,0.26
"survivors",0.25,0.25,0.5
"survivors",0.375,0.212121212121212,0.470959595959596
"survivors",0.625,0.545454545454545,0.276515151515152
"survivors",0.875,0.333333333333333,0.263888888888889
"survivors",0,0.416666666666667,0.527777777777778
"survivors",0.875,0.242424242424242,0.294191919191919
"survivors",0.625,0.363636363636364,0.337121212121212
"survivors",0.875,0.636363636363636,0.162878787878788
"survivors",0.75,0.166666666666667,0.325
"survivors",0.875,0.366666666666667,0.252777777777778
"survivors",0.125,0.25,0.541666666666667
"survivors",0,0.333333333333333,0.555555555555556
"survivors",0.75,0.5,0.25
"survivors",0.375,0.515151515151515,0.332954545454546
"survivors",0,0.25,0.583333333333333
"survivors",0,0.333333333333333,0.555555555555556
"survivors",0.5,0.833333333333333,0.222222222222222
"survivors",0.375,0.5,0.375
"survivors",0.875,1,0.0375
"survivors",1,0.5,0.166666666666667
"survivors",0.875,0.555555555555556,0.170833333333333
"survivors",0.25,0.666666666666667,0.361111111111111
"survivors",0.875,0.3,0.2475
"survivors",0.125,0.5,0.458333333333333
"survivors",1,0.733333333333333,0.08
"survivors",1,0.766666666666667,0.07
"survivors",0.125,0.3,0.525
"survivors",0.5,0.766666666666667,0.244444444444444
"survivors",0.875,0.416666666666667,0.236111111111111
"survivors",0.125,0.4,0.4425
"survivors",0.125,0.166666666666667,0.569444444444444
"survivors",0,0.583333333333333,0.472222222222222
"survivors",0,0.833333333333333,0.388888888888889
"survivors",0.375,0.833333333333333,0.2375
"survivors",0.5,0.25,0.375
"survivors",0.125,0.916666666666667,0.319444444444444
"survivors",0.125,0.75,0.375
"survivors",0,0.416666666666667,0.527777777777778
"survivors",0.375,0.242424242424242,0.460858585858586
"survivors",0,0.416666666666667,0.527777777777778
"survivors",0,0.916666666666667,0.361111111111111
"survivors",0.125,0.333333333333333,0.513888888888889
"survivors",0.5,0.166666666666667,0.4
"survivors",0,0.2,0.6
"survivors",0,1,0.333333333333333
"survivors",0,0.916666666666667,0.361111111111111
"survivors",0.125,0.363636363636364,0.503787878787879
"survivors",0,0.75,0.375
"survivors",0,0.583333333333333,0.472222222222222
"survivors",1,0.636363636363636,0.109090909090909
"survivors",0.625,0.75,0.208333333333333
"survivors",0.125,0.5,0.458333333333333
"survivors",0,0.416666666666667,0.527777777777778
"survivors",0.75,0.0833333333333333,0.388888888888889
"survivors",0.625,0.0833333333333333,0.430555555555556
"survivors",0,0.5,0.5
"survivors",0.75,0.393939393939394,0.256818181818182
"survivors",0,0.583333333333333,0.472222222222222
"survivors",0,0.916666666666667,0.361111111111111
"survivors",0.875,0.833333333333333,0.0875
"survivors",0.875,0.5,0.208333333333333
"survivors",0.625,0.866666666666667,0.1525
"survivors",0.875,0.606060606060606,0.155681818181818
"survivors",0.125,0.916666666666667,0.319444444444444
"survivors",1,0.416666666666667,0.194444444444444
"survivors",0.25,0.583333333333333,0.35
"survivors",0.25,0.5,0.375
"survivors",0,0.25,0.583333333333333
"survivors",0.875,0.5,0.1875
"survivors",0,0.5,0.5
"survivors",1,0.818181818181818,0.0545454545454546
"survivors",0.125,0.333333333333333,0.513888888888889
"survivors",0,0.75,0.416666666666667
"survivors",0.25,0.666666666666667,0.361111111111111
"survivors",1,0.666666666666667,0.111111111111111
"survivors",0.875,0.272727272727273,0.284090909090909
"survivors",0.75,0.555555555555556,0.231481481481481
"survivors",0.625,0.333333333333333,0.347222222222222
"survivors",1,0.5,0.166666666666667
"survivors",0.875,0.666666666666667,0.152777777777778
"survivors",1,0.111111111111111,0.296296296296296
"survivors",0.875,0.75,0.125
"survivors",0.5,0.416666666666667,0.361111111111111
"survivors",0.25,0.333333333333333,0.472222222222222
"survivors",0.875,0,0.375
"survivors",0.125,0.416666666666667,0.486111111111111
"survivors",0.75,0.666666666666667,0.194444444444444
"survivors",0.625,0.5,0.291666666666667
"survivors",0.375,0.25,0.458333333333333
"survivors",1,0.515151515151515,0.161616161616162
"survivors",0.625,0.416666666666667,0.319444444444444
"survivors",0.875,0.393939393939394,0.243686868686869
"survivors",0,0.25,0.583333333333333
"survivors",0.875,0.393939393939394,0.243686868686869
"survivors",0.25,0.416666666666667,0.4
"survivors",0.125,0.583333333333333,0.430555555555556
"survivors",0,0.5,0.5
"survivors",0.875,0.583333333333333,0.180555555555556
"survivors",1,0.833333333333333,0.0555555555555555
"survivors",0,0.75,0.416666666666667
"survivors",0,0.25,0.583333333333333
"survivors",0.875,0.75,0.1125
"survivors",0.25,0.25,0.722222222222222
"survivors",0.125,0.259259259259259,0.684722222222222
"non-survivors",0,0.333333333333333,0.888888888888889
"non-survivors",1,0.375,0.4875
"survivors",0.125,0.166666666666667,0.791666666666667
"non-survivors",0,0,1
"non-survivors",0,0.636363636363636,0.709090909090909
"survivors",0.625,0.75,0.319444444444444
"non-survivors",0.125,0.416666666666667,0.819444444444444
"survivors",0.875,0.666666666666667,0.152777777777778
"survivors",0.25,0.583333333333333,0.611111111111111
"non-survivors",0,0.333333333333333,0.888888888888889
"survivors",0.25,0.583333333333333,0.555555555555556
"non-survivors",0.5,0.25,0.75
"non-survivors",0,0.5,0.833333333333333
"survivors",0.875,0.515151515151515,0.203282828282828
"non-survivors",0,0.25,0.916666666666667
"non-survivors",0.875,0.166666666666667,0.5875
"survivors",0.625,0.666666666666667,0.458333333333333
"survivors",0.875,0.75,0.1625
"survivors",1,0.407407407407407,0.197530864197531
"survivors",1,0.416666666666667,0.194444444444444
"non-survivors",0,0.5,0.833333333333333
"non-survivors",0.25,0.0833333333333333,0.888888888888889
"survivors",0.75,0.25,0.555555555555556
"survivors",1,0.75,0.25
"survivors",0.5,0.583333333333333,0.425
"non-survivors",1,0.666666666666667,0.444444444444444
"non-survivors",0.125,0,0.958333333333333
"survivors",0.375,0.416666666666667,0.625
"survivors",0,0.3,0.733333333333333
"survivors",0.5,0.5,0.5
"non-survivors",0.125,0.444444444444444,0.810185185185185
"survivors",0.75,0.259259259259259,0.497222222222222
"non-survivors",0.125,0.25,0.7875
"survivors",0.875,0.575757575757576,0.349747474747475
"survivors",0.75,0.333333333333333,0.416666666666667
"survivors",0.875,0.416666666666667,0.236111111111111
"survivors",0.75,0.666666666666667,0.305555555555556
"non-survivors",0.5,0.555555555555556,0.648148148148148
"non-survivors",0.625,0.666666666666667,0.569444444444444
"non-survivors",0,0.25,0.916666666666667
"survivors",0,0.25,0.805555555555556
"non-survivors",0.5,0.0833333333333333,0.725
"non-survivors",0,0.222222222222222,0.925925925925926
"survivors",0,0.416666666666667,0.694444444444444
"non-survivors",0,0,1
"survivors",0,0.166666666666667,0.777777777777778
"non-survivors",0,0.583333333333333,0.725
"survivors",0.375,0.296296296296296,0.609567901234568
"non-survivors",0.375,0.666666666666667,0.652777777777778
"survivors",0.25,0.916666666666667,0.388888888888889
"non-survivors",0,0.583333333333333,0.805555555555556
"survivors",0.375,0.75,0.4625
"non-survivors",0,0.0909090909090909,0.96969696969697
"non-survivors",0,0.333333333333333,0.888888888888889
"non-survivors",0,0.166666666666667,0.944444444444444
"non-survivors",0,0.0833333333333333,0.972222222222222
"survivors",0,0.333333333333333,0.777777777777778
"non-survivors",0,0,0.9
"non-survivors",0,0.583333333333333,0.805555555555556
"non-survivors",0,0.25,0.916666666666667
"non-survivors",0,0.333333333333333,0.888888888888889
"survivors",1,0.916666666666667,0.138888888888889
"non-survivors",0,0.166666666666667,0.944444444444444
"non-survivors",1,0.25,0.583333333333333
"non-survivors",0.625,0.363636363636364,0.670454545454545
"survivors",0.75,0.416666666666667,0.5
"non-survivors",0.125,0.25,0.875
"non-survivors",0,0.333333333333333,0.888888888888889
"survivors",0.125,0.333333333333333,0.680555555555556
"non-survivors",0,0.25,0.916666666666667
"survivors",0,0.166666666666667,0.833333333333333
"non-survivors",0,0.25,0.916666666666667
"non-survivors",0,0.0833333333333333,0.972222222222222
"survivors",0.5,0.583333333333333,0.305555555555556
"non-survivors",1,0.666666666666667,0.444444444444444
"survivors",1,0.37037037037037,0.209876543209877
"survivors",0.5,0.666666666666667,0.388888888888889
"survivors",0,0.296296296296296,0.679012345679012
"non-survivors",0.75,0.222222222222222,0.675925925925926
"non-survivors",0.125,0.5,0.791666666666667
"non-survivors",0.25,0.833333333333333,0.638888888888889
"non-survivors",0.5,0.303030303030303,0.732323232323232
"non-survivors",0.125,0.0952380952380952,0.926587301587302
"non-survivors",0,0.5,0.833333333333333
"non-survivors",0.25,0.333333333333333,0.805555555555556
"non-survivors",1,0.25,0.583333333333333
"survivors",0.5,0.515151515151515,0.439393939393939
"non-survivors",0.375,0.583333333333333,0.680555555555556
"non-survivors",0,0,1
"survivors",0.5,0.666666666666667,0.45
"non-survivors",0.875,0.5,0.541666666666667
"non-survivors",0,0.166666666666667,0.944444444444444
"non-survivors",0,0.166666666666667,0.944444444444444
"survivors",0,0.25,0.805555555555556
"non-survivors",0,0.0833333333333333,0.972222222222222
"non-survivors",0,0.166666666666667,0.944444444444444
"survivors",0.125,0.25,0.763888888888889
"non-survivors",0,0.25,0.916666666666667
"non-survivors",0,0.5,0.833333333333333
"non-survivors",0,0.25,0.916666666666667
"non-survivors",0,0.25,0.916666666666667
"non-survivors",0,0.166666666666667,0.944444444444444
"non-survivors",0,0.166666666666667,0.944444444444444
"non-survivors",0.25,0.222222222222222,0.842592592592593
"non-survivors",0,0.166666666666667,0.944444444444444
"non-survivors",0,0.25,0.916666666666667
"survivors",0.75,0.583333333333333,0.222222222222222
"non-survivors",0.25,0,0.916666666666667
"non-survivors",0,0,1
"non-survivors",0,0.166666666666667,0.85
"non-survivors",0,0.5,0.833333333333333
"survivors",0.5,0.5,0.5
"non-survivors",0,0.333333333333333,0.888888888888889
"non-survivors",0.75,0.166666666666667,0.694444444444444
"survivors",0.5,0.575757575757576,0.419191919191919
"survivors",1,0.259259259259259,0.372222222222222
"non-survivors",0,0.0606060606060606,0.97979797979798
"non-survivors",0.125,0.5,0.7125
"non-survivors",0.125,0.416666666666667,0.819444444444444
"non-survivors",0,0.333333333333333,0.888888888888889
"non-survivors",0.25,0.333333333333333,0.805555555555556
"non-survivors",0.625,0.666666666666667,0.569444444444444
"survivors",0,0.333333333333333,0.555555555555556
"non-survivors",0,0.333333333333333,0.888888888888889
"non-survivors",1,0.916666666666667,0.361111111111111
"survivors",0.125,0.5,0.5625
"non-survivors",0.75,0.666666666666667,0.527777777777778
"non-survivors",0.875,0.166666666666667,0.652777777777778
"survivors",0.75,0.444444444444444,0.324074074074074
"survivors",0.75,0.916666666666667,0.166666666666667
"survivors",1,0.181818181818182,0.494949494949495
"survivors",0.875,0.444444444444444,0.337962962962963
"survivors",0.875,0.666666666666667,0.208333333333333
"survivors",0.75,0.583333333333333,0.25
"survivors",0.875,0.212121212121212,0.304292929292929
"survivors",0.75,0.515151515151515,0.356060606060606
"non-survivors",0.375,0.583333333333333,0.680555555555556
"survivors",1,0.666666666666667,0.111111111111111
"non-survivors",0.625,0.666666666666667,0.569444444444444
"survivors",1,0.916666666666667,0.0277777777777778
"non-survivors",0,0.25,0.916666666666667
"survivors",0.75,0.666666666666667,0.275
"survivors",0.5,0.545454545454545,0.484848484848485
"survivors",0.875,0.407407407407407,0.239197530864198
"survivors",0.625,0.272727272727273,0.534090909090909
"survivors",0.625,0.75,0.375
"non-survivors",0.375,0.333333333333333,0.763888888888889
"non-survivors",0.5,0.222222222222222,0.759259259259259
"non-survivors",0,0.25,0.916666666666667
"survivors",0.75,0.303030303030303,0.484090909090909
"survivors",0.75,0.37037037037037,0.29320987654321
"non-survivors",0.625,0.222222222222222,0.717592592592593
"survivors",0.875,0.363636363636364,0.253787878787879
"survivors",0.25,0.242424242424242,0.502525252525252
"survivors",0.625,0.515151515151515,0.342171717171717
"survivors",0.5,0.424242424242424,0.372727272727273
"non-survivors",0,0.166666666666667,0.944444444444444
"survivors",0.5,0.583333333333333,0.472222222222222
"non-survivors",0.375,0.5,0.708333333333333
"survivors",0.875,0.545454545454545,0.248737373737374
"survivors",0.75,0,0.638888888888889
"non-survivors",0,0.416666666666667,0.861111111111111
"survivors",1,0.583333333333333,0.25
"survivors",0.625,0.666666666666667,0.2125
"survivors",0.875,0.583333333333333,0.291666666666667
"survivors",0,0.5,0.611111111111111
"survivors",0.75,0.393939393939394,0.340909090909091
"survivors",0.5,0.5,0.333333333333333
"survivors",0.875,0.583333333333333,0.347222222222222
"survivors",0.75,0.37037037037037,0.29320987654321
"survivors",0.5,0.666666666666667,0.444444444444444
"survivors",0.875,0.484848484848485,0.213383838383838
"non-survivors",1,0.583333333333333,0.472222222222222
"non-survivors",0.5,0.583333333333333,0.638888888888889
"non-survivors",0,0,1
"survivors",0.875,0.416666666666667,0.236111111111111
"survivors",0.875,0.583333333333333,0.180555555555556
"non-survivors",0,0.583333333333333,0.805555555555556
"survivors",0,0.5,0.5
"survivors",1,0.583333333333333,0.138888888888889
"survivors",0.375,0.583333333333333,0.402777777777778
"survivors",0.625,0.833333333333333,0.236111111111111
"survivors",0.5,0.5,0.555555555555556
"survivors",1,0.916666666666667,0.0277777777777778
"survivors",0.75,0.222222222222222,0.398148148148148
"survivors",0.75,0.333333333333333,0.275
"survivors",1,0.666666666666667,0.111111111111111
"survivors",1,0.416666666666667,0.25
"non-survivors",0,0.416666666666667,0.861111111111111
"survivors",0.5,0.333333333333333,0.5
"survivors",0.5,0.916666666666667,0.305555555555556
"non-survivors",0.5,0.0833333333333333,0.805555555555556
"survivors",1,0.166666666666667,0.444444444444444
"survivors",0.375,0.333333333333333,0.652777777777778
"survivors",0.5,0.833333333333333,0.222222222222222
"survivors",1,0.5,0.277777777777778
"survivors",0.875,0.416666666666667,0.236111111111111
"survivors",0.875,0.583333333333333,0.347222222222222
"survivors",0.875,0.583333333333333,0.180555555555556
"non-survivors",0.5,0.333333333333333,0.722222222222222
"survivors",0.25,0.5,0.416666666666667
"survivors",0.625,0.5,0.291666666666667
"survivors",1,0.75,0.305555555555556
"survivors",0.75,0.666666666666667,0.416666666666667
"survivors",0.875,0.5,0.319444444444444
"survivors",0.75,0.484848484848485,0.310606060606061
"survivors",0.625,0,0.680555555555556
"survivors",0.5,0.666666666666667,0.45
"non-survivors",0.25,0.416666666666667,0.7
"survivors",0.625,0.583333333333333,0.4375
"non-survivors",0,NA,1
"non-survivors",0,0.5,0.833333333333333
"survivors",0.875,0.75,0.125
"non-survivors",0,0.333333333333333,0.888888888888889
"non-survivors",0.625,0.333333333333333,0.680555555555556
"non-survivors",0,NA,1
"non-survivors",0.875,0.222222222222222,0.634259259259259
"non-survivors",0,0.1,0.966666666666667
"non-survivors",0,0.111111111111111,0.962962962962963
"non-survivors",0,0.555555555555556,0.814814814814815
"non-survivors",0.875,0,0.6375
"non-survivors",0.25,0,0.916666666666667
"survivors",0.375,0.5,0.541666666666667
"survivors",0.125,0.0833333333333333,0.819444444444444
"non-survivors",0.75,0.416666666666667,0.611111111111111
"survivors",0.875,0.5,0.430555555555556
"survivors",0.25,0.666666666666667,0.361111111111111
"survivors",0.875,0.583333333333333,0.291666666666667
"survivors",1,0.363636363636364,0.267676767676768
"survivors",0.875,0.666666666666667,0.319444444444444
"survivors",0.875,0.787878787878788,0.112373737373737
"survivors",1,0.75,0.138888888888889
"survivors",1,0.333333333333333,0.388888888888889
"survivors",0,0.416666666666667,0.75
"survivors",0.5,0.416666666666667,0.583333333333333
"survivors",0,0.333333333333333,0.722222222222222
"survivors",0.875,0.666666666666667,0.208333333333333
"survivors",0.75,0.666666666666667,0.25
"survivors",1,0.424242424242424,0.303030303030303
"survivors",0.75,0.5,0.305555555555556
"survivors",1,0.151515151515152,0.44949494949495
"survivors",0.25,0.833333333333333,0.472222222222222
"survivors",0.25,0.212121212121212,0.734848484848485
"survivors",0.875,0.666666666666667,0.152777777777778
"non-survivors",0,0.25,0.916666666666667
"survivors",0.625,0.75,0.430555555555556
"survivors",1,0.272727272727273,0.218181818181818
"survivors",1,0.545454545454545,0.207070707070707
"survivors",0.5,0.5,0.444444444444444
"survivors",0.75,0.454545454545455,0.320707070707071
"survivors",0.875,0.416666666666667,0.347222222222222
"survivors",1,0.583333333333333,0.25
"survivors",0.625,0.424242424242424,0.316919191919192
"survivors",0.75,0.5,0.416666666666667
"survivors",1,0.583333333333333,0.305555555555556
"survivors",0.375,0.555555555555556,0.467592592592593
"survivors",1,0.666666666666667,0.222222222222222
"survivors",0.125,0.416666666666667,0.486111111111111
"non-survivors",0.125,0.333333333333333,0.7625
"survivors",1,0.444444444444444,0.240740740740741
"survivors",1,0.333333333333333,0.222222222222222
"non-survivors",0,0,1
"survivors",1,0.636363636363636,0.121212121212121
"survivors",0,0.75,0.416666666666667
"non-survivors",1,0.166666666666667,0.611111111111111
"survivors",0.25,0.583333333333333,0.444444444444444
"survivors",0,0.416666666666667,0.675
"survivors",0.875,0.833333333333333,0.208333333333333
"survivors",0.625,0.5,0.402777777777778
"survivors",0.625,0.606060606060606,0.256313131313131
"survivors",0.625,0.454545454545455,0.362373737373737
"survivors",0.625,0.222222222222222,0.606481481481482
"non-survivors",0.75,0.75,0.5
"survivors",1,0.545454545454545,0.373737373737374
"non-survivors",0,0.222222222222222,0.925925925925926
"non-survivors",1,0.166666666666667,0.611111111111111
"survivors",0.875,0.818181818181818,0.102272727272727
"survivors",0.375,0.5,0.486111111111111
"non-survivors",0,0.222222222222222,0.925925925925926
"non-survivors",0.5,0.333333333333333,0.722222222222222
"survivors",0.875,0.363636363636364,0.36489898989899
"survivors",0.625,0.393939393939394,0.438131313131313
"survivors",1,0.424242424242424,0.247474747474747
"survivors",1,0.583333333333333,0.138888888888889
"survivors",1,0.333333333333333,0.222222222222222
"non-survivors",0,0,1
"survivors",0.875,0.75,0.291666666666667
"non-survivors",0.375,0.583333333333333,0.680555555555556
"non-survivors",0,0.222222222222222,0.925925925925926
"non-survivors",0.875,0.111111111111111,0.671296296296296
"non-survivors",0,0.0833333333333333,0.972222222222222
"survivors",1,0.111111111111111,0.407407407407407
"non-survivors",0.375,0.416666666666667,0.736111111111111
"non-survivors",0.125,0.25,0.875
"non-survivors",0.125,0,0.958333333333333
"survivors",0.625,0.583333333333333,0.430555555555556
"non-survivors",0.5,0.5,0.666666666666667
"survivors",0.75,0.5,0.25
"survivors",0.5,0.166666666666667,0.5
"survivors",0.875,0.454545454545455,0.279040404040404
"survivors",0,0.111111111111111,0.740740740740741
"non-survivors",0,0.416666666666667,0.861111111111111
"survivors",0.375,0.666666666666667,0.541666666666667
"non-survivors",0.375,0.25,0.791666666666667
"non-survivors",0,0.0833333333333333,0.875
"survivors",0,0.555555555555556,0.648148148148148
"survivors",0,0.222222222222222,0.759259259259259
"non-survivors",0.875,0.0833333333333333,0.680555555555556
"survivors",1,0.5,0.277777777777778
"survivors",0.125,0.575757575757576,0.539772727272727
"non-survivors",0.25,0.416666666666667,0.777777777777778
"survivors",0.75,0.333333333333333,0.472222222222222
"survivors",0.5,0.363636363636364,0.601010101010101
"survivors",0.5,0.583333333333333,0.416666666666667
"survivors",1,0.833333333333333,0.277777777777778
"survivors",0.75,0.212121212121212,0.457070707070707
"survivors",0.375,0.515151515151515,0.481060606060606
"survivors",0.5,0.393939393939394,0.535353535353535
"non-survivors",0,0.333333333333333,0.888888888888889
"survivors",0.5,0.666666666666667,0.444444444444444
"survivors",0,0.5,0.611111111111111
"survivors",0,0.416666666666667,0.75
"non-survivors",1,0.121212121212121,0.626262626262626
"non-survivors",0.25,0.333333333333333,0.805555555555556
"survivors",0.875,0.333333333333333,0.263888888888889
"survivors",0.125,0.242424242424242,0.589772727272727
"survivors",1,0.833333333333333,0.1
"non-survivors",0,0.151515151515152,0.854545454545455
"survivors",0,0.333333333333333,0.722222222222222
"survivors",0.5,0.833333333333333,0.25
"survivors",0.75,0.212121212121212,0.511363636363636
"non-survivors",0.625,0.583333333333333,0.597222222222222
"non-survivors",0,0,1
"non-survivors",0.125,0.333333333333333,0.847222222222222
"survivors",0.625,0.25,0.597222222222222
"survivors",0.875,0.454545454545455,0.279040404040404
"survivors",0.875,0.757575757575758,NA
"survivors",0.625,0.606060606060606,0.478535353535354
"survivors",0,0.555555555555556,0.592592592592593
"non-survivors",0,0.333333333333333,0.888888888888889
"non-survivors",0,0.416666666666667,0.861111111111111
"survivors",0,0.416666666666667,0.638888888888889
"survivors",0.5,0.416666666666667,0.472222222222222
"non-survivors",0,0.583333333333333,0.805555555555556
"non-survivors",0,0.583333333333333,0.725
"survivors",0.625,0.583333333333333,0.319444444444444
"non-survivors",0.75,0.583333333333333,0.555555555555556
"survivors",0.875,0.181818181818182,0.369949494949495
"survivors",0.875,0.416666666666667,0.458333333333333
"survivors",0,0.583333333333333,0.527777777777778
"non-survivors",0,0.833333333333333,0.722222222222222
"survivors",0.75,0.696969696969697,0.23989898989899
"survivors",1,0.5,0.166666666666667
"survivors",0.25,0.5,0.472222222222222
"non-survivors",1,0,0.666666666666667
"survivors",0.375,0.212121212121212,0.526515151515151
"non-survivors",0,0.444444444444444,0.766666666666667
"non-survivors",0.625,0.777777777777778,0.532407407407407
"survivors",0,0.5,0.45
"survivors",0.625,0.242424242424242,0.599747474747475
"non-survivors",0,0.25,0.916666666666667
"survivors",0.875,0.181818181818182,0.536616161616162
"survivors",1,0.333333333333333,0.222222222222222
"survivors",0.625,0.416666666666667,0.430555555555556
"non-survivors",0.125,0.333333333333333,0.7625
"survivors",0.875,0.484848484848485,0.192045454545455
"non-survivors",0,0.666666666666667,0.777777777777778
"survivors",0.125,0.333333333333333,0.736111111111111
"survivors",0,0.5,0.666666666666667
"survivors",0,0.333333333333333,0.777777777777778
"survivors",0.125,0.363636363636364,0.670454545454545
"survivors",0.125,0.333333333333333,0.736111111111111
"non-survivors",0.75,0.333333333333333,0.575
"survivors",0.375,0.393939393939394,0.577020202020202
"non-survivors",0.625,0.583333333333333,0.597222222222222
"non-survivors",0.5,0.25,0.675
"survivors",0.625,0.666666666666667,0.402777777777778
"survivors",0.625,0.333333333333333,0.513888888888889
"survivors",0.375,0.363636363636364,0.531565656565657
"survivors",1,0.416666666666667,0.194444444444444
"survivors",0.5,0.888888888888889,0.314814814814815
"non-survivors",0.375,0.25,0.791666666666667
"non-survivors",0,0.75,0.75
"non-survivors",0,0.181818181818182,0.939393939393939
"non-survivors",0.625,0.583333333333333,0.597222222222222
"non-survivors",1,0.333333333333333,0.555555555555556
"survivors",0.625,0.575757575757576,0.377525252525253
"survivors",0.375,0.6,0.341666666666667
"non-survivors",0.5,0.333333333333333,0.722222222222222
"survivors",0.625,0.424242424242424,0.372474747474747
"survivors",0.375,0.454545454545455,0.501262626262626
"survivors",0.625,0.583333333333333,0.375
"non-survivors",0,0.333333333333333,0.888888888888889
"survivors",0.375,0.5,0.486111111111111
"survivors",0.375,0.208333333333333,0.583333333333333
"non-survivors",0.125,0,0.958333333333333
"survivors",0.75,0.393939393939394,0.452020202020202
"non-survivors",0.625,0.75,0.541666666666667
"survivors",1,0.5,0.166666666666667
"survivors",0.875,0.333333333333333,0.486111111111111
"survivors",0.5,0.303030303030303,0.621212121212121
"survivors",0.75,0.583333333333333,0.388888888888889
"survivors",0.5,0.5,0.444444444444444
"survivors",0,0.666666666666667,0.444444444444444
"survivors",0.625,0.181818181818182,0.508838383838384
"survivors",1,0.696969696969697,0.156565656565657
"survivors",0.875,0.5,0.1875
"survivors",1,0.5,0.222222222222222
"survivors",0.25,0.272727272727273,0.492424242424242
"survivors",0,0.25,0.694444444444444
"survivors",0.25,0.75,0.444444444444444
"non-survivors",0.75,0.75,0.5
"survivors",0.75,0.75,0.388888888888889
"survivors",1,0.583333333333333,0.25
"survivors",0,0.416666666666667,0.527777777777778
"survivors",0.625,0.303030303030303,0.412878787878788
"survivors",0.875,0.5,0.3875
"non-survivors",0,0.0606060606060606,0.97979797979798
"survivors",0.5,0.666666666666667,0.388888888888889
"survivors",1,0.242424242424242,0.308080808080808
"survivors",0.625,0.583333333333333,0.375
"survivors",1,0.5,0.166666666666667
"survivors",0,0.416666666666667,0.694444444444444
"non-survivors",0.25,0.416666666666667,0.777777777777778
"survivors",1,0.363636363636364,0.267676767676768
"non-survivors",0,0.222222222222222,0.925925925925926
"non-survivors",0.125,0.222222222222222,0.884259259259259
"survivors",0.875,0.416666666666667,0.347222222222222
"non-survivors",0.75,0.916666666666667,0.444444444444444
"non-survivors",0.375,0.166666666666667,0.819444444444444
"survivors",1,0.666666666666667,0.166666666666667
"non-survivors",0.875,0.5,0.541666666666667
"survivors",0.5,0.75,0.25
"survivors",0.875,0.696969696969697,0.142676767676768
"non-survivors",0,0.333333333333333,0.888888888888889
"survivors",0,0.555555555555556,0.633333333333333
"non-survivors",0.125,0.333333333333333,0.847222222222222
"survivors",0.375,0.333333333333333,0.652777777777778
"survivors",1,0.151515151515152,0.44949494949495
"non-survivors",0,0.166666666666667,0.944444444444444
"survivors",0.25,0.416666666666667,0.666666666666667
"survivors",0.875,0.833333333333333,0.152777777777778
"survivors",0.375,0.25,0.458333333333333
"non-survivors",0,0.333333333333333,0.888888888888889
"survivors",0.75,0.583333333333333,0.388888888888889
"survivors",0.75,0.242424242424242,0.335858585858586
"survivors",0.75,0.393939393939394,0.396464646464646
"non-survivors",0,0.333333333333333,0.888888888888889
"non-survivors",0.25,0,0.825
"survivors",0.5,0.416666666666667,0.472222222222222
"survivors",0.625,0.185185185185185,0.507716049382716
"non-survivors",1,0.444444444444444,0.466666666666667
"survivors",0.875,0.545454545454545,0.323863636363636
"survivors",1,0.242424242424242,0.474747474747475
"non-survivors",0.625,0.212121212121212,0.720959595959596
"survivors",0,0.5,0.555555555555556
"survivors",0.875,0.575757575757576,0.238636363636364
"non-survivors",0.375,0.416666666666667,0.736111111111111
"survivors",0.75,0.583333333333333,0.444444444444444
"survivors",0.125,0.416666666666667,0.486111111111111
"non-survivors",0,0.25,0.916666666666667
"survivors",0.625,0.166666666666667,0.4625
"non-survivors",0.125,0.222222222222222,0.884259259259259
"non-survivors",0.125,0.25,0.875
"non-survivors",0.875,0.75,0.4125
"non-survivors",1,0.444444444444444,0.466666666666667
"survivors",0.625,0.416666666666667,0.319444444444444
"survivors",0,0.333333333333333,0.777777777777778
"non-survivors",0,0.5,0.833333333333333
"survivors",0.875,0.583333333333333,0.3625
"non-survivors",0.5,0.222222222222222,0.759259259259259
"survivors",0.75,1,0.194444444444444
"non-survivors",0.375,0.166666666666667,0.819444444444444
"non-survivors",0,0.5,0.833333333333333
"survivors",0.875,0.444444444444444,0.404166666666667
"survivors",0,0.75,0.472222222222222
"non-survivors",0,0,1
"non-survivors",0,0.5,0.75
"survivors",0.875,0.666666666666667,0.375
"non-survivors",0.5,0.416666666666667,0.694444444444444
"survivors",0,0.333333333333333,0.777777777777778
"non-survivors",0.125,0.416666666666667,0.819444444444444
"non-survivors",0,0.166666666666667,0.944444444444444
"non-survivors",0.75,0.242424242424242,0.669191919191919
"survivors",0.625,0.454545454545455,0.417929292929293
"survivors",0,0.5,0.666666666666667
"non-survivors",0.125,0.25,0.875
"survivors",0.625,0.5,0.458333333333333
"survivors",0,0.555555555555556,0.648148148148148
"non-survivors",0.25,0.5,0.75
"survivors",0.875,0.5,0.208333333333333
"survivors",0.125,0.583333333333333,0.486111111111111
"non-survivors",0.5,0.5,0.6
"survivors",0.875,0.0833333333333333,0.569444444444444
"survivors",0.5,0.583333333333333,0.305555555555556
"survivors",0.75,0.666666666666667,0.25
"survivors",1,0.787878787878788,0.181818181818182
"survivors",0.625,0.5,0.291666666666667
"survivors",1,0.606060606060606,0.186868686868687
"survivors",1,0.545454545454545,0.318181818181818
"non-survivors",0.875,0.185185185185185,0.646604938271605
"survivors",0.625,0.5,0.458333333333333
"survivors",1,0.416666666666667,0.416666666666667
"survivors",0.75,0.5,0.25
"non-survivors",0.375,0.25,0.791666666666667
"survivors",0.875,0.5,0.430555555555556
"non-survivors",1,0.121212121212121,0.626262626262626
"survivors",1,0.393939393939394,0.202020202020202
"survivors",0.625,0.515151515151515,0.397727272727273
"survivors",1,0.242424242424242,0.227272727272727
"survivors",1,0.583333333333333,0.138888888888889
"survivors",1,0.666666666666667,0.222222222222222
"survivors",0.875,0.5,0.208333333333333
"survivors",0,0.333333333333333,0.777777777777778
"survivors",0.875,0.0833333333333333,0.513888888888889
"survivors",0.875,0.583333333333333,0.236111111111111
"survivors",0.625,0.481481481481481,0.353395061728395
"non-survivors",0.125,0.333333333333333,0.847222222222222
"survivors",0.625,0.333333333333333,0.5125
"survivors",0.125,0.166666666666667,0.625
"survivors",0.875,0.333333333333333,0.375
"non-survivors",0,0.25,0.916666666666667
"non-survivors",0,0.0833333333333333,0.972222222222222
"non-survivors",0,0.25,0.916666666666667
"non-survivors",0.625,0.166666666666667,0.736111111111111
"survivors",0.125,0.416666666666667,0.597222222222222
"non-survivors",0,0.333333333333333,0.888888888888889
"survivors",0.875,0.75,0.125
"survivors",0.125,0.916666666666667,0.375
"survivors",0.875,0.583333333333333,0.180555555555556
"non-survivors",0.25,0.333333333333333,0.725
"survivors",0.75,0.5,0.305555555555556
"non-survivors",0,0.5,0.833333333333333
"survivors",0.5,0.393939393939394,0.535353535353535
"survivors",0.25,0.416666666666667,0.666666666666667
"survivors",0.5,0.484848484848485,0.44949494949495
"non-survivors",0.25,0.5,0.75
"non-survivors",0.875,0.666666666666667,0.486111111111111
"non-survivors",0.5,0.333333333333333,0.722222222222222
"survivors",0.5,0.666666666666667,0.388888888888889
"non-survivors",0,0.0666666666666667,0.977777777777778
"survivors",0.375,0.636363636363636,0.440656565656566
"non-survivors",0.25,0.416666666666667,0.7
"survivors",0.625,0.444444444444444,0.476851851851852
"survivors",0,0.333333333333333,0.777777777777778
"non-survivors",0.125,0.133333333333333,0.913888888888889
"non-survivors",0,0.666666666666667,0.777777777777778
"non-survivors",0,0.222222222222222,0.925925925925926
"non-survivors",1,0.333333333333333,0.555555555555556
"survivors",0.5,0.583333333333333,0.416666666666667
"non-survivors",0.625,0.333333333333333,0.680555555555556
"survivors",0.25,0.393939393939394,0.563131313131313
"survivors",0.5,0.272727272727273,0.52020202020202
"survivors",0.375,0.5,0.541666666666667
"survivors",0.5,0.444444444444444,0.574074074074074
"survivors",0.5,0.777777777777778,0.216666666666667
"survivors",0.875,0.5,0.375
"survivors",1,0.333333333333333,0.277777777777778
"non-survivors",0,0.166666666666667,0.944444444444444
"survivors",0.875,0.666666666666667,0.375
"survivors",0.875,0.416666666666667,0.347222222222222
"survivors",0.125,0.333333333333333,0.625
"survivors",0.875,0.481481481481481,0.381172839506173
"survivors",0,0.416666666666667,0.75
"survivors",1,0.583333333333333,0.25
"survivors",0.875,0.666666666666667,0.319444444444444
"survivors",0.625,0.636363636363636,0.221590909090909
"survivors",0.75,0.5,0.361111111111111
"survivors",1,0.303030303030303,0.287878787878788
"survivors",1,0.5,0.333333333333333
"non-survivors",0.75,0.333333333333333,0.638888888888889
"survivors",0.75,0.583333333333333,0.277777777777778
"non-survivors",0,0.151515151515152,0.94949494949495
"non-survivors",0.625,0.333333333333333,0.680555555555556
"survivors",0.5,0.181818181818182,0.606060606060606
"survivors",1,0.5,0.277777777777778
"non-survivors",0.5,0.555555555555556,0.648148148148148
"non-survivors",0.25,0.333333333333333,0.805555555555556
"survivors",0.625,0.666666666666667,0.236111111111111
"survivors",1,0.5,0.277777777777778
"survivors",0,0.5,0.722222222222222
"non-survivors",0,0.333333333333333,0.888888888888889
"non-survivors",0.75,0.518518518518518,0.519444444444444
"non-survivors",0,0,1
"survivors",0.25,0.481481481481481,0.533950617283951
"survivors",0.75,0.5,0.361111111111111
"survivors",1,0.75,0.138888888888889
"survivors",0.875,0.5,0.375
"non-survivors",0,0.222222222222222,0.925925925925926
"survivors",0.875,0.208333333333333,0.305555555555556
"survivors",0,0.166666666666667,0.833333333333333
"survivors",0,0.484848484848485,0.671717171717172
"survivors",1,0.916666666666667,0.075
"survivors",0.625,0.166666666666667,0.625
"survivors",1,0.592592592592593,0.358024691358025
"survivors",0.5,0.666666666666667,0.333333333333333
"survivors",1,0.515151515151515,0.145454545454545
"non-survivors",0.875,0.5,0.541666666666667
"survivors",0.625,0.666666666666667,0.402777777777778
"survivors",0,0.416666666666667,0.694444444444444
"survivors",0.875,0.366666666666667,0.419444444444444
"non-survivors",0,0.416666666666667,0.775
"survivors",0,0.5,0.722222222222222
"survivors",1,0.75,0.194444444444444
"survivors",1,0.696969696969697,0.101010101010101
"survivors",1,0.666666666666667,0.111111111111111
"survivors",0.25,0.333333333333333,0.583333333333333
"survivors",0.75,0.666666666666667,0.194444444444444
"non-survivors",0,0.583333333333333,0.805555555555556
"survivors",0.875,0.416666666666667,0.347222222222222
"survivors",1,0.416666666666667,0.375
"survivors",0.625,0.555555555555556,0.439814814814815
"survivors",0.5,0.583333333333333,0.416666666666667
"non-survivors",0,0,1
"survivors",0,0.416666666666667,0.583333333333333
"survivors",0.75,0.25,0.388888888888889
"survivors",0.875,0.25,0.513888888888889
"survivors",0.5,0.5,0.444444444444444
"survivors",0.5,0.606060606060606,0.418181818181818
"survivors",0.375,0.666666666666667,0.430555555555556
"survivors",0.125,0.333333333333333,0.6625
"survivors",0.875,0.363636363636364,0.36489898989899
"survivors",0.75,0.75,0.222222222222222
"non-survivors",0,0.151515151515152,0.94949494949495
"survivors",1,0.266666666666667,0.355555555555556
"survivors",0.625,0.75,0.319444444444444
"survivors",0,0.25,0.638888888888889
"survivors",0.875,0.75,0.125
"survivors",1,0.833333333333333,0.166666666666667
"non-survivors",1,0.416666666666667,0.475
"survivors",0.875,0.242424242424242,0.516414141414141
"survivors",0.25,0.666666666666667,0.527777777777778
"survivors",0.625,0.5,0.513888888888889
"non-survivors",0.125,0.583333333333333,0.6875
"survivors",1,0.424242424242424,0.414141414141414
"survivors",0,0.5,0.666666666666667
"survivors",0.875,0.5,0.375
"survivors",1,0.5,0.333333333333333
"survivors",0.125,0.242424242424242,0.599747474747475
"non-survivors",0.375,0.222222222222222,0.800925925925926
"non-survivors",0.875,0.666666666666667,0.486111111111111
"survivors",0.625,0.75,0.263888888888889
"survivors",1,0.25,0.416666666666667
"survivors",0.75,0.583333333333333,0.444444444444444
"non-survivors",0,0.222222222222222,0.925925925925926
"survivors",1,0.75,0.0833333333333333
"survivors",0.5,0.37037037037037,0.376543209876543
"non-survivors",0.25,0.416666666666667,0.777777777777778
"non-survivors",0.375,0.666666666666667,0.652777777777778
"non-survivors",0.75,0.5,0.583333333333333
"survivors",0,0.25,0.638888888888889
"non-survivors",0.125,0.75,0.708333333333333
"non-survivors",0.375,0.416666666666667,0.736111111111111
"survivors",1,0.5,0.333333333333333
"survivors",0.5,0.5,0.388888888888889
"survivors",1,0.416666666666667,0.194444444444444
"survivors",0,0.222222222222222,0.814814814814815
"non-survivors",0.375,0.333333333333333,0.763888888888889
"non-survivors",0.25,0.333333333333333,0.725
"survivors",1,0.333333333333333,0.222222222222222
"survivors",0.875,0.545454545454545,0.248737373737374
"survivors",0.625,0.151515151515152,0.518939393939394
"survivors",0.5,0.515151515151515,0.383838383838384
"survivors",0.75,0.416666666666667,0.333333333333333
"survivors",1,0.5,0.222222222222222
"non-survivors",0,0.5,0.75
"survivors",0.875,0.333333333333333,0.319444444444444
"survivors",0.875,0.296296296296296,0.276234567901235
"survivors",1,0.424242424242424,0.191919191919192
"non-survivors",0,0.166666666666667,0.944444444444444
"non-survivors",0.125,0,0.958333333333333
"non-survivors",0,0,0.9
"survivors",0.75,0.696969696969697,0.23989898989899
"survivors",0.75,0.444444444444444,0.490740740740741
"non-survivors",0.125,0.333333333333333,0.847222222222222
"survivors",0.25,0.333333333333333,0.638888888888889
"survivors",0,0.181818181818182,0.695454545454545
"non-survivors",0,0.333333333333333,0.888888888888889
"survivors",1,0.25,0.25
"survivors",0,0.333333333333333,0.777777777777778
"survivors",0.25,0.25,0.722222222222222
"survivors",0.75,0.333333333333333,0.475
"non-survivors",0.625,0.242424242424242,0.710858585858586
"non-survivors",0.25,0.583333333333333,0.65
"survivors",0.625,0.333333333333333,0.402777777777778
"survivors",1,0.25,0.275
"non-survivors",1,0.5,0.5
"survivors",0.75,0.0833333333333333,0.611111111111111
"survivors",0.875,0.5,0.208333333333333
"non-survivors",0.75,0.151515151515152,0.69949494949495
"survivors",0.875,0.916666666666667,0.0694444444444445
"survivors",0.75,0.444444444444444,0.391666666666667
"survivors",1,0.5,0.166666666666667
"survivors",0.625,0.5,0.347222222222222
"survivors",0.75,0.515151515151515,0.244949494949495
"survivors",1,0.666666666666667,0.1
"survivors",1,0.666666666666667,0.333333333333333
"survivors",0.5,0.666666666666667,0.277777777777778
"survivors",0,0.333333333333333,0.777777777777778
"survivors",0.875,0.393939393939394,0.243686868686869
"survivors",0.625,0.5,0.402777777777778
"survivors",0.75,0.583333333333333,0.222222222222222
"survivors",1,0.37037037037037,0.209876543209877
"survivors",0.25,0.666666666666667,0.527777777777778
"non-survivors",0.625,0.333333333333333,0.680555555555556
"survivors",0,0.583333333333333,0.472222222222222
"survivors",0.125,0.185185185185185,0.729938271604938
"survivors",0,0.25,0.805555555555556
"non-survivors",0.625,0.25,0.708333333333333
"survivors",1,0.583333333333333,0.25
"non-survivors",0.375,0.166666666666667,0.819444444444444
"survivors",0.875,0.5,0.263888888888889
"non-survivors",1,0.111111111111111,0.62962962962963
"survivors",1,0.5,0.166666666666667
"survivors",0.625,0.424242424242424,0.372474747474747
"survivors",1,0.606060606060606,0.186868686868687
"survivors",0.125,0.416666666666667,0.652777777777778
"non-survivors",0.5,0.25,0.75
"survivors",0.25,0.666666666666667,0.583333333333333
"non-survivors",0,0.166666666666667,0.85
"non-survivors",0.375,0.583333333333333,0.680555555555556
"non-survivors",0.875,0.416666666666667,0.569444444444444
"survivors",0.5,0.333333333333333,0.5
"survivors",0.875,0.333333333333333,0.263888888888889
"non-survivors",0.375,0.555555555555556,0.689814814814815
"survivors",0.125,0.583333333333333,0.430555555555556
"survivors",1,0.75,0.138888888888889
"survivors",0.875,0.666666666666667,0.263888888888889
"survivors",0.875,0.5,0.263888888888889
"survivors",0.75,0.333333333333333,0.527777777777778
"survivors",0.75,0.5,0.25
"non-survivors",0.375,0.666666666666667,0.652777777777778
"survivors",1,0.583333333333333,0.25
"non-survivors",0.625,0.5,0.625
"survivors",1,0.75,0.138888888888889
"non-survivors",0.625,0.151515151515152,0.741161616161616
"survivors",0.625,0.416666666666667,0.430555555555556
"survivors",0,0.333333333333333,0.722222222222222
"non-survivors",0,0.333333333333333,0.888888888888889
"non-survivors",0.75,0.333333333333333,0.638888888888889
"non-survivors",0,0.416666666666667,0.861111111111111
"non-survivors",0,0.333333333333333,0.888888888888889
"survivors",0,0.25,0.805555555555556
"survivors",1,0.515151515151515,0.272727272727273
"non-survivors",0.75,0.5,0.583333333333333
"non-survivors",0.75,0.333333333333333,0.638888888888889
"survivors",0.5,0.5,0.555555555555556
"non-survivors",0.75,0.0666666666666667,0.727777777777778
"non-survivors",0,0.416666666666667,0.861111111111111
"survivors",0,0.333333333333333,0.555555555555556
"non-survivors",0.125,0.222222222222222,0.884259259259259
"survivors",1,0.583333333333333,0.125
"survivors",0,0.272727272727273,0.631313131313131
"survivors",0.5,0.333333333333333,0.5
"survivors",0.75,0.666666666666667,0.25
"non-survivors",1,0.5,0.5
"non-survivors",0.625,0.25,0.708333333333333
"non-survivors",0.25,0.166666666666667,0.861111111111111
"non-survivors",0,0.333333333333333,0.888888888888889
"survivors",0,0.416666666666667,0.75
"survivors",0,0.222222222222222,0.648148148148148
"non-survivors",0,0.166666666666667,0.944444444444444
"survivors",0.75,0.222222222222222,0.509259259259259
"non-survivors",0.875,0.333333333333333,0.597222222222222
"non-survivors",0,0.333333333333333,0.888888888888889
"survivors",0.75,0.583333333333333,0.222222222222222
"survivors",0.5,0.333333333333333,0.5
"survivors",0.875,0.416666666666667,0.347222222222222
"non-survivors",0,0.666666666666667,0.777777777777778
"survivors",0.875,0.583333333333333,0.291666666666667
"non-survivors",0.5,0.666666666666667,0.611111111111111
"survivors",1,0.333333333333333,0.222222222222222
"survivors",0.375,0.5,0.597222222222222
"survivors",0.75,0.272727272727273,0.492424242424242
"non-survivors",0,0.333333333333333,0.8
"survivors",0,0.25,0.75
"non-survivors",0.75,0.25,0.666666666666667
"survivors",0.5,0.555555555555556,0.333333333333333
"non-survivors",0,0.454545454545455,0.848484848484849
"non-survivors",0.125,0.25,0.875
"non-survivors",0.5,0.555555555555556,0.583333333333333
"non-survivors",0.625,0.259259259259259,0.634722222222222
"survivors",0.875,0.814814814814815,0.243055555555556
"survivors",0.25,0.166666666666667,0.638888888888889
"non-survivors",0,0.25,0.916666666666667
"survivors",0.125,0.583333333333333,0.486111111111111
"survivors",0,0.333333333333333,0.777777777777778
"survivors",0,0.222222222222222,0.733333333333333
"non-survivors",0,0.416666666666667,0.861111111111111
"survivors",0.625,0.333333333333333,0.569444444444445
"survivors",0,0.666666666666667,0.555555555555556
"survivors",0.5,0.5,0.444444444444444
"survivors",0,0.333333333333333,0.777777777777778
"survivors",0.75,0.454545454545455,0.320707070707071
"survivors",0,0.583333333333333,0.583333333333333
"survivors",0.375,0.121212121212121,0.667929292929293
"survivors",0.5,0.583333333333333,0.527777777777778
"survivors",0.75,0.444444444444444,0.268518518518519
"survivors",0.625,0.5,0.402777777777778
"survivors",1,0.583333333333333,0.125
"survivors",1,0.75,0.0833333333333333
"non-survivors",0.25,0.333333333333333,0.805555555555556
"survivors",0.625,0.5,0.402777777777778
"survivors",1,0.833333333333333,0.277777777777778
"survivors",0.875,0.393939393939394,0.219318181818182
"non-survivors",0,0.166666666666667,0.85
"survivors",0.5,0.481481481481481,0.561728395061728
"survivors",0.875,0.333333333333333,0.263888888888889
"survivors",0.75,0.583333333333333,0.388888888888889
"survivors",1,0.583333333333333,0.25
"survivors",0,0.333333333333333,0.777777777777778
"non-survivors",0.125,0.75,0.708333333333333
"non-survivors",0.375,0.75,0.625
"survivors",0,0.333333333333333,0.777777777777778
"survivors",0.625,0.666666666666667,0.291666666666667
"survivors",0.875,0.5,0.375
"survivors",0,0.416666666666667,0.638888888888889
"non-survivors",0.25,0.5,0.75
"survivors",0.375,0.5,0.375
"survivors",1,0.666666666666667,0.277777777777778
"survivors",0.25,0.363636363636364,0.684343434343434
"survivors",0.625,0.666666666666667,0.402777777777778
"non-survivors",0.125,0.25,0.875
"survivors",1,0.696969696969697,0.140909090909091
"survivors",0.625,0,0.569444444444444
"survivors",1,0.5,0.166666666666667
"non-survivors",0.125,0.25,0.875
"non-survivors",1,0.0833333333333333,0.638888888888889
"non-survivors",0.75,0.25,0.666666666666667
"survivors",0.875,0.37037037037037,0.41820987654321
"survivors",0,0.333333333333333,0.777777777777778
"non-survivors",0.125,0.222222222222222,0.884259259259259
"survivors",0.625,0.666666666666667,0.402777777777778
"survivors",0.375,0.583333333333333,0.458333333333333
"survivors",0.125,0.166666666666667,0.6625
"survivors",1,0.666666666666667,0.111111111111111
"non-survivors",0.125,0.5,0.7125
"survivors",0.5,0.5,0.5
"non-survivors",0.5,0.333333333333333,0.722222222222222
"non-survivors",0,0.25,0.916666666666667
"survivors",0.25,0.121212121212121,0.588636363636364
"survivors",0.875,0.5,0.208333333333333
"survivors",0.75,0.5,0.361111111111111
"survivors",0.375,0.75,0.4625
"non-survivors",0,0.416666666666667,0.861111111111111
"non-survivors",0,0.25,0.916666666666667
"non-survivors",0,0.333333333333333,0.888888888888889
"non-survivors",0.25,0.5,0.675
"survivors",0.625,0.416666666666667,0.486111111111111
"survivors",0.75,0.407407407407407,0.352777777777778
"non-survivors",0.125,0.0833333333333333,0.930555555555556
"non-survivors",0.875,0.222222222222222,0.634259259259259
"survivors",1,0.416666666666667,0.416666666666667
"survivors",0.625,0.5,0.347222222222222
"survivors",1,0.5,0.222222222222222
"survivors",0,0.333333333333333,0.722222222222222
"survivors",0.625,0.583333333333333,0.319444444444444
"survivors",0.875,0.75,0.180555555555556
"survivors",0,0.5,0.611111111111111
"non-survivors",0.875,0.25,0.625
"survivors",0.875,0.424242424242424,0.310227272727273
"non-survivors",0,0.666666666666667,0.777777777777778
"non-survivors",0.75,0.5,0.583333333333333
"survivors",0.75,0.583333333333333,0.3
"survivors",0.75,0.666666666666667,0.194444444444444
"non-survivors",0.625,0.25,0.708333333333333
"survivors",0.875,0.592592592592593,0.177469135802469
"survivors",0.375,0.222222222222222,0.578703703703704
"survivors",0.5,0.583333333333333,0.472222222222222
"non-survivors",0.375,0.416666666666667,0.6625
"non-survivors",0,0.5,0.833333333333333
"survivors",0.875,0.303030303030303,0.38510101010101
"survivors",0.625,0.583333333333333,0.486111111111111
"survivors",0.75,0.333333333333333,0.527777777777778
"survivors",0.625,0.75,0.319444444444444
"non-survivors",0.375,0.555555555555556,0.689814814814815
"survivors",1,0.833333333333333,0.111111111111111
"survivors",1,0.333333333333333,0.2
"non-survivors",0.75,0.333333333333333,0.638888888888889
"survivors",0.625,0.666666666666667,0.402777777777778
"survivors",0.75,0.696969696969697,0.184343434343434
"survivors",1,0.333333333333333,0.333333333333333
"non-survivors",0.25,0.333333333333333,0.805555555555556
"survivors",0.125,0.333333333333333,0.625
"survivors",0,0.25,0.805555555555556
"non-survivors",0.75,0.242424242424242,0.669191919191919
"survivors",0.5,0.416666666666667,0.583333333333333
"survivors",0.75,0.333333333333333,0.305555555555556
"survivors",0,0.666666666666667,0.5
"survivors",0.75,0.787878787878788,0.265151515151515
"non-survivors",0.375,0.333333333333333,0.763888888888889
"survivors",0,0.5,0.611111111111111
"non-survivors",0,0.166666666666667,0.944444444444444
"non-survivors",0.375,0.416666666666667,0.736111111111111
"survivors",0.875,0.259259259259259,0.510802469135803
"survivors",1,0.5,0.277777777777778
"survivors",0.375,0.5,0.597222222222222
"non-survivors",0,0.5,0.833333333333333
"survivors",1,0.666666666666667,0.1
"survivors",0,0.416666666666667,0.694444444444444
"non-survivors",0.75,0.583333333333333,0.555555555555556
"survivors",1,0.5,0.166666666666667
"survivors",0.375,0.25,0.6125
"non-survivors",0,0.5,0.833333333333333
"survivors",0,0.5,0.722222222222222
"non-survivors",0,0.25,0.916666666666667
"survivors",0,0.333333333333333,0.722222222222222
"non-survivors",0,0.5,0.833333333333333
"non-survivors",0,0.5,0.75
"survivors",0.5,0.25,0.525
"non-survivors",0.125,0.416666666666667,0.7375
"survivors",1,0.363636363636364,0.378787878787879
"survivors",0,0.583333333333333,0.527777777777778
"survivors",0.875,0.393939393939394,0.35479797979798
"non-survivors",0.75,0.416666666666667,0.611111111111111
"survivors",1,0.606060606060606,0.297979797979798
"non-survivors",0.875,0.833333333333333,0.430555555555556
"survivors",0.75,0.5,0.472222222222222
"survivors",0.125,0.416666666666667,0.708333333333333
"non-survivors",0.875,0.416666666666667,0.569444444444444
"non-survivors",0.375,0.416666666666667,0.6625
"survivors",0.625,0.666666666666667,0.402777777777778
"survivors",0.875,0.444444444444444,0.449074074074074
"survivors",0,0.416666666666667,0.583333333333333
"survivors",0.75,0.416666666666667,0.5
"survivors",0.5,0.333333333333333,0.611111111111111
"survivors",0.75,0.393939393939394,0.285353535353535
"non-survivors",0,0.166666666666667,0.944444444444444
"survivors",0.25,0.583333333333333,0.555555555555556
"survivors",1,0.583333333333333,0.361111111111111
"survivors",0.75,0.5,0.375
"survivors",0.75,0.296296296296296,0.373456790123457
"survivors",0.875,0.583333333333333,0.3125
"survivors",0.875,0.416666666666667,0.291666666666667
"survivors",1,0.545454545454545,0.373737373737374
"survivors",0.75,0.444444444444444,0.324074074074074
"survivors",0.375,0.5,0.486111111111111
"survivors",0.875,0.303030303030303,0.273989898989899
"survivors",1,0.363636363636364,0.340909090909091
"non-survivors",0.125,0.0833333333333333,0.8375
"survivors",0.625,0.583333333333333,0.375
"survivors",0.875,0.484848484848485,0.380050505050505
"survivors",0.5,0.416666666666667,0.472222222222222
"survivors",0.5,0.583333333333333,0.305555555555556
"non-survivors",0,0.416666666666667,0.861111111111111
"survivors",1,0.25,0.305555555555556
"non-survivors",0.5,0.272727272727273,0.742424242424242
"survivors",0.75,0.583333333333333,0.222222222222222
"survivors",0.625,0.208333333333333,0.611111111111111
"non-survivors",0,0.166666666666667,0.944444444444444
"survivors",0.875,0.5,0.430555555555556
"non-survivors",0.25,0.0416666666666667,0.902777777777778
"survivors",0.875,0.636363636363636,0.329545454545455
"survivors",1,0.416666666666667,0.194444444444444
"survivors",1,0.333333333333333,0.277777777777778
"non-survivors",0,0.5,0.833333333333333
"non-survivors",0.125,0.166666666666667,0.902777777777778
"survivors",0.875,0.333333333333333,0.486111111111111
"survivors",0,0.444444444444444,0.62962962962963
"survivors",0.625,0.666666666666667,0.347222222222222
"survivors",1,0.416666666666667,0.194444444444444
"survivors",0.875,0.5,0.319444444444444
"survivors",0.375,0.545454545454545,0.523863636363636
"survivors",1,0.583333333333333,0.194444444444444
"survivors",0,0.5,0.722222222222222
"survivors",0.625,0.25,0.486111111111111
"non-survivors",0,0.25,0.825
"non-survivors",0.375,0.0833333333333333,0.847222222222222
"non-survivors",0,0.151515151515152,0.94949494949495
"survivors",0.375,0.25,0.680555555555556
"survivors",0,0.416666666666667,0.694444444444444
"survivors",0.625,0.666666666666667,0.458333333333333
"survivors",0,0.416666666666667,0.527777777777778
"survivors",0.75,0.666666666666667,0.361111111111111
"non-survivors",0.25,0.166666666666667,0.861111111111111
"non-survivors",0.875,0.333333333333333,0.597222222222222
"survivors",0.625,0.666666666666667,0.402777777777778
"survivors",0.75,0.166666666666667,0.527777777777778
"survivors",0.625,0.259259259259259,0.53858024691358
"survivors",0.625,0.333333333333333,0.347222222222222
"non-survivors",0.125,0.222222222222222,0.884259259259259
"survivors",0,0.833333333333333,0.555555555555556
"survivors",0.375,0.416666666666667,0.625
"survivors",0.875,0.583333333333333,0.402777777777778
"survivors",0.125,0.583333333333333,0.486111111111111
"non-survivors",0,0.333333333333333,0.888888888888889
"survivors",0,0.333333333333333,0.777777777777778
"non-survivors",0,0.5,0.833333333333333
"non-survivors",0,0.111111111111111,0.962962962962963
"survivors",0,0.25,0.675
"survivors",0.625,0.424242424242424,0.539141414141414
"survivors",0.375,0.303030303030303,0.440656565656566
"non-survivors",0.75,0.333333333333333,0.638888888888889
"non-survivors",0,0.333333333333333,0.888888888888889
"non-survivors",0.125,0.333333333333333,0.847222222222222
"survivors",0.125,0.416666666666667,0.652777777777778
"non-survivors",1,0.666666666666667,0.444444444444444
"survivors",1,0.583333333333333,0.194444444444444
"non-survivors",0,0.5,0.833333333333333
"survivors",0.5,0.75,0.361111111111111
"survivors",0,0.333333333333333,0.777777777777778
"survivors",0.375,0.333333333333333,0.597222222222222
"survivors",1,0.75,0.0833333333333333
"non-survivors",0.25,0.333333333333333,0.725
"survivors",1,0.393939393939394,0.202020202020202
"survivors",0.75,0.25,0.333333333333333
"survivors",0.625,0.151515151515152,0.467045454545455
"non-survivors",1,0.481481481481481,0.506172839506173
"survivors",0.625,0.166666666666667,0.569444444444444
"survivors",0.75,0.5,0.375
"survivors",0.875,0.166666666666667,0.430555555555556
"non-survivors",0,0.166666666666667,0.944444444444444
"non-survivors",0.375,0.416666666666667,0.736111111111111
"non-survivors",0.875,1,0.375
"survivors",0.625,0.75,0.375
"survivors",0.875,0.606060606060606,0.228535353535354
"non-survivors",0.625,0.333333333333333,0.680555555555556
"survivors",0.5,0.121212121212121,0.570707070707071
"non-survivors",0.75,0.416666666666667,0.611111111111111
"survivors",0.375,0.416666666666667,0.3625
"non-survivors",0,0.25,0.825
"survivors",0,0.666666666666667,0.666666666666667
"non-survivors",0,0.111111111111111,0.962962962962963
"survivors",0.875,0.583333333333333,0.291666666666667
"survivors",0,0.583333333333333,0.694444444444445
"survivors",0.5,0.416666666666667,0.527777777777778
"survivors",0.875,0.37037037037037,0.41820987654321
"survivors",0,0.583333333333333,0.638888888888889
"survivors",0.75,0.5,0.472222222222222
"non-survivors",0.375,0.111111111111111,0.837962962962963
"survivors",1,0.416666666666667,0.25
"non-survivors",0.625,0.1,0.758333333333333
"non-survivors",0,0.333333333333333,0.888888888888889
"survivors",0.125,0.416666666666667,0.708333333333333
"survivors",0,0.333333333333333,0.7
"non-survivors",0.125,0.333333333333333,0.847222222222222
"survivors",1,0.333333333333333,0.222222222222222
"non-survivors",0,0.333333333333333,0.888888888888889
"survivors",0.5,0.75,0.416666666666667
"survivors",0,0.5,0.666666666666667
"survivors",0.875,0.833333333333333,0.0972222222222222
"survivors",0.625,0.333333333333333,0.402777777777778
"survivors",1,0.416666666666667,0.25
"survivors",0.875,0.37037037037037,0.251543209876543
"survivors",0.5,0.5,0.333333333333333
"survivors",1,0.5,0.333333333333333
"survivors",0.25,0.444444444444444,0.601851851851852
"non-survivors",0.375,0.583333333333333,0.680555555555556
"non-survivors",0.875,0.444444444444444,0.560185185185185
"non-survivors",0.125,0.5,0.791666666666667
"survivors",0.625,0.416666666666667,0.319444444444444
"survivors",0.5,0.366666666666667,0.544444444444444
"non-survivors",0,0.25,0.916666666666667
"survivors",0.5,0.5,0.555555555555556
"non-survivors",0,0.25,0.916666666666667
"survivors",0.25,0.484848484848485,0.477272727272727
"non-survivors",0.5,0.545454545454545,0.586363636363636
"non-survivors",0,0.166666666666667,0.944444444444444
"survivors",0.625,0.416666666666667,0.3375
"non-survivors",0,0.3,0.9
"non-survivors",0,0.25,0.825
"survivors",1,0.666666666666667,0.222222222222222
"survivors",0.375,0.433333333333333,0.508333333333333
"survivors",0.75,0.75,0.222222222222222
"non-survivors",0.375,0.393939393939394,0.669318181818182
"non-survivors",0.125,0.166666666666667,0.902777777777778
"survivors",0.75,0.5,0.275
"non-survivors",0.375,0.5,0.708333333333333
"survivors",0,0.333333333333333,0.65
"non-survivors",0.125,0.121212121212121,0.826136363636364
"non-survivors",0,0.111111111111111,0.962962962962963
"non-survivors",0.125,0.333333333333333,0.847222222222222
"non-survivors",0,0.5,0.833333333333333
"non-survivors",1,0.333333333333333,0.555555555555556
"survivors",0.625,0.545454545454545,0.298863636363636
"survivors",0.625,0.424242424242424,0.428030303030303
"non-survivors",1,0.181818181818182,0.606060606060606
"survivors",0.625,0.766666666666667,0.313888888888889
"non-survivors",1,0.888888888888889,0.37037037037037
"survivors",0.375,0.484848484848485,0.435606060606061
"non-survivors",1,0.181818181818182,0.606060606060606
"survivors",0.125,0.833333333333333,0.513888888888889
"non-survivors",0.625,0.212121212121212,0.720959595959596
"non-survivors",0.25,0.416666666666667,0.777777777777778
"non-survivors",0,0.333333333333333,0.888888888888889
"survivors",0.875,0.5,0.263888888888889
"non-survivors",0.75,0.444444444444444,0.601851851851852
"survivors",1,0.333333333333333,0.277777777777778
"non-survivors",0,0.666666666666667,0.777777777777778
"non-survivors",0.625,0.185185185185185,0.729938271604938
"non-survivors",0.25,0.181818181818182,0.856060606060606
"survivors",0,0.5,0.666666666666667
"survivors",1,0.296296296296296,0.45679012345679
"survivors",1,0.592592592592593,0.135802469135802
"non-survivors",0.5,0.5,0.666666666666667
"survivors",1,0.5,0.166666666666667
"survivors",0,0.166666666666667,0.777777777777778
"non-survivors",1,0.151515151515152,0.616161616161616
"survivors",0.625,0.583333333333333,0.2875
"survivors",0.75,0.25,0.555555555555556
"survivors",1,0.121212121212121,0.292929292929293
"survivors",0.25,0.333333333333333,0.694444444444445
"survivors",0,0.416666666666667,0.527777777777778
"non-survivors",0.5,0.5,0.666666666666667
"survivors",0.25,0.416666666666667,0.666666666666667
"survivors",0.25,0.393939393939394,0.563131313131313
"non-survivors",0,0.333333333333333,0.888888888888889
"survivors",0.75,0.25,0.388888888888889
"survivors",0.375,0.583333333333333,0.569444444444445
"survivors",0.375,0.5,0.486111111111111
"survivors",0.875,0.416666666666667,0.458333333333333
"survivors",0.25,0.5,0.527777777777778
"non-survivors",0.875,0.333333333333333,0.597222222222222
"survivors",0.875,0.333333333333333,0.263888888888889
"survivors",0.75,0.333333333333333,0.305555555555556
"survivors",0.625,0.583333333333333,0.430555555555556
"survivors",0.125,0.416666666666667,0.4875
"survivors",0.75,0.272727272727273,0.436868686868687
"survivors",0.5,0.333333333333333,0.4
"survivors",0.5,0.25,0.638888888888889
"non-survivors",0,0.5,0.833333333333333
"survivors",0.875,0.212121212121212,0.304292929292929
"survivors",0.875,0.5,0.375
"survivors",0.625,0.416666666666667,0.486111111111111
"survivors",0,0.583333333333333,0.694444444444445
"non-survivors",0.125,0.25,0.875
"survivors",0.375,0.5,0.430555555555556
"survivors",0,0.416666666666667,0.694444444444444
"survivors",0.75,0.416666666666667,0.388888888888889
"survivors",0.875,0.583333333333333,0.347222222222222
"survivors",0.875,0.5,0.375
"survivors",0.875,0.454545454545455,0.351136363636364
"non-survivors",0.375,0.166666666666667,0.819444444444444
"non-survivors",0.875,0.333333333333333,0.597222222222222
"survivors",0,0.5,0.6
"survivors",0.375,0.416666666666667,0.569444444444444
"non-survivors",0,0.212121212121212,0.929292929292929
"non-survivors",1,0.583333333333333,0.472222222222222
"survivors",0.75,0.636363636363636,0.184090909090909
"non-survivors",0,0.166666666666667,0.944444444444444
"survivors",1,0.5,0.277777777777778
"survivors",0,0.25,0.805555555555556
"non-survivors",1,0.333333333333333,0.555555555555556
"survivors",1,0.393939393939394,0.202020202020202
"survivors",0.75,0.25,0.444444444444444
"survivors",0.375,0.333333333333333,0.430555555555556
"non-survivors",0,0.416666666666667,0.775
"survivors",0,0.416666666666667,0.638888888888889
"non-survivors",0.875,0.666666666666667,0.486111111111111
"survivors",0.875,0.5,0.263888888888889
"non-survivors",0.125,0.222222222222222,0.884259259259259
"survivors",0,0.666666666666667,0.55
"survivors",0.625,0.366666666666667,0.391666666666667
"survivors",0.75,0.583333333333333,0.222222222222222
"survivors",0,0.0833333333333333,0.805555555555556
"survivors",0,0.416666666666667,0.75
"survivors",0,0.555555555555556,0.633333333333333
"survivors",0.75,0.454545454545455,0.388636363636364
"survivors",0.25,0.25,0.555555555555556
"non-survivors",0,0.333333333333333,0.888888888888889
"non-survivors",0.875,0.583333333333333,0.513888888888889
"survivors",0,0.333333333333333,0.777777777777778
"non-survivors",0,0.212121212121212,0.929292929292929
"non-survivors",0.125,0.333333333333333,0.847222222222222
"non-survivors",1,0.212121212121212,0.595959595959596
"survivors",0,0.444444444444444,0.666666666666667
"non-survivors",0,0.666666666666667,0.777777777777778
"survivors",1,0.583333333333333,0.361111111111111
"non-survivors",0.625,0.5,0.625
"survivors",0.25,0.583333333333333,0.611111111111111
"non-survivors",0.75,0.583333333333333,0.555555555555556
"survivors",0.625,0.666666666666667,0.3125
"non-survivors",0,0.333333333333333,0.888888888888889
"survivors",0.125,0.333333333333333,0.680555555555556
"survivors",0.625,0.5,0.458333333333333
"survivors",0,0.222222222222222,0.683333333333333
"survivors",0.125,0.666666666666667,0.4625
"non-survivors",0,0.212121212121212,0.929292929292929
"survivors",0.625,0.25,0.597222222222222
"survivors",1,0.333333333333333,0.444444444444444
"survivors",0.5,0.333333333333333,0.611111111111111
"non-survivors",0,0.5,0.833333333333333
"non-survivors",0.5,0.833333333333333,0.555555555555556
"survivors",0.125,0.75,0.375
"non-survivors",0.625,0.5,0.5625
"survivors",0.625,0.5,0.347222222222222
"survivors",1,0.518518518518518,0.327160493827161
"non-survivors",0,0.25,0.916666666666667
"non-survivors",0,0.181818181818182,0.939393939393939
"survivors",0,0.416666666666667,0.527777777777778
"survivors",0.25,0.454545454545455,0.654040404040404
"survivors",0.125,0.111111111111111,0.810185185185185
"non-survivors",1,0.666666666666667,0.4
"non-survivors",0.125,0.333333333333333,0.7625
"survivors",0,0.111111111111111,0.62962962962963
"non-survivors",0,0,1
"non-survivors",0.25,0.583333333333333,0.65
"survivors",0.375,0.272727272727273,0.455681818181818
"survivors",0,0.166666666666667,0.833333333333333
"survivors",0.375,0.5,0.4875
"survivors",0.25,0.5,0.575
"non-survivors",0.625,0.5,0.5625
"non-survivors",0.5,0.583333333333333,0.638888888888889
"survivors",0,0.151515151515152,0.754545454545455
"survivors",1,0.75,0.0833333333333333
"survivors",0,0.416666666666667,0.75
"non-survivors",0,0.222222222222222,0.925925925925926
"survivors",0.875,0.583333333333333,0.236111111111111
"survivors",0,0.416666666666667,0.75
"survivors",0,0.333333333333333,0.666666666666667
"survivors",0,0.5,0.611111111111111
"non-survivors",0.625,0.416666666666667,0.652777777777778
"survivors",0.75,0.212121212121212,0.512626262626263
"survivors",1,0.424242424242424,0.191919191919192
"survivors",1,0.25,0.425
"non-survivors",1,0.666666666666667,0.444444444444444
"survivors",1,0.727272727272727,0.146464646464646
"non-survivors",0,0.333333333333333,0.888888888888889
"survivors",0.125,0.242424242424242,0.710858585858586
"survivors",0.625,0.416666666666667,0.4875
"survivors",0.5,0.75,0.25
"survivors",0.5,0.333333333333333,0.444444444444444
"survivors",0.875,0.583333333333333,0.347222222222222
"non-survivors",0.875,0.5,0.4875
"non-survivors",0.625,0.454545454545455,0.576136363636364
"non-survivors",0.375,0.416666666666667,0.736111111111111
"non-survivors",0,0.416666666666667,0.861111111111111
"survivors",0.875,0,0.597222222222222
"survivors",0.75,0.393939393939394,0.340909090909091
"survivors",0.625,0.606060606060606,0.367424242424242
"non-survivors",0.125,0.222222222222222,0.795833333333333
"survivors",1,0.555555555555556,0.148148148148148
"survivors",1,0.5,0.277777777777778
"survivors",0.875,0.333333333333333,0.375
"survivors",0,0.444444444444444,0.62962962962963
"non-survivors",0.25,0.222222222222222,0.842592592592593
"survivors",0.5,0.416666666666667,0.425
"survivors",0.5,0.416666666666667,0.583333333333333
"non-survivors",0.125,0.0833333333333333,0.8375
"survivors",0.5,0.636363636363636,0.343434343434343
"survivors",0.5,0.363636363636364,0.545454545454545
"survivors",0,0.416666666666667,0.75
"survivors",0.5,0.5,0.5
"survivors",0.25,0.666666666666667,0.527777777777778
"survivors",0.5,0.484848484848485,0.505050505050505
"non-survivors",0.375,0.416666666666667,0.6625
"survivors",0.125,0.5,0.5625
"survivors",0.375,0.583333333333333,0.513888888888889
"non-survivors",0,0.333333333333333,0.888888888888889
"survivors",0.5,0.666666666666667,0.444444444444444
"survivors",0.75,0.606060606060606,0.243181818181818
"non-survivors",0.625,0.416666666666667,0.652777777777778
"non-survivors",1,0.181818181818182,0.545454545454546
"survivors",0.625,0.75,0.1875
"survivors",0.5,0.272727272727273,0.575757575757576
"non-survivors",1,0.5,0.5
"survivors",0.75,0.636363636363636,0.234090909090909
"non-survivors",0,0.416666666666667,0.861111111111111
"survivors",0,0.333333333333333,0.722222222222222
"survivors",0.375,0.484848484848485,0.602272727272727
"survivors",1,0.5,0.166666666666667
"survivors",0.625,0.333333333333333,0.458333333333333
"survivors",0.625,0.575757575757576,0.433080808080808
"survivors",1,0.666666666666667,0.222222222222222
"survivors",1,0.75,0.25
"survivors",0,0.5,0.611111111111111
"non-survivors",0.625,0.5,0.625
"survivors",0.75,0.333333333333333,0.361111111111111
"survivors",0.875,0.333333333333333,0.430555555555556
"survivors",1,0.666666666666667,0.166666666666667
"survivors",0.75,0.416666666666667,0.5
"survivors",0.875,0.833333333333333,0.0972222222222223
"survivors",0.875,0.583333333333333,0.347222222222222
"survivors",0,0.416666666666667,0.75
"non-survivors",0,0.25,0.916666666666667
"survivors",0,0.166666666666667,0.833333333333333
"non-survivors",0.875,0.166666666666667,0.652777777777778
"non-survivors",0,0.666666666666667,0.777777777777778
"survivors",0.75,0.583333333333333,0.222222222222222
"survivors",0.5,0.416666666666667,0.525
"survivors",1,0.583333333333333,0.325
"non-survivors",0.625,0.333333333333333,0.680555555555556
"survivors",1,0.416666666666667,0.305555555555556
"survivors",0,0.575757575757576,0.585858585858586
"survivors",0.875,0.25,0.513888888888889
"non-survivors",0.625,0.583333333333333,0.597222222222222
"survivors",1,0.242424242424242,0.252525252525253
"survivors",1,0.583333333333333,0.25
"non-survivors",0.75,0.583333333333333,0.555555555555556
"survivors",0.625,0.666666666666667,0.458333333333333
"survivors",0.375,0.416666666666667,0.569444444444444
"non-survivors",1,0.166666666666667,0.611111111111111
"survivors",0.875,0.75,0.291666666666667
"survivors",0.125,0.583333333333333,0.652777777777778
"non-survivors",0,0.583333333333333,0.805555555555556
"survivors",0.625,0.833333333333333,0.180555555555556
"survivors",0.875,0.424242424242424,0.289141414141414
"survivors",0.875,0.363636363636364,0.476010101010101
"survivors",0.625,0.303030303030303,0.579545454545455
"survivors",0,0.666666666666667,0.5
"survivors",0.875,0.416666666666667,0.402777777777778
"non-survivors",0,0.5,0.833333333333333
"non-survivors",0.25,0.333333333333333,0.805555555555556
"survivors",0.625,0.333333333333333,0.402777777777778
"non-survivors",0,0.333333333333333,0.888888888888889
"survivors",1,0.5,0.333333333333333
"non-survivors",0,0.25,0.916666666666667
"survivors",0,0.333333333333333,0.777777777777778
"survivors",0.875,0.5,0.208333333333333
"survivors",1,0.5,0.388888888888889
"non-survivors",0.75,0.166666666666667,0.694444444444444
"survivors",0.375,0.407407407407407,0.405864197530864
"survivors",0.625,0.75,0.208333333333333
"survivors",0.25,0.333333333333333,0.472222222222222
"survivors",0,0.5,0.666666666666667
"survivors",0,0.407407407407407,0.530864197530864
"survivors",0.5,0.666666666666667,0.444444444444444
"survivors",0.75,0.407407407407407,0.503086419753086
"survivors",0.875,0.25,0.458333333333333
"survivors",0.375,0.583333333333333,0.458333333333333
"non-survivors",0,0,1
"survivors",1,0.545454545454545,0.262626262626263
"non-survivors",0,0.416666666666667,0.861111111111111
"non-survivors",0,0.666666666666667,0.777777777777778
"survivors",0,0.666666666666667,0.611111111111111
"survivors",0.75,0.151515151515152,0.366161616161616
"non-survivors",0.5,0.583333333333333,0.638888888888889
"survivors",0.25,0.5,0.525
"non-survivors",0.125,0.25,0.7875
"non-survivors",0.625,0.583333333333333,0.5375
"survivors",0.125,0.151515151515152,0.796717171717172
"non-survivors",0.25,0.416666666666667,0.777777777777778
"survivors",1,0.666666666666667,0.166666666666667
"survivors",0.75,0.583333333333333,0.388888888888889
"survivors",0.375,0.666666666666667,0.486111111111111
"non-survivors",0.875,0.166666666666667,0.652777777777778
"survivors",0,0.75,0.472222222222222
"survivors",0.625,0.333333333333333,0.569444444444445
"survivors",1,0.416666666666667,0.25
"survivors",1,0.545454545454545,0.262626262626263
"survivors",0.875,0.5,0.319444444444444
"non-survivors",1,0.5,0.5
"survivors",0.5,0.481481481481481,0.561728395061728
"survivors",1,0.583333333333333,0.138888888888889
"non-survivors",0.5,0,0.833333333333333
"survivors",0.5,0.666666666666667,0.444444444444444
"survivors",0.625,0.416666666666667,0.3875
"non-survivors",0.75,0.5,0.583333333333333
"non-survivors",0.125,0.166666666666667,0.902777777777778
"survivors",0.875,0.416666666666667,0.458333333333333
"survivors",0.875,0.583333333333333,0.347222222222222
"survivors",0.75,0.333333333333333,0.472222222222222
"non-survivors",0,0.666666666666667,0.777777777777778
"survivors",0.75,0.583333333333333,0.444444444444444
"survivors",0.25,0.333333333333333,0.638888888888889
"non-survivors",0.25,0.484848484848485,0.755050505050505
"non-survivors",0.5,0.916666666666667,0.527777777777778
"non-survivors",0.875,0.416666666666667,0.569444444444444
"survivors",0.625,0.666666666666667,0.291666666666667
"non-survivors",0.75,0.25,0.666666666666667
"survivors",0.75,0.696969696969697,0.351010101010101
"non-survivors",1,0.5,0.5
"non-survivors",0.25,0,0.825
"survivors",1,0.583333333333333,0.225
"survivors",0.75,0.5,0.472222222222222
"survivors",0.875,0.363636363636364,0.36489898989899
"survivors",0.875,0.5,0.319444444444444
"non-survivors",0.875,0.5,0.541666666666667
"survivors",0,0.555555555555556,0.583333333333333
"survivors",0.375,0.166666666666667,0.708333333333333
"survivors",0.625,0.363636363636364,0.403409090909091
"survivors",1,0.583333333333333,0.138888888888889
"survivors",0.75,0.333333333333333,0.361111111111111
"survivors",0.5,0.444444444444444,0.518518518518518
"survivors",1,0.242424242424242,0.363636363636364
"survivors",0.625,0.416666666666667,0.430555555555556
"non-survivors",0.5,0.25,0.675
"survivors",0.75,0.303030303030303,0.426767676767677
"non-survivors",0.25,0.777777777777778,0.591666666666667
"survivors",0.5,0.416666666666667,0.583333333333333
"survivors",0,0.5,0.722222222222222
"survivors",0.875,0.25,0.513888888888889
"survivors",0.625,0.583333333333333,0.375
"survivors",0.375,0.333333333333333,0.597222222222222
"survivors",0,0.666666666666667,0.444444444444444
"survivors",0.625,0.666666666666667,0.402777777777778
"survivors",1,0.424242424242424,0.191919191919192
"non-survivors",0.875,0.222222222222222,0.634259259259259
"survivors",0.625,0.666666666666667,0.2125
"survivors",0.625,0.333333333333333,0.347222222222222
"survivors",0.875,0.583333333333333,0.2625
"survivors",0,0.333333333333333,0.555555555555556
"non-survivors",0.75,0.333333333333333,0.638888888888889
"survivors",0.25,0.266666666666667,0.661111111111111
"non-survivors",0,0.25,0.916666666666667
"survivors",0.625,0.181818181818182,0.457954545454546
"survivors",0.5,0.583333333333333,0.361111111111111
"survivors",0,0.833333333333333,0.555555555555556
"survivors",0.25,0.3,0.65
"non-survivors",0.125,0.25,0.875
"non-survivors",0.75,0.583333333333333,0.5
"survivors",0.375,0.666666666666667,0.486111111111111
"survivors",0.25,0.242424242424242,0.669191919191919
"survivors",0.75,0.333333333333333,0.305555555555556
"survivors",0.5,0.444444444444444,0.416666666666667
"survivors",0.5,0.583333333333333,0.527777777777778
"survivors",0,0.416666666666667,0.638888888888889
"survivors",0.875,0.583333333333333,0.3125
"survivors",0.125,0.666666666666667,0.569444444444444
"survivors",0.25,0.333333333333333,0.638888888888889
"survivors",0.625,0.583333333333333,0.263888888888889
"survivors",0.125,0.5,0.4125
"survivors",0.125,0.5,0.680555555555556
"survivors",0.5,0.424242424242424,0.46969696969697
"survivors",0.625,0.666666666666667,0.2625
"non-survivors",0,0.25,0.916666666666667
"survivors",0.625,0.606060606060606,0.367424242424242
"non-survivors",0,0.166666666666667,0.944444444444444
"non-survivors",0,0.166666666666667,0.944444444444444
"non-survivors",0.625,0.416666666666667,0.652777777777778
"non-survivors",0,0.25,0.825
"survivors",0.625,0,0.513888888888889
"non-survivors",0,0.416666666666667,0.861111111111111
"non-survivors",0,0.333333333333333,0.888888888888889
"non-survivors",0,0.333333333333333,0.8
"survivors",0.125,0.333333333333333,0.6625
"non-survivors",0,0.333333333333333,0.888888888888889
"non-survivors",0.5,0.5,0.6
"non-survivors",0,0.333333333333333,0.888888888888889
"non-survivors",0,0.777777777777778,0.740740740740741
"survivors",0.25,0.666666666666667,0.583333333333333
"non-survivors",0,0.25,0.916666666666667
"non-survivors",0,0.333333333333333,0.888888888888889
"non-survivors",0.125,0.166666666666667,0.902777777777778
"survivors",0,0.25,0.725
"non-survivors",0,0.166666666666667,0.944444444444444
"non-survivors",0,0.111111111111111,0.962962962962963
"non-survivors",0.375,0.333333333333333,0.763888888888889
"survivors",0,0.75,0.638888888888889
"survivors",0,0.416666666666667,0.75
"survivors",0.25,0.25,0.722222222222222
"non-survivors",0,0.166666666666667,0.944444444444444
"survivors",0.125,0.5,0.680555555555556
"non-survivors",0.125,0.777777777777778,0.699074074074074
"non-survivors",0.125,0.25,0.875
"survivors",0.5,0.333333333333333,0.555555555555556
"survivors",0.75,0.666666666666667,0.325
"non-survivors",0,0.0833333333333333,0.972222222222222
"non-survivors",0,0.333333333333333,0.888888888888889
"survivors",0.625,0.363636363636364,0.559343434343434
"non-survivors",0,0.5,0.75
"non-survivors",0,0.5,0.833333333333333
"survivors",0,0.25,0.805555555555556
"non-survivors",0,0.333333333333333,0.888888888888889
"survivors",0.5,0.416666666666667,0.472222222222222
"non-survivors",1,0.75,0.375
"non-survivors",0,0.416666666666667,0.861111111111111
"survivors",1,0.62962962962963,0.111111111111111
"non-survivors",0,0,1
"survivors",0,0.583333333333333,0.694444444444445
"non-survivors",0.25,0.416666666666667,0.777777777777778
"non-survivors",0.375,0.666666666666667,0.652777777777778
"survivors",0,0.333333333333333,0.722222222222222
"survivors",1,0.833333333333333,0.222222222222222
"survivors",0.25,0.416666666666667,0.666666666666667
"non-survivors",0,0.111111111111111,0.962962962962963
"survivors",0.375,0.222222222222222,0.689814814814815
"non-survivors",0,0.583333333333333,0.725
"non-survivors",0.625,0.333333333333333,0.680555555555556
"survivors",0.125,0.25,0.6875
"survivors",0,0.222222222222222,0.814814814814815
"non-survivors",0.375,0.181818181818182,0.814393939393939
"survivors",0.5,0.636363636363636,0.359090909090909
"non-survivors",0.125,0.5,0.791666666666667
"non-survivors",0,0.444444444444444,0.851851851851852
"non-survivors",0.125,0.121212121212121,0.826136363636364
"survivors",0.875,0.833333333333333,0.0972222222222223
"survivors",1,0.666666666666667,0.166666666666667
"non-survivors",0.75,0.416666666666667,0.611111111111111
"survivors",0.875,0.666666666666667,0.208333333333333
"survivors",0.75,0.666666666666667,0.194444444444444
"survivors",0.875,0.666666666666667,0.208333333333333
"non-survivors",0,0.25,0.916666666666667
"survivors",0.375,0.666666666666667,0.319444444444444
"survivors",0.75,0.666666666666667,0.361111111111111
"survivors",0.625,0.416666666666667,0.319444444444444
"survivors",0.5,0.666666666666667,0.277777777777778
"non-survivors",1,0.416666666666667,0.527777777777778
"survivors",0.875,0.416666666666667,0.347222222222222
"survivors",1,0.515151515151515,0.161616161616162
"survivors",1,0.583333333333333,0.305555555555556
"survivors",0.75,0.575757575757576,0.335858585858586
"survivors",0,0.166666666666667,0.833333333333333
"survivors",0.75,0.666666666666667,0.194444444444444
"non-survivors",0.75,0.212121212121212,0.679292929292929
"survivors",0.125,0.333333333333333,0.736111111111111
"survivors",0.125,0.333333333333333,0.569444444444444
"survivors",1,0.583333333333333,0.305555555555556
"survivors",0.75,0.583333333333333,0.333333333333333
"non-survivors",0.25,0.25,0.75
"survivors",0.75,0.575757575757576,0.224747474747475
"survivors",1,0.75,0.075
"survivors",1,0.583333333333333,0.361111111111111
"survivors",0.875,0.416666666666667,0.402777777777778
"non-survivors",0,0.111111111111111,0.962962962962963
"survivors",0.875,0.515151515151515,0.203282828282828
"survivors",0.875,0.75,0.180555555555556
"non-survivors",0.75,0.333333333333333,0.638888888888889
"survivors",0.75,0.666666666666667,0.25
"survivors",0.875,0.5,0.208333333333333
"survivors",1,0.303030303030303,0.287878787878788
"survivors",1,0.5,0.166666666666667
"survivors",0.125,0.583333333333333,0.597222222222222
"non-survivors",0.125,0.888888888888889,0.662037037037037
"survivors",0.75,0.393939393939394,0.356818181818182
"survivors",0.875,0.583333333333333,0.291666666666667
"survivors",0.875,0.583333333333333,0.1625
"survivors",1,0.481481481481481,0.17283950617284
"survivors",0.75,0.222222222222222,0.342592592592593
"survivors",0.875,0.333333333333333,0.375
"survivors",0.625,0.212121212121212,0.387626262626263
"survivors",0.875,0.583333333333333,0.1625
"survivors",0.375,0.416666666666667,0.513888888888889
"non-survivors",0,0.25,0.916666666666667
"survivors",0,0.416666666666667,0.694444444444444
"survivors",0.375,0.416666666666667,0.625
"survivors",0.875,0.121212121212121,0.445707070707071
"survivors",0.375,0.416666666666667,0.625
"survivors",0.75,0.5,0.305555555555556
"survivors",1,0.666666666666667,0.111111111111111
"survivors",0.75,0.333333333333333,0.472222222222222
"non-survivors",0,0.222222222222222,0.925925925925926
"survivors",0.875,0.5,0.263888888888889
"non-survivors",0.75,0.666666666666667,0.475
"survivors",0.125,0.25,0.652777777777778
"non-survivors",0,0.333333333333333,0.888888888888889
"non-survivors",0.875,0.242424242424242,0.627525252525252
"survivors",0.875,0.5,0.430555555555556
"non-survivors",0.875,0.555555555555556,0.523148148148148
"non-survivors",0,0.25,0.916666666666667
"survivors",0.375,0.5,0.597222222222222
"survivors",1,0.583333333333333,0.138888888888889
"non-survivors",0,0.333333333333333,0.888888888888889
"survivors",0.875,0.833333333333333,0.0972222222222223
"survivors",0,0.111111111111111,0.851851851851852
"non-survivors",0.5,0.5,0.666666666666667
"non-survivors",0,0.222222222222222,0.925925925925926
"non-survivors",1,0.444444444444444,0.518518518518518
"non-survivors",0.125,0.222222222222222,0.884259259259259
"survivors",0.875,0.25,0.513888888888889
"survivors",0.75,0.636363636363636,0.204545454545455
"survivors",0.75,0.333333333333333,0.361111111111111
"non-survivors",0,0.222222222222222,0.833333333333333
"non-survivors",0,0.416666666666667,0.861111111111111
"survivors",0.75,0.666666666666667,0.225
"non-survivors",0,0.333333333333333,0.8
"survivors",0.125,0.666666666666667,0.569444444444444
"non-survivors",1,0.333333333333333,0.555555555555556
"non-survivors",0,0.222222222222222,0.925925925925926
"non-survivors",0,0.666666666666667,0.777777777777778
"non-survivors",0,0,1
"non-survivors",0,0.222222222222222,0.925925925925926
"non-survivors",0,0.5,0.833333333333333
"survivors",0,0.416666666666667,0.675
"non-survivors",0,0,1
"non-survivors",0,0.166666666666667,0.85
"survivors",0.125,0.666666666666667,0.513888888888889
"non-survivors",0.25,0.333333333333333,0.805555555555556
"non-survivors",0,0.222222222222222,0.925925925925926
"survivors",0.125,0.518518518518518,0.456944444444444
"non-survivors",0.875,0.37037037037037,0.584876543209877
"non-survivors",0.375,0.5,0.708333333333333
"non-survivors",0,0,1
"non-survivors",0.875,0.242424242424242,0.564772727272727
"non-survivors",0.75,0.583333333333333,0.555555555555556
"non-survivors",0.5,0.333333333333333,0.722222222222222
"non-survivors",0.375,0.666666666666667,0.652777777777778
"non-survivors",0.5,0.666666666666667,0.55
"non-survivors",1,0.296296296296296,0.567901234567901
"non-survivors",0.125,0.333333333333333,0.847222222222222
"survivors",1,0.444444444444444,0.366666666666667
"non-survivors",0.625,0.416666666666667,0.5875
"non-survivors",0,0.25,0.916666666666667
"non-survivors",0,0.25,0.916666666666667
"non-survivors",0.5,0.333333333333333,0.722222222222222
"non-survivors",0.125,0.25,0.875
"non-survivors",0.25,0.666666666666667,0.694444444444444
"non-survivors",0,0.0833333333333333,0.972222222222222
"non-survivors",0,0.111111111111111,0.962962962962963
"survivors",1,0.592592592592593,0.222222222222222
"non-survivors",0,0.555555555555556,0.814814814814815
"non-survivors",0,0.416666666666667,0.861111111111111
"non-survivors",0.625,0.25,0.708333333333333
"survivors",0,0.416666666666667,0.75
"non-survivors",0.25,0.5,0.75
"non-survivors",0.875,1,0.3375
"non-survivors",0.125,0,0.958333333333333
"survivors",0.5,0.166666666666667,0.666666666666667
"survivors",0,0.5,0.55
"survivors",0.125,0.3,0.747222222222222
"survivors",0.375,0.466666666666667,0.552777777777778
"non-survivors",0,0.25,0.916666666666667
"survivors",0,0.333333333333333,0.777777777777778
"non-survivors",0,0.333333333333333,0.888888888888889
"non-survivors",0.875,0.333333333333333,0.597222222222222
"survivors",0.625,0.454545454545455,0.473484848484848
"non-survivors",0,0.5,0.833333333333333
"non-survivors",0.125,0.555555555555556,0.773148148148148
"survivors",0.625,0.575757575757576,0.289772727272727
"non-survivors",0.125,0.333333333333333,0.847222222222222
"non-survivors",0.5,0.222222222222222,0.683333333333333
"non-survivors",0,0.583333333333333,0.805555555555556
"non-survivors",0,0.416666666666667,0.775
"non-survivors",0,0.583333333333333,0.805555555555556
"survivors",0.75,0.633333333333333,0.185
"non-survivors",0.375,0.333333333333333,0.763888888888889
"survivors",0.625,0.606060606060606,0.256313131313131
"non-survivors",0.25,0.333333333333333,0.805555555555556
"non-survivors",0.875,0.333333333333333,0.597222222222222
"survivors",0.875,0.727272727272727,0.243686868686869
"non-survivors",0,0.333333333333333,0.888888888888889
"survivors",0.75,0.583333333333333,0.444444444444444
"survivors",0,0.333333333333333,0.666666666666667
"survivors",0,0.583333333333333,0.525
"non-survivors",0.625,NA,0.6875
"survivors",0.25,0.424242424242424,0.608585858585859
"non-survivors",0.125,0.333333333333333,0.847222222222222
"non-survivors",0.5,0.666666666666667,0.611111111111111
"non-survivors",0,0,1
"non-survivors",0.375,0.416666666666667,0.736111111111111
"non-survivors",0.625,0.555555555555556,0.606481481481482
"non-survivors",0.875,0.444444444444444,0.560185185185185
"non-survivors",0,0.5,0.75
"non-survivors",0.25,0.5,0.675
"non-survivors",0,0.583333333333333,0.805555555555556
"non-survivors",0,0.166666666666667,0.944444444444444
"non-survivors",0.25,0.75,0.6
"survivors",0,0.222222222222222,0.733333333333333
"non-survivors",0.125,0.5,0.791666666666667
"non-survivors",0.875,0.333333333333333,0.597222222222222
"non-survivors",0,0.25,0.916666666666667
"survivors",0.5,0.0909090909090909,0.636363636363636
"survivors",0.875,0.303030303030303,0.273989898989899
"non-survivors",0.125,0.166666666666667,0.902777777777778
"survivors",0.5,0.583333333333333,0.425
"non-survivors",0.25,0.555555555555556,0.731481481481482
"non-survivors",0.125,0.416666666666667,0.7375
"survivors",0.25,0.333333333333333,0.638888888888889
"non-survivors",0,0.25,0.916666666666667
"non-survivors",0.75,0.666666666666667,0.475
"non-survivors",0,0.166666666666667,0.944444444444444
"non-survivors",0.5,0.416666666666667,0.694444444444444
"non-survivors",0,0.25,0.916666666666667
"non-survivors",0.5,0.0833333333333333,0.805555555555556
"survivors",0.125,0.424242424242424,0.705808080808081
"non-survivors",0.875,0.777777777777778,0.449074074074074
"non-survivors",0,0.25,0.916666666666667
"non-survivors",0,0.5,0.833333333333333
"non-survivors",0,0.333333333333333,0.888888888888889
"non-survivors",0,0.166666666666667,0.944444444444444
"survivors",0,0.5,0.722222222222222
"survivors",0.25,0.916666666666667,0.444444444444444
"non-survivors",0.375,0.583333333333333,0.680555555555556
"non-survivors",0.125,0.5,0.7125
"non-survivors",0.5,0.424242424242424,0.691919191919192
"non-survivors",0.125,0.555555555555556,0.695833333333333
"non-survivors",0,0.583333333333333,0.805555555555556
"survivors",0.625,0.583333333333333,0.375
"non-survivors",0.875,0.222222222222222,0.634259259259259
"non-survivors",0.125,0.416666666666667,0.7375
"non-survivors",0.375,0.666666666666667,0.652777777777778
"non-survivors",0,0.333333333333333,0.888888888888889
"survivors",0.5,0.212121212121212,0.536363636363636
"survivors",0.5,0.454545454545455,0.570707070707071
"non-survivors",0,0.583333333333333,0.725
"non-survivors",0,0,0.9
"non-survivors",0,0.0833333333333333,0.972222222222222
"non-survivors",0,0.222222222222222,0.925925925925926
"non-survivors",0,0.333333333333333,0.888888888888889
"non-survivors",0.875,0.583333333333333,0.4625
"non-survivors",0.25,0.333333333333333,0.805555555555556
"non-survivors",0.375,0.555555555555556,0.620833333333333
"non-survivors",0.125,0.333333333333333,0.847222222222222
"non-survivors",0,0.222222222222222,0.925925925925926
"non-survivors",0,0.333333333333333,0.888888888888889
"non-survivors",0.125,0.5,0.791666666666667
"survivors",0.375,0.5,0.597222222222222
"survivors",0.125,0,0.847222222222222
"non-survivors",0.5,0.333333333333333,0.722222222222222
"non-survivors",0,0.416666666666667,0.861111111111111
"non-survivors",0,0.5,0.833333333333333
"non-survivors",0.125,0.444444444444444,0.810185185185185
"survivors",0.75,0.727272727272727,0.256818181818182
"non-survivors",0,0.333333333333333,0.888888888888889
"survivors",0.375,0.363636363636364,0.531565656565657
"non-survivors",0.125,0.333333333333333,0.847222222222222
"survivors",0.625,0.121212121212121,0.58459595959596
"survivors",0.75,0.636363636363636,0.315656565656566
"non-survivors",0,0.25,0.916666666666667
"non-survivors",0.875,0.333333333333333,0.5375
"survivors",0.375,0.151515151515152,0.542045454545455
"non-survivors",0.375,0.416666666666667,0.736111111111111
"non-survivors",0.5,0.222222222222222,0.683333333333333
"survivors",1,0.75,0.175
"survivors",1,0.515151515151515,0.245454545454545
"survivors",0.125,0.666666666666667,0.625
"non-survivors",0.875,0.555555555555556,0.523148148148148
"survivors",0.625,0.636363636363636,0.371590909090909
"non-survivors",0.375,0.333333333333333,0.763888888888889
"non-survivors",0,0.0833333333333333,0.972222222222222
"survivors",0.25,0.5,0.583333333333333
"survivors",0.875,0.333333333333333,0.3875
"survivors",0.875,0.454545454545455,0.301136363636364
"non-survivors",0,0.222222222222222,0.925925925925926
"survivors",0.375,0.424242424242424,0.510227272727273
"non-survivors",0,0.333333333333333,0.888888888888889
"non-survivors",0.5,0.166666666666667,0.777777777777778
"non-survivors",0.625,0.583333333333333,0.5375
"survivors",1,0.555555555555556,0.283333333333333
"survivors",0.5,0.25,0.575
"non-survivors",0.625,0.666666666666667,0.5125
"survivors",1,0.166666666666667,0.35
"survivors",0.125,0.515151515151515,0.457954545454546
"survivors",0,0.25,0.805555555555556
"survivors",0.125,0.25,0.708333333333333
"non-survivors",0,0.333333333333333,0.888888888888889
"survivors",0,0.5,0.555555555555556
"survivors",0.25,0.5,0.638888888888889
"survivors",0.25,0.25,0.722222222222222
"non-survivors",0,0.25,0.916666666666667
"non-survivors",0,0.333333333333333,0.888888888888889
"non-survivors",0.875,0.5,0.4875
"survivors",0,0.666666666666667,0.6
"non-survivors",0.25,0.25,0.833333333333333
"non-survivors",0.25,0.333333333333333,0.805555555555556
"non-survivors",0.875,0.666666666666667,0.486111111111111
"survivors",0.875,0.916666666666667,0.0625
"survivors",0,0.5,0.722222222222222
"survivors",0.25,0.416666666666667,0.666666666666667
"non-survivors",0,0.5,0.833333333333333
"survivors",0.5,0.575757575757576,0.308080808080808
"survivors",1,0.5,0.222222222222222
"survivors",0.875,0.666666666666667,0.319444444444444
"survivors",1,0.424242424242424,0.191919191919192
"non-survivors",0.125,0.166666666666667,0.902777777777778
"survivors",0.875,0.583333333333333,0.180555555555556
"survivors",0.875,0.833333333333333,0.152777777777778
"non-survivors",0,0.333333333333333,0.888888888888889
"survivors",1,0.633333333333333,0.177777777777778
"survivors",0.125,0.75,0.486111111111111
"non-survivors",0.75,0.333333333333333,0.638888888888889
"survivors",0.25,0.37037037037037,0.626543209876543
"non-survivors",0.875,0.5,0.4875
"survivors",0.875,0.75,0.236111111111111
"non-survivors",0.25,0.5,0.675
"survivors",0.375,0.222222222222222,0.620833333333333
"non-survivors",0,0.25,0.916666666666667
"non-survivors",1,0.0740740740740741,0.641975308641975
"non-survivors",0.875,0.444444444444444,0.560185185185185
"survivors",0.875,0.75,0.180555555555556
"non-survivors",0,0.333333333333333,0.888888888888889
"survivors",0.5,0.484848484848485,0.454545454545455
"non-survivors",0.5,0.5,0.666666666666667
"non-survivors",0.625,0.416666666666667,0.652777777777778
"non-survivors",1,0.333333333333333,0.555555555555556
"non-survivors",0,0.555555555555556,0.814814814814815
"non-survivors",0.125,0.333333333333333,0.847222222222222
"survivors",0.875,0.333333333333333,0.430555555555556
"survivors",0,0.166666666666667,0.6
"survivors",0.625,0.484848484848485,0.407828282828283
"non-survivors",0.625,0.333333333333333,0.680555555555556
"non-survivors",0,0.416666666666667,0.861111111111111
"non-survivors",0.75,0.333333333333333,0.638888888888889
"non-survivors",0.25,0.416666666666667,0.777777777777778
"survivors",0.75,0.416666666666667,0.333333333333333
"survivors",0.625,0.606060606060606,0.422979797979798
"survivors",0.875,0.5,0.430555555555556
"non-survivors",0.5,0.555555555555556,0.648148148148148
"survivors",0.875,0.916666666666667,0.0694444444444445
"survivors",0.875,0.555555555555556,0.24537037037037
"survivors",0.5,0.515151515151515,0.439393939393939
"survivors",0.875,0.555555555555556,0.412037037037037
"survivors",0.875,0.5,0.208333333333333
"non-survivors",0.625,0.666666666666667,0.569444444444444
"non-survivors",0.125,0.5,0.791666666666667
"survivors",0,0.272727272727273,0.575757575757576
"non-survivors",0.125,0.166666666666667,0.902777777777778
"non-survivors",0.625,0.333333333333333,0.6125
"survivors",0.125,0.424242424242424,0.705808080808081
"survivors",0.625,0.333333333333333,0.458333333333333
"non-survivors",0,0.333333333333333,0.888888888888889
"non-survivors",0,0.5,0.833333333333333
"survivors",0.75,0.515151515151515,0.244949494949495
"survivors",0.875,0.75,0.125
"survivors",0.625,0.75,0.319444444444444
"survivors",0.875,0.75,0.125
"survivors",0.875,0.303030303030303,0.38510101010101
"survivors",0.625,0.583333333333333,0.263888888888889
"survivors",0,0.416666666666667,0.75
"survivors",0.625,0.454545454545455,0.417929292929293
"survivors",0,0,0.888888888888889
"survivors",0.875,0.0833333333333333,0.569444444444444
"survivors",0,0.5,0.666666666666667
"survivors",0.875,0.416666666666667,0.458333333333333
"non-survivors",0.625,0.333333333333333,0.680555555555556
"survivors",0.5,0.757575757575758,0.322727272727273
"survivors",1,0.75,0.25
"survivors",0.875,0.545454545454545,0.193181818181818
"survivors",0.625,0.636363636363636,0.357323232323232
"survivors",0.5,0.222222222222222,0.648148148148148
"survivors",0,0.583333333333333,0.527777777777778
"survivors",0.375,0.583333333333333,0.458333333333333
"non-survivors",0.125,0.416666666666667,0.819444444444444
"non-survivors",1,0.757575757575758,0.414141414141414
"non-survivors",0,0.212121212121212,0.929292929292929
"non-survivors",0.25,0.333333333333333,0.805555555555556
"non-survivors",0,0.666666666666667,0.777777777777778
"survivors",0.875,0.75,0.125
"survivors",1,0.666666666666667,0.111111111111111
"survivors",0.625,0.545454545454545,0.332070707070707
"survivors",0.5,0.555555555555556,0.433333333333333
"survivors",0.125,0.166666666666667,0.6625
"survivors",0.75,0.296296296296296,0.373456790123457
"non-survivors",0,0.25,0.916666666666667
"survivors",0.75,0.583333333333333,0.333333333333333
"non-survivors",0.375,0.25,0.791666666666667
"non-survivors",0.75,0.5,0.583333333333333
"survivors",0.75,0.424242424242424,0.330808080808081
"non-survivors",0,0.25,0.916666666666667
"non-survivors",0.875,0.583333333333333,0.513888888888889
"survivors",0.875,0.5,0.319444444444444
"survivors",0.875,0.75,0.125
"survivors",0.75,0.777777777777778,0.37962962962963
"non-survivors",0,0.333333333333333,0.888888888888889
"survivors",0,0.555555555555556,0.703703703703704
"survivors",0.75,0.481481481481481,0.367283950617284
"survivors",0.5,0.333333333333333,0.5
"non-survivors",0.125,0.25,0.7875
"survivors",1,0.75,0.175
"non-survivors",0.125,0.333333333333333,0.847222222222222
"survivors",0.75,0.454545454545455,0.431818181818182
"survivors",0,0.583333333333333,0.638888888888889
"non-survivors",0,0.166666666666667,0.944444444444444
"survivors",0.5,0.583333333333333,0.527777777777778
"survivors",0.875,0.444444444444444,0.337962962962963
"non-survivors",0.125,0.303030303030303,0.857323232323232
"non-survivors",0.375,0.25,0.791666666666667
"survivors",0.75,0.583333333333333,0.333333333333333
"non-survivors",1,0.5,0.5
"non-survivors",0,0.0833333333333333,0.972222222222222
"survivors",0.125,0.333333333333333,0.680555555555556
"survivors",1,0.696969696969697,0.101010101010101
"non-survivors",0,0.111111111111111,0.866666666666667
"survivors",0.875,0.303030303030303,0.329545454545455
"non-survivors",0.875,0.416666666666667,0.569444444444444
"survivors",0,0.583333333333333,0.638888888888889
"non-survivors",0,0.222222222222222,0.925925925925926
"non-survivors",0,0.333333333333333,0.888888888888889
"non-survivors",0,0.416666666666667,0.861111111111111
"non-survivors",0,0.0909090909090909,0.872727272727273
"non-survivors",1,0.444444444444444,0.518518518518518
"non-survivors",0,0.222222222222222,0.925925925925926
"non-survivors",1,0.25,0.583333333333333
"non-survivors",0,0.166666666666667,0.944444444444444
"non-survivors",0,0.25,0.916666666666667
"non-survivors",0,0,1
"non-survivors",0,0.333333333333333,0.888888888888889
"non-survivors",0,0.333333333333333,0.888888888888889
"non-survivors",0,0.111111111111111,0.866666666666667
"non-survivors",0.875,0.555555555555556,0.523148148148148
"non-survivors",0.25,0.333333333333333,0.805555555555556
"non-survivors",0,0.0833333333333333,0.875
"non-survivors",0.625,0.333333333333333,0.680555555555556
"non-survivors",0,0,1
"non-survivors",0,0.333333333333333,0.888888888888889
"non-survivors",1,0.444444444444444,0.518518518518518
"non-survivors",1,0.166666666666667,0.55
"survivors",0.5,0.416666666666667,0.583333333333333
"survivors",0.5,0.333333333333333,0.611111111111111
"non-survivors",0,0.333333333333333,0.888888888888889
"non-survivors",0,0.333333333333333,0.888888888888889
"survivors",0.125,0.333333333333333,0.736111111111111
"survivors",0,0.583333333333333,0.638888888888889
"survivors",0.75,0.416666666666667,0.5
"survivors",1,0.5,0.222222222222222
"survivors",0.625,0.666666666666667,0.291666666666667
"survivors",0.875,0.75,0.291666666666667
"survivors",1,0.242424242424242,0.419191919191919
"survivors",0.875,0.75,0.180555555555556
"survivors",0,0.166666666666667,0.777777777777778
"survivors",0,0.833333333333333,0.555555555555556
"survivors",0.75,0.75,0.222222222222222
"survivors",0.125,0.333333333333333,0.625
"survivors",0.75,0.666666666666667,0.25
"survivors",0.875,0.666666666666667,0.263888888888889
"survivors",1,0.416666666666667,0.194444444444444
"survivors",0.875,0.583333333333333,0.291666666666667
"survivors",0.375,0.303030303030303,0.551767676767677
"non-survivors",0,0.166666666666667,0.944444444444444
"survivors",0,0.25,0.583333333333333
"survivors",0,0.515151515151515,0.661616161616162
"non-survivors",0.5,0.7,0.6
"survivors",0,0.333333333333333,0.777777777777778
"non-survivors",0.125,0.333333333333333,0.847222222222222
"survivors",0.875,0.242424242424242,0.294191919191919
"non-survivors",0.25,0.222222222222222,0.758333333333333
"survivors",0.5,0.666666666666667,0.444444444444444
"survivors",0.625,0.416666666666667,0.430555555555556
"survivors",0.625,0.416666666666667,0.486111111111111
"non-survivors",0,0.166666666666667,0.944444444444444
"survivors",0.875,0.5,0.319444444444444
"survivors",0,0.0833333333333333,0.861111111111111
"survivors",0.5,0.5,0.5
"survivors",0,0.25,0.694444444444444
"non-survivors",0.375,0.166666666666667,0.819444444444444
"non-survivors",0,0.111111111111111,0.962962962962963
"non-survivors",0.125,0.333333333333333,0.847222222222222
"survivors",0.75,0.75,0.222222222222222
"non-survivors",0.25,0.666666666666667,0.694444444444444
"non-survivors",0,0.333333333333333,0.888888888888889
"non-survivors",0,0.5,0.833333333333333
"survivors",0.625,0.303030303030303,0.471590909090909
"survivors",1,0.454545454545455,0.181818181818182
"non-survivors",0.125,0,0.958333333333333
"non-survivors",0.875,0.583333333333333,0.513888888888889
"non-survivors",0.875,0.5,0.541666666666667
"survivors",0.875,0.666666666666667,0.263888888888889
"survivors",0.875,0.666666666666667,0.263888888888889
"survivors",0.125,0.242424242424242,0.766414141414141
"survivors",0.75,0.333333333333333,0.472222222222222
"survivors",0.875,0.666666666666667,0.152777777777778
"survivors",0,0.416666666666667,0.75
"survivors",0.75,0.416666666666667,0.45
"survivors",1,0.444444444444444,0.166666666666667
"non-survivors",0.375,0.25,0.791666666666667
"non-survivors",0.875,0.166666666666667,0.652777777777778
"survivors",0.625,0.416666666666667,0.430555555555556
"survivors",0.125,0.25,0.763888888888889
"non-survivors",0.125,0.333333333333333,0.847222222222222
"survivors",0.875,0.5,0.319444444444444
"survivors",0.875,0.583333333333333,0.402777777777778
"survivors",0.625,0.583333333333333,0.375
"survivors",1,0.545454545454545,0.136363636363636
"non-survivors",0,0.666666666666667,0.777777777777778
"survivors",0.125,0.916666666666667,0.486111111111111
"non-survivors",0.875,0.5,0.541666666666667
"survivors",0.25,0.555555555555556,0.558333333333333
"non-survivors",0.25,0.25,0.75
"non-survivors",0.625,0.5,0.625
"survivors",0.625,0.583333333333333,0.430555555555556
"survivors",0,0.0833333333333333,0.861111111111111
"non-survivors",1,0.333333333333333,0.555555555555556
"non-survivors",0,0.037037037037037,0.888888888888889
"survivors",0.25,0.25,0.666666666666667
"non-survivors",0.125,0.583333333333333,0.763888888888889
"non-survivors",0.375,0.916666666666667,0.5125
"survivors",0.25,0.583333333333333,0.5
"survivors",0.125,0.416666666666667,0.708333333333333
"non-survivors",0,0.444444444444444,0.851851851851852
"non-survivors",0,0.333333333333333,0.8
"survivors",0,0.75,0.575
"survivors",0.25,0.416666666666667,0.6
"survivors",0.625,0.583333333333333,0.486111111111111
"non-survivors",0.5,0.166666666666667,0.7
"non-survivors",1,0.333333333333333,0.555555555555556
"non-survivors",0.25,0.333333333333333,0.805555555555556
"non-survivors",0,0.0833333333333333,0.972222222222222
"non-survivors",0.25,0.333333333333333,0.805555555555556
"non-survivors",0.375,0.583333333333333,0.680555555555556
"non-survivors",1,0.5,0.5
"non-survivors",0.75,0.25,0.666666666666667
"non-survivors",0,0.333333333333333,0.888888888888889
"non-survivors",0.375,0.25,0.791666666666667
"survivors",0.375,0.166666666666667,0.708333333333333
"survivors",0.75,0.583333333333333,0.333333333333333
"survivors",0,0.333333333333333,0.555555555555556
"survivors",0,0.333333333333333,0.777777777777778
"survivors",1,0.777777777777778,0.0740740740740741
"survivors",0,0.75,0.583333333333333
"survivors",0.25,0.75,0.5
"survivors",0.875,0.5,0.319444444444444
"survivors",0.875,0.666666666666667,0.208333333333333
"survivors",0.875,0.166666666666667,0.375
"non-survivors",0,0.444444444444444,0.851851851851852
"survivors",1,0.333333333333333,0.222222222222222
"non-survivors",0,0.166666666666667,0.944444444444444
"non-survivors",0.125,0.583333333333333,0.763888888888889
"survivors",0.875,0.545454545454545,0.359848484848485
"non-survivors",0,0.333333333333333,0.888888888888889
"survivors",0.625,0.416666666666667,0.375
"non-survivors",0,0.333333333333333,0.888888888888889
"survivors",0.125,0.25,0.6875
"survivors",0,0.233333333333333,0.811111111111111
"survivors",0.875,0.666666666666667,0.208333333333333
"survivors",0.5,0.583333333333333,0.527777777777778
"non-survivors",0,0.222222222222222,0.925925925925926
"non-survivors",0.125,0.833333333333333,0.680555555555556
"non-survivors",0.25,0.166666666666667,0.861111111111111
"survivors",0.5,0.5,0.444444444444444
"survivors",1,0.666666666666667,0.166666666666667
"survivors",0,0.583333333333333,0.583333333333333
"non-survivors",0,0.272727272727273,0.909090909090909
"survivors",0,0.416666666666667,0.675
"non-survivors",0,0.333333333333333,0.888888888888889
"survivors",0.5,0.583333333333333,0.425
"non-survivors",0,0.333333333333333,0.888888888888889
"survivors",0,0.833333333333333,0.5
"non-survivors",0,0.416666666666667,0.775
"non-survivors",0,0.416666666666667,0.861111111111111
"survivors",0.625,0.416666666666667,0.430555555555556
"survivors",1,0.555555555555556,0.314814814814815
"non-survivors",0.375,0.5,0.6375
"non-survivors",0,0,1
"non-survivors",0.375,0.583333333333333,0.6125
"survivors",0,0.363636363636364,0.690909090909091
"non-survivors",0.375,0.666666666666667,0.652777777777778
"survivors",0.25,0.75,0.388888888888889
"non-survivors",0,0.333333333333333,0.888888888888889
"survivors",0.375,0.363636363636364,0.531565656565657
"survivors",0.25,0.75,0.388888888888889
"non-survivors",0.25,0.5,0.75
"survivors",0.5,0.583333333333333,0.361111111111111
"non-survivors",0.75,0.181818181818182,0.689393939393939
"survivors",0,0.416666666666667,0.625
"non-survivors",0,0.583333333333333,0.805555555555556
"non-survivors",0.75,0.5,0.525
"survivors",0,0.166666666666667,0.611111111111111
"non-survivors",0.5,0.75,0.583333333333333
"non-survivors",0.875,0.333333333333333,0.597222222222222
"survivors",0.625,0.533333333333333,0.3525
"non-survivors",0.25,0.583333333333333,0.722222222222222
"non-survivors",0.875,0.25,0.625
"non-survivors",0,0.25,0.916666666666667
"non-survivors",0.125,0.5,0.7125
"non-survivors",0,0.222222222222222,0.925925925925926
"survivors",1,0.666666666666667,0.111111111111111
"survivors",0.875,0.5,0.319444444444444
"non-survivors",0.625,0.272727272727273,0.700757575757576
"non-survivors",1,0.416666666666667,0.527777777777778
"survivors",0,0.583333333333333,0.694444444444445
"non-survivors",0,0.166666666666667,0.944444444444444
"survivors",0.125,0.333333333333333,0.680555555555556
"non-survivors",0,0.0833333333333333,0.972222222222222
"survivors",0.625,0.583333333333333,0.486111111111111
"non-survivors",0.125,0.833333333333333,0.680555555555556
"survivors",1,0.545454545454545,0.151515151515152
"survivors",0.75,0.583333333333333,0.277777777777778
"survivors",0.875,0.583333333333333,0.236111111111111
"non-survivors",0,0.333333333333333,0.888888888888889
"non-survivors",0,0.0833333333333333,0.972222222222222
"survivors",0.75,0.583333333333333,0.3
"survivors",1,0.555555555555556,0.183333333333333
"survivors",0.625,0.916666666666667,0.1875
"non-survivors",0.875,0.333333333333333,0.597222222222222
"survivors",0.125,0.333333333333333,0.736111111111111
"survivors",0.75,0.666666666666667,0.25
"survivors",0.875,0.416666666666667,0.402777777777778
"non-survivors",0.125,0.333333333333333,0.847222222222222
"non-survivors",0,0.0833333333333333,0.972222222222222
"survivors",0,0.583333333333333,0.694444444444445
"survivors",0.125,0.583333333333333,0.597222222222222
"survivors",0.125,0.333333333333333,0.6625
"survivors",1,0.583333333333333,0.125
"non-survivors",0,0.166666666666667,0.944444444444444
"non-survivors",0.25,0.666666666666667,0.694444444444444
"non-survivors",0,0.166666666666667,0.944444444444444
"survivors",0.5,0.666666666666667,0.333333333333333
"non-survivors",0,0.583333333333333,0.805555555555556
"non-survivors",0.875,0.416666666666667,0.569444444444444
"survivors",0.125,0.75,0.541666666666667
"non-survivors",0,0.166666666666667,0.944444444444444
"survivors",0.5,0.583333333333333,0.527777777777778
"non-survivors",0,0.166666666666667,0.944444444444444
"non-survivors",0.5,0.454545454545455,0.681818181818182
"survivors",0.625,0.545454545454545,0.498737373737374
"survivors",0,0.121212121212121,0.792929292929293
"non-survivors",0,0.484848484848485,0.838383838383838
"survivors",0.625,0.666666666666667,0.2625
"non-survivors",0,0.111111111111111,0.962962962962963
"non-survivors",0.125,0.5,0.791666666666667
"non-survivors",0.75,0.515151515151515,0.520454545454546
"survivors",0,0.833333333333333,0.611111111111111
"non-survivors",0.125,0.111111111111111,0.921296296296296
"non-survivors",0.25,0.181818181818182,0.856060606060606
"survivors",0.125,0.333333333333333,0.736111111111111
"survivors",0.75,0.575757575757576,0.391414141414141
"non-survivors",0,0.666666666666667,0.777777777777778
"non-survivors",0,0.444444444444444,0.851851851851852
"survivors",0.5,0.303030303030303,0.565656565656566
"non-survivors",0.25,0.121212121212121,0.876262626262626
"non-survivors",0,0.222222222222222,0.925925925925926
"non-survivors",0.5,0.444444444444444,0.685185185185185
"non-survivors",0,0.25,0.916666666666667
"survivors",0,0.666666666666667,0.611111111111111
"non-survivors",0.625,0.166666666666667,0.736111111111111
"non-survivors",0.375,0.333333333333333,0.763888888888889
"survivors",0,0.363636363636364,0.767676767676768
"survivors",0.25,0.185185185185185,0.688271604938272
"non-survivors",0,0.555555555555556,0.814814814814815
"non-survivors",0,0.111111111111111,0.962962962962963
"non-survivors",0.25,0.222222222222222,0.842592592592593
"non-survivors",0,0.416666666666667,0.861111111111111
"non-survivors",0.125,0.5,0.7125
"survivors",0.25,0.121212121212121,0.70959595959596
"non-survivors",0.25,0.5,0.75
"non-survivors",0,0.25,0.916666666666667
"non-survivors",0.25,0.333333333333333,0.805555555555556
"non-survivors",0,0.25,0.916666666666667
"survivors",0,0.25,0.725
"non-survivors",0.5,0.5,0.666666666666667
"non-survivors",0.375,0.555555555555556,0.689814814814815
"non-survivors",0.5,0.363636363636364,0.712121212121212
"non-survivors",0.5,0.416666666666667,0.694444444444444
"non-survivors",0,0.166666666666667,0.85
"non-survivors",0,0.416666666666667,0.861111111111111
"non-survivors",1,0.666666666666667,0.4
"non-survivors",0,0.583333333333333,0.805555555555556
"non-survivors",0,0.5,0.75
"non-survivors",0.875,0.666666666666667,0.486111111111111
"non-survivors",0,0.583333333333333,0.725
"survivors",0.375,0.25,0.680555555555556
"non-survivors",0,0.25,0.916666666666667
"non-survivors",0,0.0833333333333333,0.972222222222222
"non-survivors",0.875,0.5,0.541666666666667
"non-survivors",0.125,0.333333333333333,0.847222222222222
"non-survivors",0.625,0.444444444444444,0.643518518518518
"survivors",0,0.5,0.666666666666667
"non-survivors",0.125,0.333333333333333,0.847222222222222
"survivors",0.375,0.333333333333333,0.541666666666667
"non-survivors",0.5,0.5,0.666666666666667
"survivors",0,0.148148148148148,0.672839506172839
"survivors",0.125,0.583333333333333,0.541666666666667
"non-survivors",0,0.333333333333333,0.888888888888889
"survivors",0.375,0.583333333333333,0.569444444444445
"survivors",0,0.416666666666667,0.75
"non-survivors",1,0.5,0.45
"non-survivors",0.125,0.555555555555556,0.695833333333333
"survivors",1,0.25,0.425
"non-survivors",0,0.416666666666667,0.861111111111111
"non-survivors",0.75,0,0.75
"non-survivors",0.125,0.416666666666667,0.819444444444444
"non-survivors",0.75,0.166666666666667,0.694444444444444
"non-survivors",0.75,0.111111111111111,0.641666666666667
"non-survivors",0,0.0833333333333333,0.972222222222222
"non-survivors",0,0.416666666666667,0.861111111111111
"non-survivors",0.5,0.166666666666667,0.777777777777778
"survivors",0.25,0.0909090909090909,0.775252525252525
"non-survivors",0.625,0.133333333333333,0.747222222222222
"survivors",0.125,0.583333333333333,0.652777777777778
"non-survivors",0,0.166666666666667,0.944444444444444
"survivors",0.375,0.484848484848485,0.546717171717172
"survivors",0,0.166666666666667,0.833333333333333
"non-survivors",0,0.111111111111111,0.962962962962963
"non-survivors",0.25,0.5,0.675
"survivors",0.625,0.5,0.402777777777778
"survivors",0.125,0.583333333333333,0.541666666666667
"non-survivors",0.5,0.333333333333333,0.722222222222222
"survivors",0.5,0.212121212121212,0.651515151515151
"survivors",0,0.5,0.722222222222222
"survivors",1,0.333333333333333,0.4
"survivors",0.25,0.333333333333333,0.694444444444445
"non-survivors",0,0.25,0.916666666666667
"non-survivors",0,0.222222222222222,0.925925925925926
"non-survivors",0,0.111111111111111,0.866666666666667
"non-survivors",0,0.333333333333333,0.888888888888889
"survivors",0.5,0.583333333333333,0.416666666666667
"survivors",0,0.5,0.722222222222222
"non-survivors",0.125,0.25,0.875
"survivors",0.25,0.181818181818182,0.689393939393939
"non-survivors",0.625,0.181818181818182,0.731060606060606
"non-survivors",0.75,0.916666666666667,0.444444444444444
"non-survivors",0,0.25,0.916666666666667
"survivors",0,0.0833333333333333,0.861111111111111
"survivors",0.375,0.272727272727273,0.617424242424242
"non-survivors",0,0.166666666666667,0.944444444444444
"survivors",0.375,0.5,0.430555555555556
"non-survivors",0.25,0.333333333333333,0.725
"non-survivors",0.375,0.666666666666667,0.652777777777778
"survivors",0.125,0.0833333333333333,0.819444444444444
"survivors",0.75,0.303030303030303,0.384090909090909
"survivors",0.125,0.25,0.708333333333333
"non-survivors",0,0,1
"non-survivors",0,0.416666666666667,0.861111111111111
"non-survivors",0,0,0.9
"survivors",0,0.333333333333333,0.777777777777778
"non-survivors",0.5,0.416666666666667,0.694444444444444
"non-survivors",0.375,0.583333333333333,0.680555555555556
"survivors",0.75,0.75,0.333333333333333
"non-survivors",0,0.333333333333333,0.888888888888889
"non-survivors",0,0.333333333333333,0.888888888888889
"non-survivors",0.125,0.222222222222222,0.884259259259259
"non-survivors",0,0.25,0.916666666666667
"non-survivors",0.875,0.5,0.541666666666667
"non-survivors",0,0.333333333333333,0.888888888888889
"survivors",0.375,0.5,0.5375
"survivors",0.375,0.5,0.541666666666667
"survivors",0.875,0.666666666666667,0.152777777777778
"survivors",1,0.636363636363636,0.287878787878788
"non-survivors",0,0.5,0.833333333333333
"non-survivors",0.75,0.25,0.666666666666667
"survivors",0.25,0.583333333333333,0.555555555555556
"non-survivors",0,0.25,0.916666666666667
"non-survivors",0,0.166666666666667,0.944444444444444
"survivors",0.75,0.666666666666667,0.361111111111111
"non-survivors",0,0.5,0.833333333333333
"non-survivors",0.125,0.333333333333333,0.7625
"survivors",1,0.606060606060606,0.297979797979798
"survivors",0,0.583333333333333,0.638888888888889
"non-survivors",0,0.25,0.916666666666667
"survivors",0,0.583333333333333,0.694444444444445
"survivors",0.375,0.5,0.541666666666667
"survivors",0.125,0.583333333333333,0.597222222222222
"non-survivors",0.5,0.111111111111111,0.796296296296296
"survivors",0,0.5,0.666666666666667
"non-survivors",0,0.333333333333333,0.888888888888889
"survivors",1,0.636363636363636,0.232323232323232
"survivors",0.75,0.583333333333333,0.35
"survivors",1,0.583333333333333,0.138888888888889
"non-survivors",0.125,0.416666666666667,0.819444444444444
"survivors",0.375,0.5,0.4375
"survivors",1,0.333333333333333,0.222222222222222
"non-survivors",0,0.333333333333333,0.888888888888889
"survivors",1,0.166666666666667,0.5
"survivors",0.875,0.583333333333333,0.3625
"survivors",0.625,0.515151515151515,0.286616161616162
"survivors",1,0.407407407407407,0.364197530864198
"survivors",1,0.166666666666667,0.4
"survivors",0,0.666666666666667,0.555555555555556
"survivors",0.875,0.666666666666667,0.1375
"survivors",0.875,0.666666666666667,0.152777777777778
"survivors",0.625,0.5,0.402777777777778
"survivors",0,0.5,0.65
"non-survivors",0,0.444444444444444,0.851851851851852
"non-survivors",0,0.333333333333333,0.888888888888889
"non-survivors",0,0.333333333333333,0.888888888888889
"survivors",1,0.166666666666667,0.4
"non-survivors",0,0.25,0.916666666666667
"non-survivors",0.625,0.333333333333333,0.6125
"non-survivors",0,0.166666666666667,0.944444444444444
"non-survivors",0.125,0.5,0.791666666666667
"survivors",0,0.5,0.722222222222222
"non-survivors",0.625,0.416666666666667,0.652777777777778
"non-survivors",0,0.222222222222222,0.925925925925926
"non-survivors",0,0.583333333333333,0.725
"survivors",0.875,0.75,0.125
"survivors",0.875,0.222222222222222,0.356481481481481
"non-survivors",0,0,1
"non-survivors",0,0.416666666666667,0.775
"non-survivors",0.375,0.583333333333333,0.680555555555556
"survivors",0.375,0.555555555555556,0.578703703703704
"survivors",0.5,0.833333333333333,0.333333333333333
"non-survivors",0.875,0.25,0.625
"survivors",0.375,0.484848484848485,0.492045454545455
"survivors",0.875,0.583333333333333,0.402777777777778
"non-survivors",0.25,0.5,0.75
"survivors",1,0.333333333333333,0.3
"survivors",0.875,0.9,0.0675
"non-survivors",0,0.166666666666667,0.944444444444444
"survivors",0.75,0.583333333333333,0.388888888888889
"survivors",0.875,0.583333333333333,0.236111111111111
"survivors",0.5,0.333333333333333,0.55
"non-survivors",0,0.151515151515152,0.94949494949495
"non-survivors",0.875,0.583333333333333,0.513888888888889
"non-survivors",0.875,0.333333333333333,0.597222222222222
"non-survivors",0,0,0.9
"survivors",1,0.416666666666667,0.325
"survivors",1,0.75,0.194444444444444
"survivors",0.25,0.166666666666667,0.75
"survivors",0,0.272727272727273,0.742424242424242
"survivors",0,0.416666666666667,0.638888888888889
"non-survivors",0,0.25,0.916666666666667
"survivors",0.875,0.5,0.263888888888889
"survivors",0.25,0.416666666666667,0.611111111111111
"survivors",0.875,0.583333333333333,0.180555555555556
"non-survivors",0,0.166666666666667,0.944444444444444
"non-survivors",0.875,0.25,0.625
"survivors",0.625,0.833333333333333,0.180555555555556
"non-survivors",0,0.333333333333333,0.8
"non-survivors",0,0.583333333333333,0.805555555555556
"survivors",0.125,0.166666666666667,0.791666666666667
"non-survivors",0.125,0.25,0.875
"non-survivors",1,0.333333333333333,0.555555555555556
"non-survivors",0,0.583333333333333,0.805555555555556
"survivors",0.875,0.416666666666667,0.3125
"survivors",0.875,0.75,0.1625
"non-survivors",0.375,0.333333333333333,0.6875
"survivors",0.875,0.583333333333333,0.291666666666667
"non-survivors",0.125,0.416666666666667,0.819444444444444
"survivors",0.75,0.5,0.375
"non-survivors",0,0.25,0.825
"non-survivors",0,0.333333333333333,0.888888888888889
"non-survivors",0.125,0.333333333333333,0.847222222222222
"survivors",0.875,0.583333333333333,0.291666666666667
"survivors",0.875,0.416666666666667,0.4125
"non-survivors",0,0.5,0.833333333333333
"non-survivors",0,0.222222222222222,0.925925925925926
"non-survivors",0,0.166666666666667,0.944444444444444
"non-survivors",0,0.0833333333333333,0.972222222222222
"non-survivors",0.25,0.333333333333333,0.805555555555556
"survivors",0.375,0.333333333333333,0.652777777777778
"survivors",1,0.444444444444444,0.166666666666667
"non-survivors",0.75,0.333333333333333,0.638888888888889
"non-survivors",0.875,0.166666666666667,0.652777777777778
"non-survivors",0.375,0.25,0.7125
"non-survivors",0.25,0.416666666666667,0.777777777777778
"non-survivors",0,0.25,0.916666666666667
"non-survivors",0.25,0.166666666666667,0.861111111111111
"survivors",1,0.5,0.166666666666667
"non-survivors",0,0.333333333333333,0.888888888888889
"survivors",0.75,0.583333333333333,0.444444444444444
"survivors",0.75,0.5,0.225
"survivors",1,0.416666666666667,0.305555555555556
"survivors",0,0.25,0.638888888888889
"non-survivors",0,0.5,0.833333333333333
"survivors",0.125,0.666666666666667,0.513888888888889
"survivors",1,0.583333333333333,0.25
"survivors",0.75,0.272727272727273,0.493181818181818
"non-survivors",1,0.25,0.583333333333333
"survivors",0.375,0.333333333333333,0.652777777777778
"survivors",0.125,0,0.7125
"survivors",1,0.5,0.166666666666667
"non-survivors",0,0.583333333333333,0.805555555555556
"non-survivors",0.375,0.333333333333333,0.763888888888889
"survivors",0.75,0.303030303030303,0.434090909090909
"non-survivors",1,0.333333333333333,0.5
"non-survivors",0.625,0.416666666666667,0.5875
"non-survivors",0,0.222222222222222,0.925925925925926
"survivors",1,0.416666666666667,0.275
"non-survivors",0.625,0.416666666666667,0.652777777777778
"survivors",1,0.583333333333333,0.125
"survivors",0.75,0.333333333333333,0.275
"survivors",0,0.0606060606060606,0.868686868686869
"non-survivors",0.625,0.5,0.625
"non-survivors",0.25,0.583333333333333,0.722222222222222
"survivors",0.5,0.5,0.333333333333333
"non-survivors",0,0.25,0.916666666666667
"non-survivors",0,0.25,0.916666666666667
"non-survivors",0.25,0.583333333333333,0.722222222222222
"non-survivors",0,0.333333333333333,0.8
"survivors",0,0.666666666666667,0.6
"non-survivors",0.25,0.121212121212121,0.876262626262626
"survivors",0.5,0.37037037037037,0.54320987654321
"survivors",0.75,0.5,0.375
"non-survivors",0.25,0.5,0.675
"non-survivors",0,0.166666666666667,0.944444444444444
"non-survivors",0,0.111111111111111,0.962962962962963
"non-survivors",1,1,0.333333333333333
"non-survivors",0,0.25,0.916666666666667
"non-survivors",0,0.222222222222222,0.925925925925926
"survivors",1,0.5,0.388888888888889
"survivors",0.875,0.424242424242424,0.400252525252525
"non-survivors",0.125,0.25,0.875
"survivors",0.375,0.25,0.625
"non-survivors",0,0.0833333333333333,0.972222222222222
"survivors",1,0.333333333333333,0.35
"non-survivors",0,0,1
"non-survivors",0.5,0.5,0.6
"non-survivors",0.625,0.666666666666667,0.569444444444444
"non-survivors",0.375,0.333333333333333,0.763888888888889
"non-survivors",0.25,0.363636363636364,0.715909090909091
"non-survivors",0,0.333333333333333,0.888888888888889
"survivors",1,0.416666666666667,0.375
"non-survivors",0.25,0.416666666666667,0.777777777777778
"non-survivors",0,0.166666666666667,0.944444444444444
"survivors",0,0.583333333333333,0.575
"non-survivors",0,0.111111111111111,0.962962962962963
"survivors",0.125,0.416666666666667,0.708333333333333
"non-survivors",0,0.25,0.916666666666667
"non-survivors",0,0.5,0.833333333333333
"non-survivors",0,0.666666666666667,0.777777777777778
"non-survivors",0.75,0.111111111111111,0.712962962962963
"survivors",0.375,0.583333333333333,0.513888888888889
"non-survivors",0.25,0.416666666666667,0.777777777777778
"non-survivors",0.625,0.333333333333333,0.680555555555556
"non-survivors",0.75,0.444444444444444,0.601851851851852
"non-survivors",0,0.5,0.75
"non-survivors",0,0.583333333333333,0.725
"survivors",1,0.416666666666667,0.416666666666667
"non-survivors",0,0.333333333333333,0.888888888888889
"non-survivors",0.125,0.5,0.791666666666667
"non-survivors",0.625,0.333333333333333,0.6125
"survivors",0,0.583333333333333,0.527777777777778
"survivors",0,0,0.888888888888889
"survivors",1,0.484848484848485,0.227272727272727
"survivors",1,0.416666666666667,0.325
"survivors",1,0.727272727272727,0.0909090909090909
"survivors",0,0.222222222222222,0.814814814814815
"non-survivors",0.625,0.166666666666667,0.736111111111111
"survivors",0.875,0.416666666666667,0.458333333333333
"survivors",1,0.833333333333333,0.0555555555555556
"survivors",0.75,0.666666666666667,0.25
"survivors",1,0.583333333333333,0.138888888888889
"non-survivors",0,0.5,0.833333333333333
"survivors",1,0.424242424242424,0.372727272727273
"survivors",0.875,0.666666666666667,0.319444444444444
"survivors",0.125,0.583333333333333,0.430555555555556
"survivors",1,0.666666666666667,0.1
"survivors",1,0.5,0.277777777777778
"survivors",1,0.444444444444444,0.185185185185185
"survivors",0.875,0.5,0.3375
"survivors",0.125,0.166666666666667,0.625
"non-survivors",0.875,0.5,0.4875
"survivors",0.875,0.5,0.2875
"survivors",0.625,0.5,0.402777777777778
"survivors",0.875,0.583333333333333,0.1625
"non-survivors",0.875,0.416666666666667,0.5125
"survivors",0.875,0.666666666666667,0.375
"survivors",1,0.5,0.166666666666667
"survivors",0.75,0.583333333333333,0.333333333333333
"survivors",1,0.5,0.35
"survivors",0.75,0.25,0.333333333333333
"survivors",0,0.555555555555556,0.483333333333333
"survivors",1,0.583333333333333,0.138888888888889
"survivors",0.5,0.416666666666667,0.472222222222222
"non-survivors",0.875,0.333333333333333,0.597222222222222
"survivors",0,0.727272727272727,0.424242424242424
"survivors",1,0.5,0.333333333333333
"survivors",0.875,0.416666666666667,0.2625
"survivors",1,0.583333333333333,0.138888888888889
"survivors",0,0.5,0.722222222222222
"survivors",1,0.25,0.416666666666667
"non-survivors",0.75,0.666666666666667,0.527777777777778
"survivors",0.375,0.833333333333333,0.319444444444444
"non-survivors",0,0.888888888888889,0.703703703703704
"survivors",0.875,0.666666666666667,0.2375
"survivors",1,0.0833333333333333,0.475
"survivors",0.125,0.25,0.708333333333333
"survivors",0,0.416666666666667,0.527777777777778
"non-survivors",0.375,0.333333333333333,0.763888888888889
"survivors",1,0.5,0.25
"non-survivors",0,0.242424242424242,0.919191919191919
"non-survivors",0.375,0.25,0.7125
"survivors",0.875,0.5,0.430555555555556
"survivors",0,0.25,0.75
"survivors",0.75,0.333333333333333,0.275
"non-survivors",1,0.5,0.45
"survivors",1,0.416666666666667,0.175
"non-survivors",0.125,0.333333333333333,0.847222222222222
"non-survivors",0,0.5,0.833333333333333
"survivors",0.375,0.166666666666667,0.5875
"survivors",1,0.5,0.222222222222222
"non-survivors",0,0.333333333333333,0.888888888888889
"survivors",0.875,0.666666666666667,0.208333333333333
"non-survivors",0,0.166666666666667,0.85
"survivors",0.875,0.583333333333333,0.1625
"survivors",1,0.5,0.166666666666667
"survivors",0.5,0.666666666666667,0.333333333333333
"survivors",1,0.416666666666667,0.194444444444444
"non-survivors",0,0.111111111111111,0.962962962962963
"non-survivors",0,0.166666666666667,0.944444444444444
"non-survivors",0,0.333333333333333,0.888888888888889
"survivors",0.875,0.25,0.2625
"survivors",1,0.393939393939394,0.257575757575758
"survivors",0.875,0.5,0.2875
"survivors",1,0.666666666666667,0.277777777777778
"non-survivors",0,0.5,0.833333333333333
"non-survivors",0.125,0.666666666666667,0.6625
"survivors",0.875,0.583333333333333,0.2125
"survivors",0.75,0.666666666666667,0.361111111111111
"non-survivors",0,0.25,0.825
"non-survivors",0.25,0.583333333333333,0.722222222222222
"survivors",1,0.444444444444444,0.166666666666667
"survivors",0.25,0.212121212121212,0.568181818181818
"non-survivors",0,0.5,0.833333333333333
"survivors",0.5,0.666666666666667,0.444444444444444
"non-survivors",0,0.916666666666667,0.625
"survivors",0.625,1,0.1625
"non-survivors",0,0.333333333333333,0.888888888888889
"non-survivors",0,0.25,0.916666666666667
"survivors",0.875,0.416666666666667,0.4125
"non-survivors",0.625,0.25,0.708333333333333
"survivors",1,0.583333333333333,0.225
"survivors",0,0.75,0.638888888888889
"non-survivors",0,0,1
"non-survivors",0,0.222222222222222,0.925925925925926
"non-survivors",0,0.25,0.916666666666667
"non-survivors",0,0.166666666666667,0.944444444444444
"survivors",0.125,0.272727272727273,0.64520202020202
"survivors",1,0.583333333333333,0.194444444444444
"non-survivors",0,0.333333333333333,0.888888888888889
"non-survivors",0,0.5,0.833333333333333
"non-survivors",0,0.777777777777778,0.740740740740741
"non-survivors",1,0.5,0.5
"non-survivors",0.375,0.333333333333333,0.763888888888889
"survivors",0.75,0.333333333333333,0.527777777777778
"non-survivors",0,0.25,0.916666666666667
"non-survivors",0,0.166666666666667,0.944444444444444
"non-survivors",0,0.25,0.916666666666667
"non-survivors",0,0.166666666666667,0.944444444444444
"non-survivors",0,0.166666666666667,0.944444444444444
"survivors",0.375,0.833333333333333,0.430555555555556
"non-survivors",0.375,0.333333333333333,0.763888888888889
"survivors",0.25,0.333333333333333,0.694444444444445
"non-survivors",1,0.5,0.5
"survivors",0.375,0.181818181818182,0.703282828282828
"non-survivors",0.25,0.333333333333333,0.805555555555556
"survivors",0.375,0.333333333333333,0.652777777777778
"non-survivors",0.875,0.444444444444444,0.560185185185185
"non-survivors",0,0.333333333333333,0.888888888888889
"non-survivors",0.375,0.333333333333333,0.763888888888889
"survivors",0.375,0.181818181818182,0.582954545454546
"non-survivors",0.75,0.444444444444444,0.601851851851852
"non-survivors",0.625,0.444444444444444,0.643518518518518
"non-survivors",0.25,0.444444444444444,0.768518518518518
"survivors",0.375,0.303030303030303,0.662878787878788
"survivors",0,0.416666666666667,0.75
"non-survivors",0.125,0.222222222222222,0.795833333333333
"non-survivors",0.625,0.222222222222222,0.717592592592593
"non-survivors",0.75,0.444444444444444,0.601851851851852
"non-survivors",0,0.333333333333333,0.888888888888889
"non-survivors",0.125,0.25,0.875
"survivors",0.5,0.416666666666667,0.527777777777778
"non-survivors",0,0.166666666666667,0.944444444444444
"non-survivors",0.125,0.416666666666667,0.819444444444444
"non-survivors",0.125,0.333333333333333,0.7625
"non-survivors",0,0.111111111111111,0.962962962962963
"non-survivors",0.625,0.444444444444444,0.643518518518518
"survivors",0.5,0.454545454545455,0.515151515151515
"non-survivors",0.25,0.416666666666667,0.777777777777778
"non-survivors",0.625,0.5,0.625
"survivors",1,0.416666666666667,0.325
"survivors",0.25,0.333333333333333,0.638888888888889
"non-survivors",0.875,0.5,0.541666666666667
"non-survivors",0.375,0.5,0.708333333333333
"non-survivors",0,0.111111111111111,0.962962962962963
"non-survivors",0.25,0.151515151515152,0.866161616161616
"non-survivors",0,0.416666666666667,0.861111111111111
"non-survivors",1,0.5,0.5
"non-survivors",1,0.5,0.5
"survivors",0.25,0.5,0.583333333333333
"non-survivors",0,0.25,0.916666666666667
"survivors",0.625,0.416666666666667,0.486111111111111
"non-survivors",0.125,0.333333333333333,0.847222222222222
"survivors",0.625,0.75,0.208333333333333
"survivors",1,0.416666666666667,0.375
"survivors",1,0.416666666666667,0.325
"survivors",1,0.416666666666667,0.275
"non-survivors",0,0.25,0.825
"non-survivors",0.25,0.416666666666667,0.777777777777778
"survivors",0.5,0.5,0.444444444444444
"non-survivors",1,0.333333333333333,0.5
"non-survivors",0,0.111111111111111,0.962962962962963
"survivors",1,0.25,0.361111111111111
"non-survivors",0,0.444444444444444,0.766666666666667
"non-survivors",1,0.25,0.583333333333333
"survivors",0.25,0.666666666666667,0.583333333333333
"non-survivors",1,0.416666666666667,0.527777777777778
"non-survivors",0.625,0.5,0.625
"survivors",0.375,0.484848484848485,0.492045454545455
"non-survivors",0,0.416666666666667,0.775
"survivors",0.5,0.484848484848485,0.560606060606061
"survivors",0.125,0.25,0.763888888888889
"survivors",0,0.166666666666667,0.833333333333333
"non-survivors",0.5,0.5,0.6
"non-survivors",0.25,0.666666666666667,0.694444444444444
"survivors",1,0.5,0.3
"non-survivors",0,0.416666666666667,0.775
"non-survivors",0,0.75,0.675
"non-survivors",0.125,0.416666666666667,0.819444444444444
"survivors",1,0.636363636363636,0.287878787878788
"non-survivors",0,0,1
"survivors",0,0.25,0.805555555555556
"non-survivors",0,0.333333333333333,0.888888888888889
"non-survivors",0.125,0.166666666666667,0.902777777777778
"non-survivors",0.625,0.444444444444444,0.643518518518518
"survivors",0,0.555555555555556,0.648148148148148
"non-survivors",0,0.416666666666667,0.861111111111111
"survivors",0.875,0.333333333333333,0.4375
"non-survivors",0.875,0.416666666666667,0.569444444444444
"non-survivors",0.375,0.166666666666667,0.819444444444444
"survivors",0.375,0.5,0.541666666666667
"survivors",1,0.416666666666667,0.325
"survivors",1,0.333333333333333,0.35
"survivors",0.375,0,0.763888888888889
"non-survivors",0,0.25,0.916666666666667
"survivors",0,0.166666666666667,0.833333333333333
"non-survivors",0.125,0.166666666666667,0.902777777777778
"non-survivors",0.125,0.583333333333333,0.6875
"non-survivors",0,0,1
"non-survivors",0.875,0.5,0.541666666666667
"non-survivors",0.125,0.5,0.791666666666667
"survivors",0.625,0.333333333333333,0.4625
"non-survivors",0.875,0.333333333333333,0.5375
"survivors",0.5,0.333333333333333,0.5
"survivors",0.875,0.333333333333333,0.2875
"non-survivors",1,0.444444444444444,0.518518518518518
"non-survivors",0,0.333333333333333,0.888888888888889
"non-survivors",0,0.0833333333333333,0.972222222222222
"non-survivors",1,0.444444444444444,0.518518518518518
"non-survivors",1,0.5,0.45
"non-survivors",0,0.166666666666667,0.944444444444444
"non-survivors",0,0.0833333333333333,0.972222222222222
"non-survivors",0.5,0.416666666666667,0.694444444444444
"survivors",1,0.416666666666667,0.275
"non-survivors",0.125,0.25,0.875
"survivors",0.5,0.166666666666667,0.611111111111111
"non-survivors",0,0.333333333333333,0.888888888888889
"survivors",1,0.416666666666667,0.325
"non-survivors",0,0,1
"non-survivors",0,0.0833333333333333,0.972222222222222
"survivors",0.75,0,0.638888888888889
"non-survivors",0.125,0.25,0.7875
"non-survivors",0.625,0.444444444444444,0.643518518518518
"non-survivors",0.625,0.444444444444444,0.643518518518518
"non-survivors",0.875,1,0.3375
"non-survivors",0.625,0.444444444444444,0.643518518518518
"non-survivors",0,0.0909090909090909,0.96969696969697
"survivors",1,0.333333333333333,0.2
"non-survivors",0,0.166666666666667,0.944444444444444
"non-survivors",0,0.166666666666667,0.944444444444444
"non-survivors",0.625,0.444444444444444,0.643518518518518
"non-survivors",0,0.166666666666667,0.944444444444444
"survivors",0,0.151515151515152,0.782828282828283
"non-survivors",0.75,0.444444444444444,0.601851851851852
"survivors",1,0.333333333333333,0.25
"non-survivors",0,0.333333333333333,0.888888888888889
"survivors",0.625,0.5,0.402777777777778
"survivors",0.5,0.555555555555556,0.314814814814815
"non-survivors",0,0.166666666666667,0.944444444444444
"non-survivors",0,0.166666666666667,0.944444444444444
"non-survivors",0.625,0.555555555555556,0.606481481481482
"non-survivors",0.625,0.416666666666667,0.652777777777778
"non-survivors",0.125,0.416666666666667,0.819444444444444
"survivors",0.25,0.181818181818182,0.744949494949495
"non-survivors",0,0.25,0.916666666666667
"non-survivors",0,0.333333333333333,0.8
"non-survivors",0,0.166666666666667,0.944444444444444
"survivors",0.625,0.363636363636364,0.503787878787879
"non-survivors",0.625,0.555555555555556,0.606481481481482
"survivors",0.125,0.222222222222222,0.606481481481482
"non-survivors",0.75,0.444444444444444,0.601851851851852
"survivors",1,0.333333333333333,0.35
"non-survivors",0,0.416666666666667,0.775
"non-survivors",0,0.416666666666667,0.861111111111111
"non-survivors",0.875,0.272727272727273,0.617424242424242
"survivors",0,0.222222222222222,0.814814814814815
"non-survivors",0.25,0.333333333333333,0.805555555555556
"non-survivors",0,0.166666666666667,0.944444444444444
"non-survivors",0,0.25,0.916666666666667
"survivors",0.375,0.666666666666667,0.430555555555556
"non-survivors",0.5,0.583333333333333,0.575
"non-survivors",0.625,0.416666666666667,0.652777777777778
"non-survivors",1,0.416666666666667,0.527777777777778
"non-survivors",0,0.333333333333333,0.888888888888889
"non-survivors",0,0.416666666666667,0.775
"non-survivors",0.75,0.833333333333333,0.425
"survivors",0.5,0.666666666666667,0.4
"non-survivors",0,0.166666666666667,0.944444444444444
"non-survivors",0.625,0.444444444444444,0.643518518518518
"non-survivors",0,0.25,0.916666666666667
"non-survivors",0,0.5,0.75
"non-survivors",0,0.0833333333333333,0.972222222222222
"non-survivors",0,0.416666666666667,0.861111111111111
"non-survivors",0,0.333333333333333,0.888888888888889
"non-survivors",0.625,0.242424242424242,0.710858585858586
"non-survivors",0,0.166666666666667,0.944444444444444
"non-survivors",0,0.166666666666667,0.944444444444444
"non-survivors",0.125,0.333333333333333,0.847222222222222
"non-survivors",0.375,0.5,0.708333333333333
"non-survivors",0.625,0.0909090909090909,0.761363636363636
"non-survivors",0,0.25,0.825
"non-survivors",0,0.333333333333333,0.888888888888889
"non-survivors",0,0.25,0.916666666666667
"non-survivors",0,0.25,0.825
"non-survivors",0.125,0.166666666666667,0.902777777777778
"survivors",0.5,0.5,0.5
"non-survivors",0,0.181818181818182,0.939393939393939
"non-survivors",0.375,0.333333333333333,0.763888888888889
"non-survivors",0,0.416666666666667,0.775
"survivors",0,0.0833333333333333,0.775
"non-survivors",0.375,0.5,0.708333333333333
"non-survivors",0,0.416666666666667,0.861111111111111
"non-survivors",0,0.166666666666667,0.944444444444444
"non-survivors",0,0.5,0.75
"non-survivors",1,0.5,0.5
"survivors",1,0.212121212121212,0.318181818181818
"survivors",0,0.5,0.5
"non-survivors",0.625,0.444444444444444,0.643518518518518
"survivors",0,0.666666666666667,0.444444444444444
"survivors",0.625,0.242424242424242,0.539772727272727
"non-survivors",0,0.416666666666667,0.861111111111111
"survivors",0.375,0.333333333333333,0.652777777777778
"survivors",0,0.416666666666667,0.527777777777778
"non-survivors",0,0.416666666666667,0.861111111111111
"survivors",0,0.416666666666667,0.527777777777778
"survivors",0.375,0.303030303030303,0.607323232323232
"non-survivors",0.125,0.25,0.875
"non-survivors",0.625,0.555555555555556,0.606481481481482
"non-survivors",0.5,0.242424242424242,0.677272727272727
"non-survivors",0,0.583333333333333,0.805555555555556
"non-survivors",0,0.151515151515152,0.94949494949495
"survivors",0.625,0.333333333333333,0.513888888888889
"non-survivors",0.25,0.888888888888889,0.62037037037037
"non-survivors",0,0.5,0.833333333333333
"non-survivors",0,0.272727272727273,0.909090909090909
"non-survivors",0,0.166666666666667,0.944444444444444
"non-survivors",0,0.416666666666667,0.861111111111111
"non-survivors",0,0.166666666666667,0.944444444444444
"non-survivors",0,0.166666666666667,0.944444444444444
"non-survivors",0.25,0.333333333333333,0.805555555555556
"non-survivors",0,0.166666666666667,0.944444444444444
"survivors",0.125,0.416666666666667,0.708333333333333
"non-survivors",0.625,0.212121212121212,0.720959595959596
"non-survivors",0,0.25,0.916666666666667
"non-survivors",0,0.166666666666667,0.944444444444444
"non-survivors",0.875,0.37037037037037,0.584876543209877
"survivors",0.75,0.333333333333333,0.425
"non-survivors",0,0.121212121212121,0.95959595959596
"non-survivors",0.625,0.416666666666667,0.652777777777778
"non-survivors",0,0.166666666666667,0.944444444444444
"non-survivors",0,0.5,0.833333333333333
"non-survivors",0.625,0.333333333333333,0.6125
"non-survivors",0.5,0.25,0.75
"non-survivors",0.875,0.5,0.541666666666667
"non-survivors",0,0.25,0.916666666666667
"non-survivors",0,0.0833333333333333,0.972222222222222
"non-survivors",0,0,1
"non-survivors",0.125,0.444444444444444,0.810185185185185
"non-survivors",0.75,0.333333333333333,0.575
"non-survivors",0,0.5,0.75
"survivors",0.625,0.272727272727273,0.589646464646465
"survivors",0.125,0.416666666666667,0.708333333333333
"non-survivors",0,0.333333333333333,0.888888888888889
"non-survivors",0.875,0.272727272727273,0.617424242424242
"non-survivors",0.25,0.25,0.75
"non-survivors",0,0.416666666666667,0.861111111111111
"survivors",0.125,0.333333333333333,0.569444444444444
"survivors",0.5,0.333333333333333,0.55
"non-survivors",1,0.666666666666667,0.444444444444444
"non-survivors",0.5,0.333333333333333,0.722222222222222
"non-survivors",0,0.583333333333333,0.805555555555556
"non-survivors",0,0.333333333333333,0.888888888888889
"non-survivors",0,0.333333333333333,0.888888888888889
"non-survivors",0,0,1
"non-survivors",0,0.166666666666667,0.944444444444444
"survivors",0.625,0.333333333333333,0.4625
"non-survivors",0.25,0.333333333333333,0.805555555555556
"non-survivors",0.25,0.416666666666667,0.777777777777778
"non-survivors",0.25,0.666666666666667,0.625
"non-survivors",0.125,0.212121212121212,0.887626262626263
"non-survivors",0,0.25,0.916666666666667
"non-survivors",0.375,0.416666666666667,0.736111111111111
"survivors",0.25,0.166666666666667,0.75
"survivors",1,0.333333333333333,0.35
"non-survivors",0,0.416666666666667,0.861111111111111
"non-survivors",0,0,1
"non-survivors",0,0,0.9
"non-survivors",0,0.166666666666667,0.944444444444444
"survivors",0.125,0.416666666666667,0.708333333333333
"non-survivors",0,0.25,0.916666666666667
"survivors",0.875,0.515151515151515,0.425505050505051
"non-survivors",0.5,0.0303030303030303,0.823232323232323
"survivors",1,0.333333333333333,0.35
"survivors",0.125,0.25,0.708333333333333
"non-survivors",0,0.166666666666667,0.85
"non-survivors",0.25,0.25,0.833333333333333
"non-survivors",1,0.833333333333333,0.35
"non-survivors",0.375,0.416666666666667,0.736111111111111
"survivors",0.625,0.333333333333333,0.4125
"non-survivors",0,0.25,0.916666666666667
"survivors",0.25,0.333333333333333,0.694444444444445
"non-survivors",0,0.25,0.916666666666667
"non-survivors",0,0.166666666666667,0.944444444444444
"non-survivors",0.5,0.416666666666667,0.694444444444444
"non-survivors",0.5,0.416666666666667,0.694444444444444
"non-survivors",0.25,0.0909090909090909,0.886363636363636
"survivors",0.875,0.424242424242424,0.400252525252525
"non-survivors",0.625,0.333333333333333,0.6125
"non-survivors",0.375,0.444444444444444,0.726851851851852
"non-survivors",0.125,0.5,0.791666666666667
"survivors",1,0.416666666666667,0.416666666666667
"non-survivors",0,0.333333333333333,0.888888888888889
"non-survivors",0.125,0.444444444444444,0.810185185185185
"non-survivors",0,0.25,0.916666666666667
"survivors",1,0.333333333333333,0.222222222222222
"survivors",1,0.272727272727273,0.418181818181818
"non-survivors",0,0.166666666666667,0.944444444444444
"non-survivors",0.625,0.333333333333333,0.6125
"survivors",0,0.25,0.583333333333333
"non-survivors",0,0.416666666666667,0.861111111111111
"non-survivors",0,0.242424242424242,0.919191919191919
"non-survivors",0.375,0.444444444444444,0.726851851851852
"survivors",0.5,0.25,0.638888888888889
"survivors",0.125,0.416666666666667,0.541666666666667
"non-survivors",0.625,0.416666666666667,0.652777777777778
"non-survivors",0.75,0.484848484848485,0.588383838383838
"non-survivors",0,0.25,0.916666666666667
"survivors",1,0.5,0.166666666666667
"non-survivors",0,0.166666666666667,0.944444444444444
"non-survivors",1,0.333333333333333,0.5
"non-survivors",0.625,0.416666666666667,0.652777777777778
"non-survivors",0,0.416666666666667,0.861111111111111
"non-survivors",0.125,0.181818181818182,0.897727272727273
"non-survivors",0.125,0.666666666666667,0.736111111111111
"non-survivors",0,0.166666666666667,0.944444444444444
"non-survivors",0.75,0.6,0.495
"non-survivors",0.125,0.416666666666667,0.819444444444444
"non-survivors",0.875,0.416666666666667,0.569444444444444
"non-survivors",0,0.166666666666667,0.944444444444444
"non-survivors",0,0.25,0.916666666666667
"survivors",1,0.333333333333333,0.222222222222222
"non-survivors",0.625,0.444444444444444,0.643518518518518
"survivors",0.625,0.25,0.597222222222222
"survivors",1,0.666666666666667,0.111111111111111
"non-survivors",1,0.296296296296296,0.567901234567901
"non-survivors",1,1,0.3
"survivors",0.875,0.583333333333333,0.347222222222222
"non-survivors",0,0.166666666666667,0.944444444444444
"non-survivors",0.625,0.416666666666667,0.652777777777778
"non-survivors",0.125,0,0.8625
"non-survivors",0,0.25,0.916666666666667
"non-survivors",0.625,0.416666666666667,0.652777777777778
"survivors",0.125,0.533333333333333,0.669444444444445
"non-survivors",0.875,0.333333333333333,0.597222222222222
"non-survivors",0.625,0.555555555555556,0.606481481481482
"survivors",0.875,0.363636363636364,0.420454545454545
"survivors",0,0.303030303030303,0.676767676767677
"survivors",0,0.583333333333333,0.472222222222222
"survivors",0.75,1,0.305555555555556
"survivors",1,0.583333333333333,0.275
"non-survivors",1,0.555555555555556,0.481481481481481
"non-survivors",1,0.916666666666667,0.361111111111111
"survivors",0.5,0.5,0.5
"non-survivors",1,0.5,0.45
"survivors",0.625,0.555555555555556,0.49537037037037
"non-survivors",0,0.333333333333333,0.888888888888889
"non-survivors",0.5,0.416666666666667,0.694444444444444
"non-survivors",0,0.25,0.825
"survivors",0.375,0.424242424242424,0.566919191919192
"non-survivors",0,0.0740740740740741,0.975308641975309
"non-survivors",1,0.5,0.5
"non-survivors",0.25,0.333333333333333,0.725
"survivors",0.375,0.393939393939394,0.569318181818182
"non-survivors",0,0.5,0.75
"non-survivors",0,0.333333333333333,0.888888888888889
"non-survivors",0,0.333333333333333,0.888888888888889
"non-survivors",0.125,0.333333333333333,0.847222222222222
"non-survivors",0,0.416666666666667,0.861111111111111
"non-survivors",0.625,0.555555555555556,0.606481481481482
"non-survivors",0,0.166666666666667,0.944444444444444
"non-survivors",0.25,0,0.916666666666667
"survivors",0.25,0.515151515151515,0.633838383838384
"non-survivors",0,0.222222222222222,0.925925925925926
"non-survivors",0,0.0833333333333333,0.972222222222222
"survivors",0.25,0.333333333333333,0.583333333333333
"non-survivors",0.625,0.777777777777778,0.532407407407407
"non-survivors",0,0.0833333333333333,0.972222222222222
"non-survivors",0.625,0.888888888888889,0.49537037037037
"non-survivors",0,0.0833333333333333,0.972222222222222
"non-survivors",0.125,0.333333333333333,0.847222222222222
"non-survivors",0,0.555555555555556,0.814814814814815
"survivors",0.5,0.916666666666667,0.361111111111111
"non-survivors",0.125,0.181818181818182,0.897727272727273
"non-survivors",0.625,0.416666666666667,0.652777777777778
"non-survivors",0,0.25,0.916666666666667
"non-survivors",0.625,0.416666666666667,0.652777777777778
"non-survivors",0,0.25,0.916666666666667
"non-survivors",0,0.416666666666667,0.861111111111111
"survivors",0.5,0.416666666666667,0.472222222222222
"non-survivors",0.625,0.416666666666667,0.652777777777778
"non-survivors",0,0.166666666666667,0.944444444444444
"non-survivors",0.125,0.166666666666667,0.902777777777778
"non-survivors",0,0.333333333333333,0.888888888888889
"non-survivors",0.125,0.444444444444444,0.810185185185185
"non-survivors",0,0.25,0.916666666666667
"non-survivors",0,0.333333333333333,0.888888888888889
"non-survivors",0,0.0909090909090909,0.96969696969697
"non-survivors",0.375,0.416666666666667,0.736111111111111
"non-survivors",0.25,0,0.916666666666667
"non-survivors",0,0.0833333333333333,0.972222222222222
"non-survivors",0,0.166666666666667,0.944444444444444
"non-survivors",0,0.166666666666667,0.944444444444444
"non-survivors",0,0.166666666666667,0.944444444444444
"survivors",0.25,0.222222222222222,0.658333333333333
"non-survivors",0.375,0.166666666666667,0.819444444444444
"survivors",0.625,0.888888888888889,0.328703703703704
"non-survivors",0.875,0.833333333333333,0.430555555555556
"non-survivors",0,0.166666666666667,0.85
"non-survivors",0.125,0.333333333333333,0.847222222222222
"non-survivors",0.625,0.333333333333333,0.6125
"non-survivors",0,0.166666666666667,0.944444444444444
"non-survivors",0,0.0833333333333333,0.972222222222222
"non-survivors",0.125,0.333333333333333,0.847222222222222
"survivors",0.625,0.333333333333333,0.4625
"non-survivors",0,0.5,0.833333333333333
"non-survivors",0,0.25,0.916666666666667
"non-survivors",0,0.416666666666667,0.861111111111111
"non-survivors",0,0.0833333333333333,0.972222222222222
"non-survivors",0,0.416666666666667,0.861111111111111
"survivors",0.5,0.583333333333333,0.325
"non-survivors",0,0.166666666666667,0.944444444444444
"non-survivors",0.125,0.333333333333333,0.847222222222222
"non-survivors",0,0.333333333333333,0.888888888888889
"non-survivors",0.125,0.416666666666667,0.819444444444444
"non-survivors",0.625,0.583333333333333,0.597222222222222
"non-survivors",0,0.166666666666667,0.944444444444444
"survivors",0.75,0.416666666666667,0.444444444444444
"non-survivors",0,0.166666666666667,0.944444444444444
"non-survivors",0.125,0,0.958333333333333
"survivors",0.625,0.416666666666667,0.486111111111111
"non-survivors",0,0,1
"survivors",0.625,0.416666666666667,0.486111111111111
"survivors",0.125,0.25,0.763888888888889
"survivors",0.625,0.333333333333333,0.4625
"non-survivors",0.125,0.5,0.7125
"non-survivors",0,0.166666666666667,0.944444444444444
"non-survivors",1,0.75,0.416666666666667
"non-survivors",0.125,0.25,0.875
"non-survivors",0.125,0.333333333333333,0.847222222222222
"survivors",0.625,0.333333333333333,0.4625
"non-survivors",0.25,0.333333333333333,0.805555555555556
"non-survivors",0,0.333333333333333,0.8
"survivors",0.875,0.166666666666667,0.319444444444444
"non-survivors",0,0.166666666666667,0.944444444444444
"non-survivors",0,0.333333333333333,0.888888888888889
"survivors",0.875,0.333333333333333,0.3875
"non-survivors",0.375,0.416666666666667,0.6625
"survivors",0.875,0.333333333333333,0.3875
"non-survivors",0.625,0.666666666666667,0.569444444444444
"non-survivors",0,0.5,0.833333333333333
"non-survivors",0,0.416666666666667,0.775
"non-survivors",0,0.5,0.833333333333333
"non-survivors",0.125,0.416666666666667,0.819444444444444
"survivors",0.625,0.333333333333333,0.4125
"non-survivors",0.25,0,0.825
"non-survivors",0,0.166666666666667,0.85
"non-survivors",0,0.25,0.916666666666667
"survivors",0,0.5,0.65
"non-survivors",0.125,0.333333333333333,0.7625
"survivors",0.625,0.25,0.597222222222222
"survivors",0.625,0.333333333333333,0.4625
"non-survivors",0,0.333333333333333,0.888888888888889
"survivors",0.625,0.416666666666667,0.486111111111111
"survivors",0.75,0.416666666666667,0.444444444444444
"non-survivors",0.375,0.666666666666667,0.5875
"survivors",0.625,0.333333333333333,0.4625
"non-survivors",0.125,0.416666666666667,0.819444444444444
"survivors",0.75,0.416666666666667,0.5
"non-survivors",0,0.166666666666667,0.944444444444444
"survivors",0.25,0.363636363636364,0.628787878787879
"non-survivors",0.125,0.416666666666667,0.819444444444444
"survivors",0.625,0.416666666666667,0.430555555555556
"survivors",0.5,0.416666666666667,0.583333333333333
"survivors",0.625,0.416666666666667,0.486111111111111
"non-survivors",0,0.416666666666667,0.861111111111111
"survivors",0.625,0.333333333333333,0.4625
"non-survivors",0.5,0.666666666666667,0.611111111111111
"non-survivors",0.875,0.5,0.4875
"non-survivors",0.25,0.416666666666667,0.7
"survivors",0.375,0.333333333333333,0.652777777777778
"non-survivors",0,0.25,0.916666666666667
"non-survivors",0.625,0.5,0.625
"non-survivors",0,0.416666666666667,0.861111111111111
"survivors",0.625,0.333333333333333,0.3625
"survivors",0.375,0.666666666666667,0.486111111111111
"survivors",0.5,0.636363636363636,0.454545454545455
"non-survivors",0.125,0.416666666666667,0.819444444444444
"non-survivors",0.125,0.25,0.875
"non-survivors",0.375,0.333333333333333,0.763888888888889
"non-survivors",0.125,0.833333333333333,0.6125
"survivors",0.625,0.333333333333333,0.4625
"survivors",0.375,0.424242424242424,0.566919191919192
"survivors",0.125,0.484848484848485,0.617045454545455
"survivors",0.875,0.416666666666667,0.2125
"non-survivors",0,0.5,0.833333333333333
"non-survivors",0,0.583333333333333,0.805555555555556
"survivors",1,0.583333333333333,0.138888888888889
"survivors",0.25,0.272727272727273,0.714646464646465
"survivors",0.125,0.916666666666667,0.4875
"non-survivors",0,0.555555555555556,0.814814814814815
"survivors",1,0.444444444444444,0.296296296296296
"survivors",0.375,0.5,0.541666666666667
"non-survivors",0,0.416666666666667,0.861111111111111
"survivors",1,0.416666666666667,0.361111111111111
"survivors",0.375,0.583333333333333,0.569444444444444
"survivors",0.25,0.583333333333333,0.45
"survivors",0.125,0.666666666666667,0.625
"non-survivors",0,0.416666666666667,0.775
"survivors",0,0.333333333333333,0.666666666666667
"survivors",0.5,0.5,0.555555555555556
"survivors",0.875,0.545454545454545,0.304292929292929
"non-survivors",0.625,0.444444444444444,0.643518518518518
"non-survivors",0,0.416666666666667,0.861111111111111
"survivors",0.375,0.333333333333333,0.597222222222222
"non-survivors",0.625,0.555555555555556,0.606481481481482
"survivors",0.125,0.666666666666667,0.625
"non-survivors",0,0.5,0.833333333333333
"non-survivors",1,0.242424242424242,0.527272727272727
"survivors",0.25,0.444444444444444,0.657407407407407
"non-survivors",1,0.583333333333333,0.472222222222222
"survivors",0.375,0.484848484848485,0.602272727272727
"survivors",0.125,0.5,0.680555555555556
"non-survivors",0.25,0.5,0.75
"survivors",0,0.25,0.675
"non-survivors",0.125,0.166666666666667,0.902777777777778
"non-survivors",0,0.583333333333333,0.805555555555556
"survivors",0,0.242424242424242,0.808080808080808
"non-survivors",0,0.666666666666667,0.777777777777778
"non-survivors",0.875,0.233333333333333,0.630555555555556
"non-survivors",0,0.222222222222222,0.925925925925926
"survivors",0.25,0.363636363636364,0.684343434343434
"non-survivors",0,0.166666666666667,0.944444444444444
"non-survivors",0.875,0.416666666666667,0.569444444444444
"survivors",0.5,0.333333333333333,0.611111111111111
"non-survivors",0,0.666666666666667,0.777777777777778
"non-survivors",0,0.666666666666667,0.777777777777778
"non-survivors",0,0.5,0.833333333333333
"non-survivors",0,0.333333333333333,0.888888888888889
"non-survivors",0,0,1
"non-survivors",0,0.166666666666667,0.944444444444444
"survivors",0.5,0.5,0.5
"non-survivors",0,0.0606060606060606,0.97979797979798
"non-survivors",0,0.111111111111111,0.962962962962963
"survivors",0.5,0.416666666666667,0.583333333333333
"non-survivors",0,0.0606060606060606,0.97979797979798
"non-survivors",0.125,0.333333333333333,0.847222222222222
"non-survivors",0,0.0606060606060606,0.97979797979798
"non-survivors",0,0.5,0.833333333333333
"non-survivors",0.125,0.166666666666667,0.902777777777778
"survivors",0.375,0.416666666666667,0.569444444444444
"non-survivors",0.125,0.25,0.875
"non-survivors",0,0.25,0.916666666666667
"non-survivors",0,0.0606060606060606,0.97979797979798
"non-survivors",0.125,0.333333333333333,0.847222222222222
"non-survivors",0,0.25,0.916666666666667
"non-survivors",0,0.333333333333333,0.888888888888889
"non-survivors",0.25,0.333333333333333,0.805555555555556
"non-survivors",0,0.166666666666667,0.944444444444444
"survivors",0.5,0.416666666666667,0.583333333333333
"non-survivors",0,0.166666666666667,0.944444444444444
"non-survivors",0,0.333333333333333,0.888888888888889
"non-survivors",0.125,0.333333333333333,0.847222222222222
"non-survivors",0,0.166666666666667,0.944444444444444
"non-survivors",0,0.166666666666667,0.944444444444444
"non-survivors",0,0.166666666666667,0.944444444444444
"non-survivors",0.125,0.416666666666667,0.7375
"non-survivors",0,0.166666666666667,0.944444444444444
"non-survivors",0.125,0.333333333333333,0.847222222222222
"non-survivors",0.625,0.666666666666667,0.569444444444444
"non-survivors",0,0.25,0.916666666666667
"survivors",0.5,0.416666666666667,0.583333333333333
"non-survivors",0,0.416666666666667,0.861111111111111
"non-survivors",0.25,0.416666666666667,0.777777777777778
"non-survivors",0,0.166666666666667,0.85
"non-survivors",0,0,1
"non-survivors",0.125,0.5,0.791666666666667
"non-survivors",0,0.333333333333333,0.888888888888889
"non-survivors",0,0.0833333333333333,0.972222222222222
"non-survivors",0,0.25,0.916666666666667
"survivors",0,0.333333333333333,0.7
"non-survivors",0,0.0833333333333333,0.875
"non-survivors",0,0.5,0.833333333333333
"non-survivors",0,0.0833333333333333,0.875
"non-survivors",0,0,1
"non-survivors",0,0.166666666666667,0.944444444444444
"non-survivors",0,0.166666666666667,0.944444444444444
"non-survivors",0,0.25,0.916666666666667
"non-survivors",0,0.666666666666667,0.777777777777778
"survivors",0.25,0.833333333333333,0.527777777777778
"survivors",0.5,0.454545454545455,0.463636363636364
"non-survivors",0,0.111111111111111,0.962962962962963
"survivors",0,0.333333333333333,0.555555555555556
"non-survivors",0,0.166666666666667,0.944444444444444
"non-survivors",0,0.166666666666667,0.944444444444444
"survivors",1,0.424242424242424,0.191919191919192
"non-survivors",1,0.444444444444444,0.518518518518518
"survivors",0.5,0.333333333333333,0.555555555555556
"non-survivors",0.375,0.333333333333333,0.763888888888889
"non-survivors",0.125,0.25,0.875
"survivors",0.875,0.666666666666667,0.3375
"survivors",0.375,0.454545454545455,0.551136363636364
"non-survivors",0.5,0.555555555555556,0.648148148148148
"survivors",0,0.433333333333333,0.744444444444444
"survivors",0.625,0.416666666666667,0.541666666666667
"non-survivors",0,0.25,0.916666666666667
"non-survivors",0,0.0909090909090909,0.96969696969697
"non-survivors",0,0.5,0.75
"survivors",0.5,0.666666666666667,0.277777777777778
"non-survivors",0,0.166666666666667,0.944444444444444
"survivors",1,0.333333333333333,0.35
"non-survivors",0,0.166666666666667,0.944444444444444
"survivors",0.625,0.416666666666667,0.541666666666667
"non-survivors",0.625,0.416666666666667,0.652777777777778
"non-survivors",0.625,0.583333333333333,0.597222222222222
"non-survivors",0.5,0.666666666666667,0.611111111111111
"survivors",1,0.454545454545455,0.237373737373737
"survivors",0.5,0.416666666666667,0.583333333333333
"non-survivors",0,0.25,0.916666666666667
"non-survivors",0,0.0833333333333333,0.972222222222222
"non-survivors",0,0.0833333333333333,0.972222222222222
"non-survivors",0,0.166666666666667,0.944444444444444
"non-survivors",0,0.166666666666667,0.944444444444444
"non-survivors",0.125,0.666666666666667,0.736111111111111
"non-survivors",0,0.25,0.916666666666667
"non-survivors",0,0.166666666666667,0.944444444444444
"survivors",0.625,0.416666666666667,0.541666666666667
"non-survivors",0,0.121212121212121,0.95959595959596
"non-survivors",0,0,0.9
"survivors",0.625,0.416666666666667,0.541666666666667
"non-survivors",0.125,0.583333333333333,0.763888888888889
"non-survivors",0,0.166666666666667,0.944444444444444
"non-survivors",0,0.333333333333333,0.888888888888889
"non-survivors",0.25,0.25,0.75
"non-survivors",0.625,0.555555555555556,0.606481481481482
"non-survivors",0,0.166666666666667,0.944444444444444
"non-survivors",0,0.25,0.916666666666667
"survivors",0.25,0.272727272727273,0.714646464646465
"non-survivors",0,0.5,0.833333333333333
"non-survivors",0.125,NA,0.9375
"survivors",0.75,0.416666666666667,0.5
"non-survivors",0,0.166666666666667,0.944444444444444
"non-survivors",0.25,0.166666666666667,0.861111111111111
"survivors",0.5,0.484848484848485,0.505050505050505
"non-survivors",0,0.25,0.916666666666667
"non-survivors",0,0.25,0.825
"non-survivors",0,0.444444444444444,0.851851851851852
"non-survivors",0.625,0.666666666666667,0.569444444444444
"non-survivors",0,0.25,0.916666666666667
"non-survivors",0.25,0.5,0.75
"survivors",0,0.166666666666667,0.833333333333333
"non-survivors",0.875,0.5,0.541666666666667
"non-survivors",0,0.333333333333333,0.888888888888889
"survivors",0,0.333333333333333,0.777777777777778
"survivors",0.25,0.303030303030303,0.534090909090909
"survivors",0.625,0.5,0.3125
"non-survivors",0.125,0.151515151515152,0.907828282828283
"survivors",0.25,0.444444444444444,0.391666666666667
"survivors",1,0.333333333333333,0.222222222222222
"survivors",1,0.363636363636364,0.190909090909091
"non-survivors",0,0.0833333333333333,0.972222222222222
"non-survivors",0.5,0.333333333333333,0.722222222222222
"survivors",1,0.583333333333333,0.25
"non-survivors",0.125,0.5,0.7125
"survivors",0.25,0.212121212121212,0.661363636363636
"non-survivors",0.75,0.416666666666667,0.55
"non-survivors",0,0.666666666666667,0.7
"non-survivors",0.375,0.416666666666667,0.6625
"survivors",0.5,0.333333333333333,0.555555555555556
"survivors",0.875,0.181818181818182,0.432954545454545
"non-survivors",0.625,0.666666666666667,0.569444444444444
"survivors",0.375,0.666666666666667,0.486111111111111
"survivors",1,0.416666666666667,0.194444444444444
"survivors",0.375,0.393939393939394,0.465909090909091
"survivors",0.5,0.75,0.305555555555556
"non-survivors",0.125,0.333333333333333,0.847222222222222
"survivors",0.25,0.363636363636364,0.684343434343434
"survivors",0.375,0.242424242424242,0.614772727272727
"survivors",0.5,0.515151515151515,0.445454545454545
"non-survivors",0,0.416666666666667,0.775
"survivors",0.125,0.333333333333333,0.680555555555556
"non-survivors",0,0.166666666666667,0.944444444444444
"survivors",0.25,0.454545454545455,0.542929292929293
"non-survivors",0.125,0.333333333333333,0.847222222222222
"non-survivors",0.375,0.75,0.5625
"non-survivors",0,0.333333333333333,0.888888888888889
"non-survivors",0,0.5,0.833333333333333
"non-survivors",0.875,0.333333333333333,0.597222222222222
"survivors",0.5,0.416666666666667,0.583333333333333
"non-survivors",0.5,0.416666666666667,0.694444444444444
"survivors",0.625,0.416666666666667,0.486111111111111
"non-survivors",0,0.166666666666667,0.944444444444444
"survivors",0.625,0.416666666666667,0.541666666666667
"non-survivors",0,0.166666666666667,0.944444444444444
"non-survivors",0,0.166666666666667,0.944444444444444
"non-survivors",0,0.666666666666667,0.777777777777778
"survivors",0.625,0.416666666666667,0.541666666666667
"non-survivors",0,0.166666666666667,0.944444444444444
"survivors",0.5,0.416666666666667,0.527777777777778
"non-survivors",0.5,0.25,0.75
"non-survivors",0,0.0833333333333333,0.972222222222222
"non-survivors",0,0.166666666666667,0.85
"survivors",0.75,0.333333333333333,0.425
"survivors",0.625,0.333333333333333,0.5125
"non-survivors",0,0.0909090909090909,0.96969696969697
"survivors",0.375,0.416666666666667,0.569444444444444
"survivors",0.625,0.333333333333333,0.5125
"non-survivors",0,0.166666666666667,0.944444444444444
"survivors",0.625,0.333333333333333,0.5125
"survivors",0,0.181818181818182,0.772727272727273
"survivors",0.625,0.333333333333333,0.5125
"non-survivors",0.25,0.333333333333333,0.805555555555556
"non-survivors",0,0.166666666666667,0.944444444444444
"survivors",0.25,0.5,0.638888888888889
"survivors",0.625,0.333333333333333,0.4625
"non-survivors",0,0.333333333333333,0.888888888888889
"non-survivors",0,0.25,0.825
"non-survivors",0.25,0.5,0.675
"non-survivors",0,0.166666666666667,0.85
"non-survivors",0,0.416666666666667,0.861111111111111
"non-survivors",0,0.25,0.916666666666667
"non-survivors",0,0.416666666666667,0.775
"survivors",0.625,0.25,0.486111111111111
"non-survivors",1,0.777777777777778,0.407407407407407
"survivors",0.625,0.416666666666667,0.430555555555556
"non-survivors",0,0,1
"survivors",0.875,0.333333333333333,0.2875
"non-survivors",0.125,0.555555555555556,0.773148148148148
"survivors",0.625,0.416666666666667,0.430555555555556
"survivors",0.625,0.333333333333333,0.5125
"non-survivors",0.625,0.916666666666667,0.486111111111111
"survivors",0.75,0.333333333333333,0.325
"survivors",0.125,0.833333333333333,0.5125
"survivors",0.625,0.416666666666667,0.486111111111111
"non-survivors",0,0.416666666666667,0.861111111111111
"non-survivors",0,0.0606060606060606,0.97979797979798
"survivors",0,0.333333333333333,0.7
"non-survivors",0.625,0.777777777777778,0.532407407407407
"survivors",0.5,0.272727272727273,0.575757575757576
"non-survivors",0.125,0.25,0.875
"non-survivors",0,0,1
"survivors",0.625,0.333333333333333,0.3625
"non-survivors",1,0.416666666666667,0.475
"survivors",0.25,0.833333333333333,0.527777777777778
"survivors",0.5,0.393939393939394,0.535353535353535
"non-survivors",0,0.25,0.916666666666667
"non-survivors",0.125,0.444444444444444,0.810185185185185
"non-survivors",0,0.166666666666667,0.944444444444444
"non-survivors",1,0.777777777777778,0.407407407407407
"non-survivors",0,0.166666666666667,0.85
"non-survivors",0,0.166666666666667,0.944444444444444
"non-survivors",0,0.5,0.833333333333333
"non-survivors",0.125,0.272727272727273,0.867424242424242
"non-survivors",0,0.416666666666667,0.861111111111111
"non-survivors",0,0.242424242424242,0.827272727272727
"non-survivors",0,0,1
"survivors",0.875,0.242424242424242,0.364772727272727
"survivors",0.25,0.666666666666667,0.527777777777778
"survivors",0.5,0.416666666666667,0.472222222222222
"survivors",0.625,0.416666666666667,0.486111111111111
"survivors",0.5,0.416666666666667,0.527777777777778
"non-survivors",0,0,0.9
"survivors",0.5,0.416666666666667,0.527777777777778
"non-survivors",0,0.166666666666667,0.944444444444444
"survivors",0,0.222222222222222,0.648148148148148
"non-survivors",0,0.212121212121212,0.836363636363636
"survivors",1,0.272727272727273,0.318181818181818
"non-survivors",0,0.333333333333333,0.888888888888889
"non-survivors",0.25,0.555555555555556,0.731481481481482
"survivors",0.5,0,0.722222222222222
"non-survivors",0,0.25,0.916666666666667
"non-survivors",0.25,0.416666666666667,0.7
"non-survivors",0.75,0.333333333333333,0.575
"non-survivors",0,0.583333333333333,0.805555555555556
"non-survivors",1,0.212121212121212,0.595959595959596
"non-survivors",0.125,0.583333333333333,0.763888888888889
"survivors",0.25,0.666666666666667,0.472222222222222
"non-survivors",0,0.416666666666667,0.775
"non-survivors",0.125,0.5,0.791666666666667
"survivors",0.75,0.185185185185185,0.466049382716049
"non-survivors",0.625,0.555555555555556,0.606481481481482
"non-survivors",0,0.0833333333333333,0.972222222222222
"non-survivors",0.125,0.272727272727273,0.780681818181818
"survivors",0.75,0.416666666666667,0.388888888888889
"survivors",0.125,0.666666666666667,0.625
"non-survivors",0.625,0.666666666666667,0.569444444444444
"non-survivors",0,0.5,0.833333333333333
"non-survivors",0.125,0.833333333333333,0.6125
"non-survivors",0.875,0.333333333333333,0.597222222222222
"non-survivors",0,0.5,0.833333333333333
"non-survivors",0,0,1
"non-survivors",0,0.416666666666667,0.861111111111111
"survivors",0.375,0.5,0.597222222222222
"survivors",0,0.416666666666667,0.583333333333333
"non-survivors",0,0.166666666666667,0.944444444444444
"survivors",1,0.666666666666667,0.222222222222222
"survivors",0.875,0.777777777777778,0.337962962962963
"non-survivors",0,0.25,0.825
"survivors",0.375,0.242424242424242,0.683080808080808
"non-survivors",0,0.0833333333333333,0.875
"survivors",1,0.303030303030303,0.454545454545455
"non-survivors",0,0.166666666666667,0.944444444444444
"survivors",0.375,0.545454545454545,0.526515151515151
"non-survivors",0,0.25,0.916666666666667
"non-survivors",0,0.5,0.833333333333333
"non-survivors",0,0.416666666666667,0.861111111111111
"non-survivors",0,0.0833333333333333,0.972222222222222
"non-survivors",0,0.333333333333333,0.8
"non-survivors",0,0.272727272727273,0.818181818181818
"non-survivors",0,0.111111111111111,0.866666666666667
"non-survivors",0,0.0833333333333333,0.972222222222222
"non-survivors",0.125,0.833333333333333,0.6125
"non-survivors",0,0.5,0.833333333333333
"non-survivors",0,0.333333333333333,0.888888888888889
"non-survivors",1,0.583333333333333,0.472222222222222
"non-survivors",0,0.5,0.833333333333333
"non-survivors",0.625,0.583333333333333,0.597222222222222
"survivors",0.375,0.416666666666667,0.5125
"non-survivors",0,0.151515151515152,0.94949494949495
"survivors",0.875,0.416666666666667,0.458333333333333
"non-survivors",0.125,0.0833333333333333,0.930555555555556
"non-survivors",0,0.25,0.916666666666667
"non-survivors",0,0.583333333333333,0.805555555555556
"non-survivors",0.5,0.25,0.75
"non-survivors",0,0.166666666666667,0.85
"non-survivors",1,0.583333333333333,0.425
"non-survivors",0.25,0.75,0.666666666666667
"survivors",0.875,0.416666666666667,0.458333333333333
"survivors",0.75,0.666666666666667,0.416666666666667
"survivors",0.625,0.303030303030303,0.579545454545455
"non-survivors",0,0.25,0.825
"survivors",0.5,0.416666666666667,0.583333333333333
"non-survivors",0,0.166666666666667,0.944444444444444
"non-survivors",0,0,1
"survivors",0.625,0.333333333333333,0.5125
"survivors",0.625,0.416666666666667,0.486111111111111
"non-survivors",0,0.25,0.916666666666667
"non-survivors",0,0.333333333333333,0.8
"non-survivors",0,0.25,0.916666666666667
"survivors",0.75,0.333333333333333,0.425
"survivors",0.625,0.416666666666667,0.430555555555556
"non-survivors",0,0,1
"non-survivors",0.375,0.555555555555556,0.620833333333333
"survivors",0.5,0.333333333333333,0.5
"non-survivors",0,0.212121212121212,0.929292929292929
"survivors",0.5,0.416666666666667,0.583333333333333
"non-survivors",1,0.416666666666667,0.527777777777778
"non-survivors",0,0.333333333333333,0.888888888888889
"survivors",0.625,0.333333333333333,0.5125
"non-survivors",0.625,0.666666666666667,0.569444444444444
"survivors",0.25,0.5,0.638888888888889
"non-survivors",0,0.333333333333333,0.888888888888889
"survivors",0.875,0.333333333333333,0.4375
"survivors",0.625,0.666666666666667,0.2625
"non-survivors",0.375,0.166666666666667,0.7375
"non-survivors",0,0.333333333333333,0.888888888888889
"survivors",0.125,0.555555555555556,0.550925925925926
"survivors",0.5,0.416666666666667,0.527777777777778
"survivors",1,0.555555555555556,0.37037037037037
"non-survivors",0.125,0.166666666666667,0.902777777777778
"non-survivors",0,0.25,0.916666666666667
"non-survivors",0,0.25,0.916666666666667
"survivors",0.625,0.333333333333333,0.5125
"survivors",0.25,0.666666666666667,0.525
"survivors",1,0.416666666666667,0.194444444444444
"survivors",0.5,0.151515151515152,0.671717171717172
"non-survivors",0,0.212121212121212,0.929292929292929
"survivors",0.25,0.583333333333333,0.5
"non-survivors",0,0.0833333333333333,0.972222222222222
"non-survivors",0,0.0833333333333333,0.972222222222222
"survivors",0.375,0.242424242424242,0.683080808080808
"survivors",0.625,0.416666666666667,0.486111111111111
"non-survivors",0.625,0.666666666666667,0.569444444444444
"survivors",1,0.416666666666667,0.194444444444444
"survivors",0,0.166666666666667,0.833333333333333
"non-survivors",0,0.5,0.833333333333333
"non-survivors",0,0.0833333333333333,0.972222222222222
"non-survivors",0,0.212121212121212,0.929292929292929
"non-survivors",0,0.25,0.916666666666667
"survivors",0.5,0.416666666666667,0.527777777777778
"survivors",0.625,0.416666666666667,0.486111111111111
"non-survivors",0,0.166666666666667,0.944444444444444
"survivors",0.375,0.833333333333333,0.430555555555556
"non-survivors",0,0.666666666666667,0.777777777777778
"non-survivors",0,0.555555555555556,0.814814814814815
"non-survivors",0,0.333333333333333,0.888888888888889
"survivors",0.375,0.583333333333333,0.513888888888889
"survivors",0.5,0.416666666666667,0.583333333333333
"survivors",0.625,0.333333333333333,0.5125
"non-survivors",0,0.25,0.916666666666667
"non-survivors",0,0.303030303030303,0.898989898989899
"non-survivors",0,0.25,0.916666666666667
"survivors",0.625,0.333333333333333,0.4625
"survivors",0.5,0.416666666666667,0.527777777777778
"survivors",0.375,0.333333333333333,0.597222222222222
"non-survivors",0.625,0.555555555555556,0.606481481481482
"survivors",0.625,0.333333333333333,0.4625
"non-survivors",0.375,0.333333333333333,0.763888888888889
"non-survivors",0,0.833333333333333,0.722222222222222
"survivors",0.5,0.416666666666667,0.527777777777778
"survivors",0.375,0.5,0.375
"survivors",0.5,0.416666666666667,0.472222222222222
"non-survivors",0.625,0.555555555555556,0.606481481481482
"non-survivors",0,0.583333333333333,0.805555555555556
"non-survivors",0,0.333333333333333,0.888888888888889
"non-survivors",0.375,0.583333333333333,0.6125
"survivors",0.25,0.833333333333333,0.472222222222222
"non-survivors",0.25,0.222222222222222,0.842592592592593
"survivors",0.25,0.242424242424242,0.724747474747475
"survivors",0.25,0.25,0.6
"non-survivors",0,0.416666666666667,0.775
"non-survivors",0,0,1
"non-survivors",0,0.666666666666667,0.777777777777778
"non-survivors",0,0.333333333333333,0.888888888888889
"survivors",0.25,0.75,0.444444444444444
"survivors",0.5,0.416666666666667,0.361111111111111
"non-survivors",0,0.5,0.833333333333333
"survivors",0.25,0.266666666666667,0.716666666666667
"non-survivors",0,0.333333333333333,0.888888888888889
"survivors",1,0.666666666666667,0.166666666666667
"non-survivors",0,0.333333333333333,0.888888888888889
"survivors",0.375,0.333333333333333,0.541666666666667
"non-survivors",0,0.333333333333333,0.888888888888889
"non-survivors",0,0.166666666666667,0.944444444444444
"survivors",0.375,0.296296296296296,0.442901234567901
"non-survivors",0,0.25,0.916666666666667
"non-survivors",0.625,0.666666666666667,0.569444444444444
"non-survivors",1,0.5,0.45
"survivors",0.375,0.393939393939394,0.521464646464647
"non-survivors",1,NA,0.5
"survivors",1,0.416666666666667,0.25
"non-survivors",0,0.25,0.825
"non-survivors",0.5,0.303030303030303,0.659090909090909
"non-survivors",0.375,0.515151515151515,0.632954545454545
"non-survivors",0,0.166666666666667,0.85
"non-survivors",1,0.75,0.375
"non-survivors",0,0.416666666666667,0.861111111111111
"non-survivors",0.625,0.666666666666667,0.569444444444444
"non-survivors",0,0.333333333333333,0.888888888888889
"survivors",1,0.393939393939394,0.331818181818182
"non-survivors",0,0.333333333333333,0.888888888888889
"non-survivors",0,0.0833333333333333,0.875
"non-survivors",0.625,0.666666666666667,0.569444444444444
"survivors",0.25,0.666666666666667,0.583333333333333
"non-survivors",0,0.25,0.916666666666667
"non-survivors",0,0.666666666666667,0.7
"survivors",0.875,0.333333333333333,0.486111111111111
"non-survivors",0.75,0.333333333333333,0.638888888888889
"non-survivors",0,0.0909090909090909,0.872727272727273
"non-survivors",0,0,1
"non-survivors",0,0.25,0.916666666666667
"non-survivors",0,0.75,0.75
"non-survivors",0,0.416666666666667,0.861111111111111
"non-survivors",0,0.333333333333333,0.888888888888889
"non-survivors",0,0.333333333333333,0.8
"non-survivors",0,0.416666666666667,0.861111111111111
"non-survivors",0,0.5,0.833333333333333
"non-survivors",0,0.416666666666667,0.861111111111111
"survivors",0.625,0.5,0.402777777777778
"non-survivors",0,0.212121212121212,0.929292929292929
"survivors",0.625,0.272727272727273,0.589646464646465
"non-survivors",0,0.212121212121212,0.929292929292929
"non-survivors",0.125,0.25,0.875
"survivors",0.125,0.166666666666667,0.791666666666667
"non-survivors",0.625,0.333333333333333,0.680555555555556
"non-survivors",0,0.25,0.916666666666667
"non-survivors",0,0.25,0.916666666666667
"non-survivors",0,0.151515151515152,0.94949494949495
"non-survivors",0,0.166666666666667,0.85
"non-survivors",0,0.166666666666667,0.944444444444444
"non-survivors",0,0.212121212121212,0.929292929292929
"non-survivors",0,0.333333333333333,0.888888888888889
"survivors",0.75,0.333333333333333,0.425
"non-survivors",0,0.166666666666667,0.944444444444444
"non-survivors",0,0.166666666666667,0.85
"non-survivors",0.125,0.333333333333333,0.7625
"non-survivors",0.625,0.166666666666667,0.6625
"non-survivors",0,0.242424242424242,0.919191919191919
"survivors",0.5,0.416666666666667,0.583333333333333
"survivors",0.625,0.333333333333333,0.5125
"non-survivors",0.625,0.25,0.6375
"non-survivors",0,0.222222222222222,0.925925925925926
"non-survivors",0,0.333333333333333,0.888888888888889
"non-survivors",0.125,0.333333333333333,0.847222222222222
"survivors",0.625,0.333333333333333,0.4625
"survivors",0.5,0.416666666666667,0.527777777777778
"non-survivors",0,0.333333333333333,0.888888888888889
"survivors",0.25,0.333333333333333,0.694444444444445
"survivors",0.5,0.583333333333333,0.475
"non-survivors",0.625,0.1,0.758333333333333
"non-survivors",0,0.416666666666667,0.861111111111111
"non-survivors",0.25,0.25,0.833333333333333
"survivors",0.5,0.5,0.555555555555556
"non-survivors",0.75,0.444444444444444,0.541666666666667
"non-survivors",0.125,0.416666666666667,0.819444444444444
"non-survivors",0,0,1
"non-survivors",0.625,0.416666666666667,0.652777777777778
"survivors",1,0.416666666666667,0.416666666666667
"non-survivors",0.625,0.416666666666667,0.652777777777778
"survivors",0.75,0.416666666666667,0.45
"non-survivors",0,0.25,0.916666666666667
"non-survivors",0,0.166666666666667,0.944444444444444
"survivors",0,0.296296296296296,0.711111111111111
"survivors",0.625,0.333333333333333,0.5125
"survivors",0,0.333333333333333,0.722222222222222
"non-survivors",0.375,0.583333333333333,0.680555555555556
"non-survivors",0,0.555555555555556,0.814814814814815
"survivors",0.625,0.333333333333333,0.4625
"non-survivors",0,0.166666666666667,0.944444444444444
"survivors",0,0.416666666666667,0.675
"survivors",0.5,0.333333333333333,0.5
"survivors",0,0.416666666666667,0.625
"survivors",0.625,0.416666666666667,0.486111111111111
"non-survivors",0,0.5,0.833333333333333
"survivors",0.75,0.333333333333333,0.375
"non-survivors",0.25,0.0833333333333333,0.888888888888889
"non-survivors",0,0.212121212121212,0.929292929292929
"non-survivors",0,0.242424242424242,0.919191919191919
"non-survivors",0,0.444444444444444,0.766666666666667
"survivors",0.375,0.75,0.347222222222222
"non-survivors",0,0.555555555555556,0.814814814814815
"non-survivors",0,0.555555555555556,0.814814814814815
"non-survivors",0.875,0.5,0.541666666666667
"survivors",0,0.583333333333333,0.638888888888889
"non-survivors",0,0.416666666666667,0.775
"non-survivors",0.375,0.583333333333333,0.680555555555556
"non-survivors",0.125,0.666666666666667,0.736111111111111
"non-survivors",0.875,0.444444444444444,0.560185185185185
"non-survivors",0,0.333333333333333,0.8
"non-survivors",0.25,0.333333333333333,0.805555555555556
"survivors",0,0.25,0.805555555555556
"non-survivors",0,0.166666666666667,0.85
"non-survivors",0,0.166666666666667,0.944444444444444
"non-survivors",0,0.416666666666667,0.861111111111111
"survivors",0.875,0.666666666666667,0.3375
"non-survivors",0,0.555555555555556,0.814814814814815
"non-survivors",0,0.25,0.916666666666667
"non-survivors",0.375,0.363636363636364,0.678409090909091
"non-survivors",0,0.166666666666667,0.944444444444444
"non-survivors",0,0.333333333333333,0.888888888888889
"non-survivors",0.625,0.555555555555556,0.606481481481482
"non-survivors",0,0.333333333333333,0.888888888888889
"survivors",0.875,0.666666666666667,0.375
"survivors",1,0.666666666666667,0.3
"non-survivors",0,0.25,0.916666666666667
"survivors",0,0.181818181818182,0.828282828282828
"survivors",0.875,0.363636363636364,0.328409090909091
"non-survivors",0,0.166666666666667,0.944444444444444
"non-survivors",0,0.166666666666667,0.85
"non-survivors",0.375,0.333333333333333,0.763888888888889
"non-survivors",0.875,0.5,0.4875
"non-survivors",0.5,0.151515151515152,0.782828282828283
"non-survivors",0,0.166666666666667,0.85
"non-survivors",0,0.666666666666667,0.777777777777778
"non-survivors",0,0.666666666666667,0.777777777777778
"non-survivors",0,0.416666666666667,0.861111111111111
"non-survivors",0.625,0.583333333333333,0.597222222222222
"non-survivors",0,0.25,0.825
"non-survivors",0.625,0.555555555555556,0.606481481481482
"non-survivors",0,0.416666666666667,0.775
"survivors",0,0.75,0.525
"non-survivors",0,0.333333333333333,0.8
"non-survivors",0,0.166666666666667,0.85
"non-survivors",1,0.242424242424242,0.527272727272727
"non-survivors",0,0.0833333333333333,0.875
"non-survivors",0,0.333333333333333,0.8
"non-survivors",0,0.333333333333333,0.888888888888889
"non-survivors",0.125,0.666666666666667,0.6625
"non-survivors",0,0.166666666666667,0.944444444444444
"survivors",0.5,0.5,0.5
"non-survivors",0,0.25,0.825
"survivors",0.625,0.5,0.458333333333333
"survivors",0.5,0.5,0.555555555555556
"non-survivors",0,0.0833333333333333,0.875
"non-survivors",0.625,0.166666666666667,0.736111111111111
"non-survivors",0,0.416666666666667,0.861111111111111
"non-survivors",0.375,0.25,0.7125
"survivors",0.375,0.666666666666667,0.430555555555556
"non-survivors",0,0.166666666666667,0.944444444444444
"non-survivors",0.625,0.333333333333333,0.680555555555556
"non-survivors",0,0.242424242424242,0.919191919191919
"survivors",0.625,0.5,0.458333333333333
"non-survivors",0,0.212121212121212,0.929292929292929
"survivors",0.625,0.416666666666667,0.430555555555556
"non-survivors",0,0.416666666666667,0.861111111111111
"survivors",0.375,0.5,0.541666666666667
"survivors",0.625,0.5,0.458333333333333
"non-survivors",0,0.272727272727273,0.909090909090909
"survivors",0.75,0.416666666666667,0.45
"survivors",0,0.0833333333333333,0.725
"survivors",0,0.666666666666667,0.444444444444444
"survivors",0.5,0.666666666666667,0.5
"non-survivors",0,0.212121212121212,0.929292929292929
"non-survivors",0.625,0.166666666666667,0.736111111111111
"non-survivors",0,0.583333333333333,0.805555555555556
"non-survivors",0.625,0.0606060606060606,0.771464646464647
"survivors",0.5,0.5,0.5
"non-survivors",0,0.5,0.833333333333333
"survivors",0,0.5,0.722222222222222
"non-survivors",0,0.25,0.825
"survivors",0.5,0.484848484848485,0.44949494949495
"survivors",0,0.333333333333333,0.777777777777778
"non-survivors",0,0.25,0.825
"non-survivors",0.5,0.151515151515152,0.782828282828283
"survivors",0.5,0.25,0.638888888888889
"non-survivors",0.75,0.121212121212121,0.70959595959596
"non-survivors",0,0,1
"non-survivors",0,0.166666666666667,0.944444444444444
"survivors",0.875,0.212121212121212,0.323863636363636
"non-survivors",0.125,0.25,0.7875
"non-survivors",0,0.25,0.825
"non-survivors",0,0.416666666666667,0.861111111111111
"survivors",0,0.416666666666667,0.527777777777778
"survivors",0,0.583333333333333,0.694444444444445
"non-survivors",0,0.166666666666667,0.85
"survivors",0.125,0,0.736111111111111
"non-survivors",0,0.5,0.833333333333333
"non-survivors",0,0.166666666666667,0.944444444444444
"non-survivors",0,0.166666666666667,0.85
"non-survivors",0,0.416666666666667,0.861111111111111
"non-survivors",0,0.166666666666667,0.944444444444444
"non-survivors",0.625,0.75,0.4875
"survivors",0,0.75,0.472222222222222
"survivors",0.375,0.25,0.680555555555556
"survivors",0,0.25,0.805555555555556
"non-survivors",0,0.5,0.75
"non-survivors",0.25,0.166666666666667,0.775
"non-survivors",0.25,0.5,0.75
"non-survivors",0,0.166666666666667,0.85
"non-survivors",0,0.555555555555556,0.814814814814815
"non-survivors",0,0.25,0.916666666666667
"non-survivors",0,0.166666666666667,0.944444444444444
"survivors",1,0.363636363636364,0.340909090909091
"non-survivors",0,0.212121212121212,0.929292929292929
"non-survivors",0,0.25,0.916666666666667
"non-survivors",0.125,0.416666666666667,0.7375
"non-survivors",0,0.166666666666667,0.944444444444444
"non-survivors",0.875,0.333333333333333,0.597222222222222
"non-survivors",0,0.212121212121212,0.929292929292929
"survivors",0.375,0.424242424242424,0.622474747474748
"non-survivors",0,0.0606060606060606,0.97979797979798
"non-survivors",0.625,0.25,0.708333333333333
"non-survivors",0,0.666666666666667,0.777777777777778
"non-survivors",1,0.416666666666667,0.527777777777778
"survivors",0,0.75,0.583333333333333
"non-survivors",0.125,0.416666666666667,0.819444444444444
"non-survivors",0,0.25,0.916666666666667
"survivors",0.25,0.363636363636364,0.684343434343434
"non-survivors",0,0.416666666666667,0.775
"non-survivors",0,0.166666666666667,0.944444444444444
"non-survivors",0,0.242424242424242,0.919191919191919
"survivors",0.375,0.444444444444444,0.615740740740741
"non-survivors",0,0.25,0.916666666666667
"survivors",0.125,0.416666666666667,0.708333333333333
"survivors",0,0.5,0.666666666666667
"non-survivors",0,0.25,0.916666666666667
"non-survivors",0,0.5,0.833333333333333
"survivors",0,0.416666666666667,0.583333333333333
"survivors",0.25,0.5,0.638888888888889
"survivors",0,0.333333333333333,0.777777777777778
"non-survivors",0,0.666666666666667,0.7
"survivors",0.5,0.393939393939394,0.535353535353535
"non-survivors",0,0.166666666666667,0.944444444444444
"survivors",1,0.424242424242424,0.303030303030303
"non-survivors",0.25,0.242424242424242,0.752272727272727
"non-survivors",0,0.416666666666667,0.861111111111111
"survivors",0.375,0.583333333333333,0.569444444444445
"survivors",0.5,0.393939393939394,0.331818181818182
"non-survivors",0,0.333333333333333,0.888888888888889
"non-survivors",0.625,0.666666666666667,0.569444444444444
"survivors",0.5,0.5,0.333333333333333
"non-survivors",0.375,0.416666666666667,0.736111111111111
"non-survivors",0,0.888888888888889,0.703703703703704
"non-survivors",0,0.583333333333333,0.725
"non-survivors",0,0.0833333333333333,0.875
"non-survivors",0,0.333333333333333,0.888888888888889
"survivors",1,0.5,0.222222222222222
"non-survivors",0.25,0.333333333333333,0.725
"non-survivors",0,0.25,0.916666666666667
"survivors",0.125,0.393939393939394,0.644318181818182
"non-survivors",0,0.166666666666667,0.944444444444444
"survivors",0.25,0.416666666666667,0.6
"survivors",0.125,0.416666666666667,0.708333333333333
"survivors",0.875,0.393939393939394,0.369318181818182
"non-survivors",1,0.416666666666667,0.475
"non-survivors",0,0.416666666666667,0.775
"survivors",0.25,0.727272727272727,0.356818181818182
"non-survivors",0.25,0.333333333333333,0.725
"survivors",0.375,0.333333333333333,0.430555555555556
"survivors",0.5,0.583333333333333,0.527777777777778
"non-survivors",0,0,0.9
"non-survivors",0.625,0.583333333333333,0.5375
"non-survivors",1,0.333333333333333,0.555555555555556
"non-survivors",0.75,0.416666666666667,0.55
"survivors",0.25,0.212121212121212,0.661363636363636
"non-survivors",0,0.25,0.825
"non-survivors",0,0.666666666666667,0.777777777777778
"non-survivors",0,0.333333333333333,0.8
"non-survivors",0,0.555555555555556,0.814814814814815
"survivors",0,0.272727272727273,0.718181818181818
"non-survivors",0,0.583333333333333,0.805555555555556
"non-survivors",0,0.0833333333333333,0.972222222222222
"survivors",0.25,0.242424242424242,0.724747474747475
"survivors",0,0.333333333333333,0.555555555555556
"non-survivors",0,0.416666666666667,0.861111111111111
"non-survivors",0,0.666666666666667,0.7
"non-survivors",1,0.777777777777778,0.407407407407407
"non-survivors",0,0.25,0.825
"non-survivors",0,0.416666666666667,0.775
"survivors",0.5,0.272727272727273,0.568181818181818
"non-survivors",0,0.5,0.75
"non-survivors",0,0.166666666666667,0.944444444444444
"non-survivors",1,0.166666666666667,0.611111111111111
"non-survivors",1,0.666666666666667,0.444444444444444
"non-survivors",1,0.777777777777778,0.407407407407407
"survivors",0.625,0.363636363636364,0.503409090909091
"non-survivors",0.125,0.25,0.7875
"non-survivors",0,0.166666666666667,0.944444444444444
"non-survivors",0.75,0.272727272727273,0.593181818181818
"non-survivors",0,0.166666666666667,0.85
"non-survivors",0,0.5,0.75
"non-survivors",1,0.454545454545455,0.515151515151515
"non-survivors",0,0.416666666666667,0.775
"non-survivors",0,0.416666666666667,0.775
"non-survivors",0.125,0.25,0.875
"non-survivors",0,0.296296296296296,0.901234567901235
"non-survivors",0,0.242424242424242,0.919191919191919
"non-survivors",0.25,0.333333333333333,0.725
"survivors",0.875,0.303030303030303,0.396590909090909
"non-survivors",0,0.181818181818182,0.939393939393939
"survivors",0.625,0.5,0.513888888888889
"survivors",0.5,0.5,0.555555555555556
"survivors",0.625,0.416666666666667,0.541666666666667
"non-survivors",0.25,0.416666666666667,0.777777777777778
"non-survivors",0.375,0.333333333333333,0.763888888888889
"survivors",1,0.5,0.388888888888889
"survivors",0.625,0.5,0.458333333333333
"survivors",0.375,0.416666666666667,0.569444444444444
"survivors",0.625,0.5,0.513888888888889
"survivors",0.625,0.583333333333333,0.430555555555556
"survivors",0.625,0.416666666666667,0.4875
"survivors",0,0.5,0.722222222222222
"non-survivors",0,0.25,0.916666666666667
"non-survivors",0,0.166666666666667,0.944444444444444
"non-survivors",0,0.333333333333333,0.888888888888889
"non-survivors",0,0.166666666666667,0.944444444444444
"non-survivors",0,0.166666666666667,0.85
"survivors",0,0.333333333333333,0.777777777777778
"survivors",0.5,0.5,0.555555555555556
"non-survivors",0,0.0833333333333333,0.972222222222222
"non-survivors",0.125,0.416666666666667,0.7375
"non-survivors",0,0.25,0.916666666666667
"non-survivors",0,0.25,0.916666666666667
"non-survivors",0,0,1
"non-survivors",0,0.0833333333333333,0.875
"non-survivors",0,0.242424242424242,0.919191919191919
"non-survivors",0,0.0606060606060606,0.97979797979798
"non-survivors",0,0.166666666666667,0.944444444444444
"survivors",0.5,0.333333333333333,0.611111111111111
"non-survivors",0,0.166666666666667,0.944444444444444
"non-survivors",0,0.5,0.75
"non-survivors",0.625,0.416666666666667,0.5875
"non-survivors",0,0.25,0.916666666666667
"non-survivors",0.75,0.181818181818182,0.689393939393939
"survivors",0.875,0.666666666666667,0.2375
"survivors",0.75,0.5,0.472222222222222
"non-survivors",0,0.25,0.916666666666667
"survivors",0,0.333333333333333,0.777777777777778
"non-survivors",0,0.333333333333333,0.888888888888889
"survivors",0,0.5,0.722222222222222
"non-survivors",0.125,0.333333333333333,0.847222222222222
"non-survivors",0,0.121212121212121,0.95959595959596
"non-survivors",0,0.25,0.916666666666667
"non-survivors",0.25,0.333333333333333,0.805555555555556
"survivors",0.75,0.545454545454545,0.411363636363636
"non-survivors",0,0.0833333333333333,0.972222222222222
"survivors",0.125,0.75,0.597222222222222
"non-survivors",0,0.25,0.916666666666667
"survivors",0.375,0.416666666666667,0.625
"non-survivors",0,0.166666666666667,0.944444444444444
"non-survivors",0,0.166666666666667,0.944444444444444
"survivors",0.25,0.416666666666667,0.6
"non-survivors",0.25,0.583333333333333,0.722222222222222
"non-survivors",0,0.25,0.916666666666667
"non-survivors",0,0.333333333333333,0.8
"non-survivors",0,0.166666666666667,0.944444444444444
"survivors",0.5,0.583333333333333,0.475
"survivors",0,0.333333333333333,0.666666666666667
"non-survivors",0,0.25,0.825
"non-survivors",0.5,0.333333333333333,0.722222222222222
"non-survivors",0,0.416666666666667,0.861111111111111
"non-survivors",0.625,0.583333333333333,0.5375
"non-survivors",0,0.333333333333333,0.8
"non-survivors",0.25,0.333333333333333,0.725
"non-survivors",0.75,0.25,0.666666666666667
"non-survivors",0.125,0.333333333333333,0.7625
"survivors",1,0.787878787878788,0.0707070707070707
"non-survivors",0.125,0.5,0.7125
"survivors",0.75,0.666666666666667,0.375
"non-survivors",0,0.166666666666667,0.944444444444444
"non-survivors",0.25,0.333333333333333,0.805555555555556
"survivors",0.25,0.416666666666667,0.666666666666667
"non-survivors",0,0.25,0.916666666666667
"survivors",0.125,0.166666666666667,0.791666666666667
"non-survivors",0.625,0.37037037037037,0.601388888888889
"survivors",0.625,0.333333333333333,0.5125
"non-survivors",0,0.333333333333333,0.888888888888889
"non-survivors",0,0.166666666666667,0.85
"non-survivors",0,0.416666666666667,0.775
"non-survivors",0.875,0.0909090909090909,0.678030303030303
"non-survivors",0.125,0,0.958333333333333
"survivors",0.375,0.416666666666667,0.402777777777778
"non-survivors",0,0.25,0.916666666666667
"non-survivors",0,0.25,0.825
"survivors",1,0.416666666666667,0.225
"survivors",0.625,0.25,0.597222222222222
"survivors",0.375,0.75,0.4125
"survivors",0.875,0.666666666666667,0.319444444444444
"survivors",1,0.416666666666667,0.416666666666667
"survivors",0.375,0.303030303030303,0.551767676767677
"survivors",0.375,0.583333333333333,0.4625
"non-survivors",0.875,0.5,0.4875
"survivors",0.25,0.363636363636364,0.628787878787879
"non-survivors",0.375,0.25,0.791666666666667
"survivors",0.375,0.555555555555556,0.520833333333333
"survivors",0.125,0.424242424242424,0.485227272727273
"non-survivors",0,0.333333333333333,0.888888888888889
"non-survivors",1,0.583333333333333,0.472222222222222
"non-survivors",0.25,0.25,0.75
"non-survivors",0.875,0.583333333333333,0.513888888888889
"non-survivors",0.25,0.583333333333333,0.722222222222222
"survivors",0.125,0.25,0.763888888888889
"non-survivors",0,0.25,0.916666666666667
"non-survivors",0,0,1
"non-survivors",0.25,0.133333333333333,0.872222222222222
"survivors",0.5,0.5,0.555555555555556
"non-survivors",0,0.25,0.916666666666667
"survivors",0.375,0.5,0.486111111111111
"survivors",0.375,0.5,0.486111111111111
"survivors",0.625,0.5,0.513888888888889
"survivors",0.25,0.5,0.525
"non-survivors",0,0.166666666666667,0.85
"survivors",0.25,0.5,0.638888888888889
"non-survivors",0,0.25,0.916666666666667
"non-survivors",0,0.166666666666667,0.85
"non-survivors",0,0.666666666666667,0.777777777777778
"survivors",0.375,0.5,0.5375
"non-survivors",0,0.25,0.916666666666667
"non-survivors",0,0.333333333333333,0.888888888888889
"non-survivors",0,0.25,0.916666666666667
"non-survivors",0,0.666666666666667,0.777777777777778
"non-survivors",0,0.333333333333333,0.8
"survivors",0.5,0.454545454545455,0.515151515151515
"non-survivors",0,0.0833333333333333,0.972222222222222
"non-survivors",0.125,0.0833333333333333,0.930555555555556
"non-survivors",0,0.0909090909090909,0.96969696969697
"non-survivors",0,0.666666666666667,0.777777777777778
"non-survivors",0,0.25,0.916666666666667
"survivors",0.375,0.222222222222222,0.620833333333333
"survivors",0.625,0.416666666666667,0.3875
"non-survivors",0,0.333333333333333,0.888888888888889
"non-survivors",0.125,0.151515151515152,0.907828282828283
"non-survivors",0,0.222222222222222,0.925925925925926
"non-survivors",0.625,0.166666666666667,0.736111111111111
"non-survivors",0.625,0.166666666666667,0.736111111111111
"survivors",0,0.416666666666667,0.75
"non-survivors",0,0.25,0.916666666666667
"non-survivors",0,0.333333333333333,0.888888888888889
"non-survivors",0.25,0.166666666666667,0.861111111111111
"non-survivors",0.25,0.416666666666667,0.777777777777778
"survivors",0.375,0.5,0.486111111111111
"non-survivors",0,0.583333333333333,0.805555555555556
"survivors",0.625,0.5,0.458333333333333
"survivors",0,0.555555555555556,0.648148148148148
"non-survivors",0,0.166666666666667,0.944444444444444
"survivors",0.5,0.5,0.555555555555556
"non-survivors",0.25,0.166666666666667,0.861111111111111
"non-survivors",0,0.416666666666667,0.861111111111111
"non-survivors",0,0.333333333333333,0.888888888888889
"survivors",0.375,0.25,0.625
"non-survivors",0,0.166666666666667,0.85
"survivors",0.875,0.5,0.375
"non-survivors",0.125,0.333333333333333,0.7625
"survivors",0.5,0.454545454545455,0.570707070707071
"non-survivors",0.5,0.5,0.666666666666667
"survivors",0.5,0.5,0.555555555555556
"non-survivors",0,0.222222222222222,0.833333333333333
"non-survivors",0,0.25,0.916666666666667
"non-survivors",0.25,0.25,0.833333333333333
"non-survivors",0,0.5,0.833333333333333
"non-survivors",0,0.0833333333333333,0.972222222222222
"survivors",0.375,0.5,0.541666666666667
"survivors",0.375,0.5,0.541666666666667
"survivors",0.5,0.5,0.555555555555556
"non-survivors",0,0.333333333333333,0.888888888888889
"survivors",0,0.0909090909090909,0.747474747474748
"non-survivors",0.125,0.25,0.875
"non-survivors",0,0.416666666666667,0.861111111111111
"survivors",0.625,0.25,0.4875
"non-survivors",0,0.333333333333333,0.8
"survivors",0.875,0.416666666666667,0.3125
"non-survivors",0,0.416666666666667,0.861111111111111
"non-survivors",0,0.25,0.916666666666667
"survivors",0,0.75,0.638888888888889
"non-survivors",0,0.5,0.833333333333333
"non-survivors",0,0.222222222222222,0.925925925925926
"non-survivors",0,0.166666666666667,0.944444444444444
"survivors",0,0.25,0.75
"non-survivors",0,0.333333333333333,0.888888888888889
"non-survivors",0.25,0.111111111111111,0.87962962962963
"non-survivors",0.125,0.416666666666667,0.819444444444444
"non-survivors",0,0.111111111111111,0.962962962962963
"non-survivors",0,0.0606060606060606,0.881818181818182
"non-survivors",0.125,0.333333333333333,0.847222222222222
"survivors",0.125,0.333333333333333,0.680555555555556
"non-survivors",0,0,0.9
"non-survivors",0.125,0.5,0.791666666666667
"survivors",0.5,0.5,0.5
"survivors",0.75,0.5,0.416666666666667
"survivors",0.5,0.5,0.444444444444444
"survivors",0.5,0.583333333333333,0.416666666666667
"survivors",0.375,0.416666666666667,0.513888888888889
"survivors",0.625,0.5,0.458333333333333
"survivors",0.5,0.5,0.444444444444444
"survivors",0.5,0.5,0.5
"non-survivors",0.125,0.5,0.791666666666667
"non-survivors",0.125,0.25,0.875
"non-survivors",0,0.5,0.833333333333333
"non-survivors",0.875,0.5,0.541666666666667
"non-survivors",0.125,0.166666666666667,0.902777777777778
"non-survivors",0.625,0.333333333333333,0.6125
"survivors",0.125,0.333333333333333,0.736111111111111
"non-survivors",0,0.166666666666667,0.944444444444444
"non-survivors",0.125,0.0606060606060606,0.938131313131313
"survivors",0.5,0.583333333333333,0.375
"non-survivors",0,0.25,0.916666666666667
"survivors",0.375,0.166666666666667,0.6375
"non-survivors",0,0.166666666666667,0.944444444444444
"non-survivors",0,0.25,0.916666666666667
"non-survivors",0,0.333333333333333,0.888888888888889
"non-survivors",0.25,0.333333333333333,0.805555555555556
"non-survivors",0.5,0.75,0.525
"non-survivors",0.25,0.166666666666667,0.861111111111111
"non-survivors",0.25,0.272727272727273,0.743181818181818
"non-survivors",0,0.166666666666667,0.944444444444444
"survivors",0.75,0.444444444444444,0.291666666666667
"survivors",0.125,0.166666666666667,0.791666666666667
"survivors",0,0.166666666666667,0.722222222222222
"non-survivors",0.625,0.416666666666667,0.652777777777778
"survivors",0.375,0.416666666666667,0.625
"survivors",0,0.5,0.722222222222222
"non-survivors",0,0.25,0.916666666666667
"survivors",0.25,0.5,0.638888888888889
"non-survivors",0.375,0.666666666666667,0.652777777777778
"non-survivors",0.125,0.111111111111111,0.921296296296296
"survivors",0.375,0.666666666666667,0.430555555555556
"non-survivors",0,0.5,0.833333333333333
"survivors",0.125,0.25,0.6875
"non-survivors",0,0.5,0.833333333333333
"survivors",0.625,0.708333333333333,0.3
"survivors",0.875,0.583333333333333,0.3625
"non-survivors",0.375,0.5,0.708333333333333
"non-survivors",0.25,0.666666666666667,0.694444444444444
"survivors",0,0.333333333333333,0.777777777777778
"non-survivors",0,0.5,0.833333333333333
"survivors",0,0.25,0.75
"non-survivors",0,0.333333333333333,0.888888888888889
"survivors",0.75,0.25,0.5
"non-survivors",0.125,0.416666666666667,0.819444444444444
"non-survivors",0,0.583333333333333,0.805555555555556
"non-survivors",0.25,0.0606060606060606,0.896464646464647
"survivors",0.75,0.5,0.416666666666667
"survivors",0.125,0.25,0.763888888888889
"non-survivors",0.25,0.333333333333333,0.805555555555556
"non-survivors",0,0.416666666666667,0.861111111111111
"non-survivors",0,0.25,0.916666666666667
"survivors",0.125,0.5,0.680555555555556
"survivors",0,0.583333333333333,0.638888888888889
"non-survivors",0,0.333333333333333,0.888888888888889
"non-survivors",0,0.333333333333333,0.888888888888889
"survivors",0.5,0.444444444444444,0.407407407407407
"survivors",1,0.481481481481481,0.339506172839506
"non-survivors",0.375,0.25,0.7125
"non-survivors",0,0.5,0.833333333333333
"survivors",0,0.416666666666667,0.675
"survivors",0.5,0.5,0.444444444444444
"non-survivors",0.75,0.5,0.583333333333333
"survivors",0.5,0.333333333333333,0.555555555555556
"non-survivors",0.25,0.25,0.833333333333333
"survivors",0.125,0.333333333333333,0.736111111111111
"survivors",0.375,0.818181818181818,0.380050505050505
"survivors",0,0.444444444444444,0.740740740740741
"non-survivors",0.375,0.222222222222222,0.800925925925926
"survivors",0,0.25,0.805555555555556
"non-survivors",0.125,0.166666666666667,0.8125
"survivors",0.5,0.583333333333333,0.325
"non-survivors",0,0.444444444444444,0.851851851851852
"non-survivors",0,0.166666666666667,0.944444444444444
"survivors",0.875,0.166666666666667,0.4375
"non-survivors",0.125,0.333333333333333,0.847222222222222
"non-survivors",0,0.583333333333333,0.805555555555556
"survivors",0.625,0.481481481481481,0.353395061728395
"non-survivors",0.375,0.416666666666667,0.736111111111111
"non-survivors",0.125,0.333333333333333,0.847222222222222
"survivors",0.75,0.583333333333333,0.4
"survivors",0.375,0.416666666666667,0.625
"non-survivors",0,0.333333333333333,0.8
"non-survivors",0.125,0.0303030303030303,0.948232323232323
"non-survivors",0.125,0.583333333333333,0.763888888888889
"non-survivors",0.25,0.166666666666667,0.861111111111111
"non-survivors",0.375,0.333333333333333,0.763888888888889
"survivors",0.75,0.5,0.472222222222222
"survivors",0.125,0.666666666666667,0.625
"survivors",0,0.583333333333333,0.694444444444445
"non-survivors",0,0.25,0.916666666666667
"non-survivors",0.25,0.333333333333333,0.805555555555556
"survivors",0.125,0.222222222222222,0.695833333333333
"non-survivors",0,0.333333333333333,0.8
"non-survivors",0.125,0.166666666666667,0.902777777777778
"non-survivors",0.375,0.416666666666667,0.736111111111111
"non-survivors",0.125,0.166666666666667,0.8125
"non-survivors",0.125,0.111111111111111,0.921296296296296
"non-survivors",0.375,0.0303030303030303,0.86489898989899
"non-survivors",0,0.25,0.916666666666667
"non-survivors",0,0.333333333333333,0.888888888888889
"non-survivors",0.25,0.166666666666667,0.861111111111111
"non-survivors",0,0.333333333333333,0.888888888888889
"non-survivors",0,0.333333333333333,0.8
"non-survivors",0,0.272727272727273,0.909090909090909
"survivors",0,0.416666666666667,0.625
"non-survivors",0,0.222222222222222,0.925925925925926
"survivors",0,0.5,0.722222222222222
"non-survivors",0.125,0.25,0.7875
"non-survivors",0.125,0.25,0.875
"survivors",0,0.5,0.55
"non-survivors",0,0.333333333333333,0.8
"non-survivors",0.25,0.166666666666667,0.775
"non-survivors",0,0.333333333333333,0.888888888888889
"survivors",0,0.333333333333333,0.6
"survivors",0.375,0.5,0.5375
"survivors",0.5,0.416666666666667,0.472222222222222
"non-survivors",0,0.242424242424242,0.919191919191919
"non-survivors",0,0.333333333333333,0.8
"non-survivors",0,0.25,0.825
"non-survivors",0.125,0.25,0.875
"non-survivors",0,0.212121212121212,0.836363636363636
"survivors",0.125,0.583333333333333,0.541666666666667
"non-survivors",0,0.583333333333333,0.805555555555556
"survivors",0,0.333333333333333,0.611111111111111
"survivors",0.375,0.333333333333333,0.597222222222222
"non-survivors",0,0.0666666666666667,0.977777777777778
"survivors",0.25,0.0833333333333333,0.7
"non-survivors",0.5,0.5,0.6
"non-survivors",0.25,0.583333333333333,0.722222222222222
"non-survivors",0.375,0.222222222222222,0.720833333333333
"non-survivors",0.375,0.416666666666667,0.736111111111111
"non-survivors",0.125,0.416666666666667,0.819444444444444
"non-survivors",0,0.242424242424242,0.919191919191919
"non-survivors",0,0.583333333333333,0.805555555555556
"non-survivors",0.125,0.25,0.875
"non-survivors",0,0.333333333333333,0.8
"non-survivors",0,0.0833333333333333,0.972222222222222
"survivors",0.125,0.75,0.5375
"non-survivors",0.125,0.583333333333333,0.6875
"non-survivors",0,0.5,0.833333333333333
"non-survivors",0,0.416666666666667,0.861111111111111
"non-survivors",0,0.212121212121212,0.929292929292929
"survivors",0.25,0.333333333333333,0.694444444444445
"non-survivors",0,0.25,0.825
"non-survivors",0.75,0.5,0.583333333333333
"survivors",0,0.5,0.666666666666667
"non-survivors",0,0.333333333333333,0.8
"non-survivors",0.375,0.583333333333333,0.680555555555556
"non-survivors",0.25,0.5,0.75
"non-survivors",0.625,0.333333333333333,0.6125
"non-survivors",0,0.181818181818182,0.939393939393939
"non-survivors",0.375,0.555555555555556,0.620833333333333
"survivors",0.625,0.666666666666667,0.3125
"non-survivors",0.25,0.25,0.833333333333333
"non-survivors",0,0.416666666666667,0.775
"non-survivors",0,0.222222222222222,0.925925925925926
"survivors",0,0.333333333333333,0.722222222222222
"non-survivors",0,0.416666666666667,0.861111111111111
"survivors",0.125,0.583333333333333,0.597222222222222
"non-survivors",0,0.25,0.916666666666667
"non-survivors",0.25,0.037037037037037,0.813888888888889
"non-survivors",0.25,0.333333333333333,0.805555555555556
"non-survivors",0,0.666666666666667,0.777777777777778
"survivors",0.75,0.25,0.555555555555556
"non-survivors",0,0.25,0.916666666666667
"non-survivors",0.125,0.333333333333333,0.847222222222222
"non-survivors",0,0.333333333333333,0.888888888888889
"non-survivors",0.125,0.25,0.875
"non-survivors",0.125,0.416666666666667,0.819444444444444
"non-survivors",0,0.416666666666667,0.861111111111111
"non-survivors",0.125,0.0833333333333333,0.930555555555556
"non-survivors",0.5,0.666666666666667,0.611111111111111
"survivors",0.125,0.366666666666667,0.5525
"survivors",0,0.75,0.638888888888889
"non-survivors",0,0.333333333333333,0.888888888888889
"survivors",0,0.5,0.722222222222222
"non-survivors",0,0.583333333333333,0.805555555555556
"survivors",0.25,0.151515151515152,0.679545454545455
"non-survivors",0,0.555555555555556,0.814814814814815
"survivors",0.125,0.0606060606060606,0.827020202020202
"non-survivors",0.25,0.416666666666667,0.777777777777778
"non-survivors",0,0,1
"non-survivors",0,0.333333333333333,0.8
"non-survivors",0.25,0.151515151515152,0.866161616161616
"non-survivors",0,0.0833333333333333,0.972222222222222
"non-survivors",0,0.333333333333333,0.888888888888889
"non-survivors",0.125,0.25,0.875
"non-survivors",0.375,0,0.875
"survivors",0.625,0.636363636363636,0.271590909090909
"non-survivors",0,0.0833333333333333,0.972222222222222
"non-survivors",0.125,0.583333333333333,0.6875
"survivors",0,0.444444444444444,0.740740740740741
"non-survivors",0,0,1
"non-survivors",0,0.333333333333333,0.888888888888889
"non-survivors",0,0.416666666666667,0.861111111111111
"survivors",0,0.5,0.722222222222222
"non-survivors",0,0.166666666666667,0.944444444444444
"non-survivors",0.375,0.333333333333333,0.763888888888889
"survivors",0.125,0.416666666666667,0.652777777777778
"non-survivors",0.25,0.25,0.833333333333333
"non-survivors",0.125,0.25,0.875
"non-survivors",0.25,0.25,0.75
"non-survivors",0,0.5,0.833333333333333
"survivors",0.625,0.5,0.458333333333333
"survivors",0.375,0.416666666666667,0.5625
"survivors",0,0.333333333333333,0.777777777777778
"non-survivors",0.25,0.333333333333333,0.805555555555556
"non-survivors",0,0.0833333333333333,0.972222222222222
"non-survivors",0.125,0.444444444444444,0.810185185185185
"non-survivors",0.625,0.583333333333333,0.597222222222222
"non-survivors",0,0.212121212121212,0.836363636363636
"non-survivors",0.375,0.222222222222222,0.800925925925926
"non-survivors",0.5,0,0.75
"non-survivors",0,0.5,0.75
"non-survivors",0,0.166666666666667,0.944444444444444
"survivors",0,0.5,0.722222222222222
"non-survivors",0,0.242424242424242,0.919191919191919
"non-survivors",0.25,0.222222222222222,0.842592592592593
"survivors",0.25,0.583333333333333,0.555555555555556
"non-survivors",0,0.416666666666667,0.861111111111111
"non-survivors",0.125,0.666666666666667,0.736111111111111
"non-survivors",0,0.166666666666667,0.944444444444444
"survivors",0.875,0.0833333333333333,0.4625
"non-survivors",0,0.166666666666667,0.944444444444444
"non-survivors",0.375,0.166666666666667,0.819444444444444
"non-survivors",0,0.25,0.916666666666667
"survivors",0.125,0.25,0.763888888888889
"non-survivors",0.125,0.333333333333333,0.847222222222222
"non-survivors",0,0.333333333333333,0.888888888888889
"non-survivors",0.375,0.0833333333333333,0.847222222222222
"non-survivors",0.125,0.222222222222222,0.795833333333333
"survivors",0.25,0.416666666666667,0.611111111111111
"survivors",0.75,0.583333333333333,0.333333333333333
"non-survivors",0.375,0.5,0.6375
"non-survivors",0,0.166666666666667,0.85
"non-survivors",0,0.166666666666667,0.944444444444444
"non-survivors",0.125,0.25,0.875
"non-survivors",0,0.416666666666667,0.861111111111111
"non-survivors",0,0.25,0.916666666666667
"non-survivors",0.25,0.666666666666667,0.625
"non-survivors",0,0,1
"non-survivors",0,0.25,0.825
"non-survivors",0.125,0.25,0.875
"non-survivors",0,0.166666666666667,0.944444444444444
"non-survivors",0,0.333333333333333,0.888888888888889
"survivors",0,0.0833333333333333,0.75
"survivors",0.375,0.666666666666667,0.4875
"non-survivors",0,0.416666666666667,0.861111111111111
"non-survivors",0.25,0.166666666666667,0.861111111111111
"non-survivors",0,0.25,0.916666666666667
"non-survivors",0,0.25,0.916666666666667
"non-survivors",0,0.416666666666667,0.861111111111111
"non-survivors",0.125,0.555555555555556,0.773148148148148
"non-survivors",0,0.416666666666667,0.861111111111111
"non-survivors",0,0.111111111111111,0.866666666666667
"non-survivors",0,0.166666666666667,0.944444444444444
"non-survivors",0,0.222222222222222,0.925925925925926
"survivors",0.375,0.416666666666667,0.569444444444444
"survivors",0.75,0.222222222222222,0.508333333333333
"non-survivors",0,0.242424242424242,0.919191919191919
"non-survivors",0,0.0833333333333333,0.972222222222222
"non-survivors",0.125,0.25,0.875
"non-survivors",0,0.333333333333333,0.8
"non-survivors",0.125,0.416666666666667,0.819444444444444
"survivors",0.125,0.25,0.763888888888889
"non-survivors",0,0.272727272727273,0.909090909090909
"non-survivors",0.75,0.555555555555556,0.508333333333333
"non-survivors",0.25,0.583333333333333,0.722222222222222
"survivors",0.5,0.151515151515152,0.604545454545455
"non-survivors",0.375,0.333333333333333,0.763888888888889
"survivors",0.25,0.0606060606060606,0.785353535353535
"non-survivors",0,0.583333333333333,0.805555555555556
"non-survivors",0.375,0.222222222222222,0.720833333333333
"non-survivors",0,0.333333333333333,0.888888888888889
"survivors",0.125,0.333333333333333,0.6625
"non-survivors",0.125,0.222222222222222,0.884259259259259
"non-survivors",0,0.25,0.916666666666667
"non-survivors",0,0.333333333333333,0.888888888888889
"non-survivors",0.125,0,0.8625
"survivors",0.75,0.666666666666667,0.375
"non-survivors",0,0.212121212121212,0.929292929292929
"non-survivors",0,0.166666666666667,0.944444444444444
"non-survivors",0.375,0.666666666666667,0.5875
"non-survivors",0.375,0.416666666666667,0.736111111111111
"non-survivors",0.75,0.454545454545455,0.538636363636364
"non-survivors",0.125,0.416666666666667,0.7375
"non-survivors",0,0.333333333333333,0.888888888888889
"non-survivors",0,0.444444444444444,0.766666666666667
"non-survivors",0.125,0.5,0.791666666666667
"non-survivors",0,0.333333333333333,0.8
"non-survivors",0.5,0.416666666666667,0.694444444444444
"non-survivors",0,0.166666666666667,0.944444444444444
"non-survivors",0.75,0.515151515151515,0.578282828282828
"non-survivors",0.125,0.5,0.791666666666667
"non-survivors",0.125,0.333333333333333,0.847222222222222
"non-survivors",0,0.222222222222222,0.925925925925926
"non-survivors",0,0.242424242424242,0.919191919191919
"non-survivors",0,0.583333333333333,0.805555555555556
"survivors",0,0.416666666666667,0.675
"non-survivors",0.25,0.25,0.833333333333333
"non-survivors",0.5,0.333333333333333,0.722222222222222
"non-survivors",0,0.333333333333333,0.888888888888889
"survivors",1,0.666666666666667,0.15
"non-survivors",0.5,0.0833333333333333,0.805555555555556
"non-survivors",0.625,0.333333333333333,0.6125
"survivors",0,0.333333333333333,0.65
"non-survivors",0.25,0.166666666666667,0.861111111111111
"survivors",0.25,0.583333333333333,0.555555555555556
"non-survivors",0.125,0.166666666666667,0.902777777777778
"non-survivors",0,0.25,0.916666666666667
"non-survivors",0,0.25,0.916666666666667
"survivors",1,0.166666666666667,0.444444444444444
"non-survivors",0.125,0.222222222222222,0.884259259259259
"non-survivors",0.75,0.303030303030303,0.584090909090909
"non-survivors",0,0.25,0.825
"non-survivors",0.125,0.166666666666667,0.902777777777778
"survivors",0.125,0.444444444444444,0.629166666666667
"non-survivors",0,0.166666666666667,0.85
"survivors",0.25,0.583333333333333,0.55
"non-survivors",0,0,1
"non-survivors",0.25,0.25,0.833333333333333
"non-survivors",0.125,0.25,0.875
"non-survivors",0,0.5,0.833333333333333
"survivors",0.125,0.166666666666667,0.736111111111111
"non-survivors",0.125,0.333333333333333,0.847222222222222
"non-survivors",0.5,0.166666666666667,0.777777777777778
"survivors",0,0.666666666666667,0.6
"non-survivors",0,0.166666666666667,0.85
"non-survivors",0,0.416666666666667,0.861111111111111
"non-survivors",0.125,0.222222222222222,0.884259259259259
"non-survivors",0.5,0,0.833333333333333
"non-survivors",0.125,0.333333333333333,0.847222222222222
"survivors",0.625,0.5,0.513888888888889
"non-survivors",0.25,0.25,0.833333333333333
"non-survivors",0.5,0.583333333333333,0.638888888888889
"non-survivors",0,0,0.9
"survivors",0,0.583333333333333,0.575
"non-survivors",0.125,0.166666666666667,0.8125
"non-survivors",0.375,0.416666666666667,0.736111111111111
"non-survivors",0.125,0.666666666666667,0.736111111111111
"survivors",0,0.166666666666667,0.833333333333333
"non-survivors",0,0.333333333333333,0.888888888888889
"non-survivors",0,0,1
"survivors",0,0.583333333333333,0.638888888888889
"non-survivors",0,0.416666666666667,0.861111111111111
"survivors",0,0.416666666666667,0.75
"non-survivors",0,0.166666666666667,0.944444444444444
"survivors",0.125,0.5,0.569444444444444
"survivors",0.125,0.333333333333333,0.6125
"non-survivors",0.125,0.25,0.875
"survivors",0,0.833333333333333,0.611111111111111
"non-survivors",0.375,0.583333333333333,0.680555555555556
"survivors",0.625,0.575757575757576,0.289772727272727
"survivors",1,0.5,0.388888888888889
"survivors",0.125,0.266666666666667,0.702777777777778
"non-survivors",0.375,0.166666666666667,0.819444444444444
"non-survivors",0.75,0.25,0.666666666666667
"non-survivors",0,0.25,0.916666666666667
"non-survivors",0.25,0.5,0.675
"non-survivors",0.5,0.25,0.75
"non-survivors",0,0,1
"non-survivors",0.125,0.416666666666667,0.819444444444444
"non-survivors",0.125,0.75,0.708333333333333
"non-survivors",0.25,0,0.916666666666667
"non-survivors",0.125,0.333333333333333,0.847222222222222
"non-survivors",0.25,0.25,0.833333333333333
"non-survivors",0,0.111111111111111,0.866666666666667
"non-survivors",0.375,0.25,0.791666666666667
"non-survivors",0,0.222222222222222,0.925925925925926
"non-survivors",0.5,0.5,0.666666666666667
"non-survivors",0.25,0.222222222222222,0.842592592592593
"non-survivors",0,0,1
"survivors",0.375,0.166666666666667,0.708333333333333
"non-survivors",0.25,0.583333333333333,0.65
"non-survivors",0.5,0.166666666666667,0.777777777777778
"non-survivors",0,0.166666666666667,0.944444444444444
"survivors",0.625,0.583333333333333,0.4375
"survivors",0.25,0.416666666666667,0.45
"non-survivors",0,0.25,0.916666666666667
"survivors",0,0.444444444444444,0.666666666666667
"non-survivors",0,0.666666666666667,0.777777777777778
"survivors",0.75,0.5,0.25
"non-survivors",0.625,0.333333333333333,0.680555555555556
"non-survivors",0.25,0.5,0.75
"non-survivors",0.625,0.416666666666667,0.652777777777778
"survivors",0.375,0.5,0.597222222222222
"non-survivors",0,0.25,0.916666666666667
"non-survivors",0.125,0,0.958333333333333
"survivors",0.625,0.583333333333333,0.430555555555556
"survivors",0.375,0.25,0.680555555555556
"survivors",0.5,0.366666666666667,0.54
"non-survivors",0,0.583333333333333,0.805555555555556
"non-survivors",0,0.333333333333333,0.888888888888889
"survivors",0.125,0.666666666666667,0.569444444444444
"non-survivors",0.5,0.583333333333333,0.575
"survivors",0.875,0.416666666666667,0.3625
"survivors",0.375,0.333333333333333,0.652777777777778
"non-survivors",0,0.111111111111111,0.962962962962963
"survivors",0.625,0.5,0.402777777777778
"survivors",0.5,0.5,0.5
"non-survivors",0.25,0.416666666666667,0.7
"survivors",0.75,0.5,0.416666666666667
"non-survivors",0.375,0.416666666666667,0.6625
"survivors",0,0.416666666666667,0.625
"non-survivors",0,0.25,0.916666666666667
"survivors",0,0.5,0.666666666666667
"non-survivors",0.375,0.416666666666667,0.736111111111111
"non-survivors",0,0.166666666666667,0.944444444444444
"non-survivors",0.5,0.416666666666667,0.625
"non-survivors",0.125,0.333333333333333,0.847222222222222
"non-survivors",0.375,0.25,0.791666666666667
"survivors",0,0.5,0.611111111111111
"non-survivors",0.5,0.25,0.75
"non-survivors",0,0.333333333333333,0.8
"non-survivors",0.125,0.333333333333333,0.847222222222222
"non-survivors",0.375,0.333333333333333,0.763888888888889
"non-survivors",0.25,0.111111111111111,0.87962962962963
"non-survivors",0,0.25,0.825
"non-survivors",0,0.0833333333333333,0.972222222222222
"survivors",0.125,0.333333333333333,0.6625
"non-survivors",0.875,0.333333333333333,0.597222222222222
"non-survivors",0,0.111111111111111,0.962962962962963
"non-survivors",0,0.0833333333333333,0.972222222222222
"survivors",0.75,0.666666666666667,0.361111111111111
"non-survivors",0.25,0.25,0.833333333333333
"non-survivors",0.125,0.416666666666667,0.819444444444444
"non-survivors",0.5,0.166666666666667,0.777777777777778
"non-survivors",0,0.166666666666667,0.944444444444444
"non-survivors",0,0.333333333333333,0.888888888888889
"non-survivors",0,0.166666666666667,0.85
"survivors",0.375,0.5,0.486111111111111
"non-survivors",0,0.166666666666667,0.944444444444444
"non-survivors",0.25,0.166666666666667,NA
"non-survivors",0,0.166666666666667,0.85
"survivors",0,0.5,0.722222222222222
"survivors",0.375,0.5,0.541666666666667
"non-survivors",0.5,0.166666666666667,0.777777777777778
"non-survivors",0,0.333333333333333,0.8
"non-survivors",0.375,0.0833333333333333,0.847222222222222
"non-survivors",0,0.166666666666667,0.944444444444444
"non-survivors",0.375,0.833333333333333,0.597222222222222
"non-survivors",0.25,0.333333333333333,0.725
"non-survivors",0.375,0.222222222222222,0.800925925925926
"non-survivors",0.25,0.416666666666667,0.7
"non-survivors",0,0.166666666666667,0.944444444444444
"non-survivors",0,0.242424242424242,0.919191919191919
"non-survivors",0,0.166666666666667,0.944444444444444
"non-survivors",0,0.212121212121212,0.929292929292929
"survivors",0.875,0.416666666666667,0.458333333333333
"non-survivors",0,0.166666666666667,0.85
"survivors",0.25,0.575757575757576,0.552272727272727
"non-survivors",0.375,0.25,0.791666666666667
"survivors",0.5,0.5,0.444444444444444
"non-survivors",0,0.181818181818182,0.939393939393939
"non-survivors",0.25,0.0833333333333333,0.888888888888889
"non-survivors",0.125,0.166666666666667,0.902777777777778
"non-survivors",0,0.166666666666667,0.944444444444444
"survivors",0.625,0.5,0.458333333333333
"non-survivors",0,0.222222222222222,0.925925925925926
"non-survivors",0,0.212121212121212,0.929292929292929
"non-survivors",0.125,0.333333333333333,0.847222222222222
"survivors",0.5,0.583333333333333,0.472222222222222
"non-survivors",0.125,0.416666666666667,0.819444444444444
"non-survivors",0.125,0.333333333333333,0.847222222222222
"non-survivors",0,0.25,0.916666666666667
"survivors",0.625,0.5,0.402777777777778
"non-survivors",0,0.166666666666667,0.85
"non-survivors",0.125,0.333333333333333,0.847222222222222
"survivors",0.125,0.25,0.708333333333333
"non-survivors",0,0.416666666666667,0.861111111111111
"non-survivors",0,0.166666666666667,0.85
"survivors",0.625,0.5,0.402777777777778
"non-survivors",0.125,0.166666666666667,0.902777777777778
"survivors",0.5,0.5,0.444444444444444
"survivors",0.625,0.5,0.458333333333333
"non-survivors",0.75,0.333333333333333,0.575
"survivors",0.25,0.0833333333333333,0.7
"non-survivors",0,0.166666666666667,0.85
"non-survivors",0,0.212121212121212,0.929292929292929
"survivors",0.875,0.5,0.263888888888889
"non-survivors",0,0.166666666666667,0.944444444444444
"non-survivors",0,0.212121212121212,0.929292929292929
"non-survivors",0,0.212121212121212,0.929292929292929
"non-survivors",0.125,0.5,0.791666666666667
"survivors",0.625,0.333333333333333,0.3625
"non-survivors",0,0.166666666666667,0.944444444444444
"survivors",0.375,0.333333333333333,0.5875
"non-survivors",0,0.166666666666667,0.944444444444444
"non-survivors",0,0.166666666666667,0.85
"survivors",0.5,0.416666666666667,0.527777777777778
"non-survivors",0,0.166666666666667,0.85
"survivors",0.625,0.583333333333333,0.430555555555556
"non-survivors",0,0.166666666666667,0.944444444444444
"non-survivors",0,0.166666666666667,0.85
"non-survivors",0,0.666666666666667,0.777777777777778
"non-survivors",0,0.333333333333333,0.888888888888889
"non-survivors",0.625,0,0.791666666666667
"non-survivors",0,0.212121212121212,0.929292929292929
"non-survivors",0,0.25,0.916666666666667
"survivors",0.875,0.5,0.319444444444444
"survivors",0.625,0.5,0.458333333333333
"survivors",0.75,0.5,0.416666666666667
"non-survivors",0,0.0833333333333333,0.972222222222222
"non-survivors",0,0.333333333333333,0.8
"survivors",0.625,0.75,0.319444444444444
"non-survivors",0,0.333333333333333,0.888888888888889
"non-survivors",0.25,0.333333333333333,0.805555555555556
"non-survivors",0,0.222222222222222,0.925925925925926
"non-survivors",0,0.333333333333333,0.888888888888889
"survivors",0.5,0.5,0.5
"non-survivors",0.125,0.416666666666667,0.819444444444444
"survivors",0,0.333333333333333,0.666666666666667
"non-survivors",0,0.25,0.825
"survivors",0.125,0.25,0.708333333333333
"non-survivors",0.125,0.0833333333333333,0.930555555555556
"non-survivors",0,0.166666666666667,0.944444444444444
"non-survivors",0,0.333333333333333,0.8
"non-survivors",0,0.416666666666667,0.775
"survivors",0,0.5,0.611111111111111
"non-survivors",0,0.212121212121212,0.929292929292929
"non-survivors",0.125,0.25,0.875
"non-survivors",0.125,0.166666666666667,0.902777777777778
"non-survivors",0,0.333333333333333,0.8
"survivors",0.75,0.5,0.416666666666667
"survivors",0.625,0.25,0.486111111111111
"survivors",0.75,0.5,0.416666666666667
"non-survivors",0,0.333333333333333,0.888888888888889
"non-survivors",0.125,0.0833333333333333,0.8375
"non-survivors",0,0.333333333333333,0.8
"survivors",0.125,0.666666666666667,0.5625
"non-survivors",0,0.0833333333333333,0.972222222222222
"non-survivors",0,0.333333333333333,0.8
"non-survivors",0,0.333333333333333,0.8
"non-survivors",0,0.25,0.825
"non-survivors",0,0.25,0.916666666666667
"non-survivors",0,0.333333333333333,0.888888888888889
"non-survivors",0.125,0.333333333333333,0.847222222222222
"non-survivors",0,0.25,0.916666666666667
"non-survivors",0.25,0.0833333333333333,0.888888888888889
"non-survivors",0,0.333333333333333,0.888888888888889
"non-survivors",0,0.333333333333333,0.8
"non-survivors",0.125,0.416666666666667,0.819444444444444
"non-survivors",0,0.583333333333333,0.805555555555556
"non-survivors",0.125,0.111111111111111,0.921296296296296
"survivors",0.25,0.555555555555556,0.458333333333333
"non-survivors",0.375,0.25,0.791666666666667
"survivors",0.25,0.222222222222222,0.731481481481482
"non-survivors",0,0.583333333333333,0.805555555555556
"non-survivors",0.25,0.272727272727273,0.825757575757576
"survivors",0.125,0.555555555555556,0.662037037037037
"survivors",0.75,0.5,0.425
"survivors",0.5,0.0833333333333333,0.625
"non-survivors",0,0.166666666666667,0.944444444444444
"survivors",0.375,0.333333333333333,0.652777777777778
"survivors",0.125,0.416666666666667,0.708333333333333
"survivors",0,0.25,0.725
"non-survivors",0,0.333333333333333,0.888888888888889
"non-survivors",0.5,0.222222222222222,0.683333333333333
"non-survivors",0,0.333333333333333,0.888888888888889
"survivors",0.375,0.333333333333333,0.597222222222222
"non-survivors",0.125,0.111111111111111,0.921296296296296
"non-survivors",0.625,0.25,0.6375
"non-survivors",0,0.583333333333333,0.805555555555556
"non-survivors",0,0.333333333333333,0.888888888888889
"survivors",0,0.416666666666667,0.75
"non-survivors",0.375,0.166666666666667,0.819444444444444
"non-survivors",0.125,0.416666666666667,0.819444444444444
"survivors",1,0.5,0.277777777777778
"non-survivors",0.125,0.121212121212121,0.917929292929293
"non-survivors",0,0.5,0.833333333333333
"non-survivors",0.125,0.5,0.7125
"survivors",0.25,0,0.725
"survivors",0.875,0.222222222222222,0.370833333333333
"non-survivors",0.125,0.222222222222222,0.884259259259259
"non-survivors",0.25,0.166666666666667,0.775
"survivors",0.375,0.5,0.597222222222222
"non-survivors",0.125,0.583333333333333,0.763888888888889
"non-survivors",0,0.222222222222222,0.925925925925926
"non-survivors",0,0.25,0.916666666666667
"non-survivors",0,0.416666666666667,0.861111111111111
"non-survivors",0,0.5,0.833333333333333
"survivors",0.375,0.5,0.597222222222222
"non-survivors",0,0.25,0.916666666666667
"non-survivors",0.5,0.222222222222222,0.683333333333333
"survivors",0.75,0,0.575
"non-survivors",0,0.416666666666667,0.861111111111111
"survivors",0.625,0.5,0.458333333333333
"survivors",0,0.583333333333333,0.625
"non-survivors",0,0,1
"survivors",0.625,0.518518518518518,0.406944444444444
"survivors",0,0.333333333333333,0.7
"survivors",0.625,0.166666666666667,0.625
"survivors",0.75,0.814814814814815,0.180555555555556
"non-survivors",0,0.25,0.916666666666667
"non-survivors",0.625,0.0833333333333333,0.763888888888889
"non-survivors",0,0.416666666666667,0.861111111111111
"non-survivors",0.625,0.416666666666667,0.5875
"non-survivors",0,0.166666666666667,0.944444444444444
"non-survivors",0,0.333333333333333,0.8
"non-survivors",0.25,0.25,0.75
"non-survivors",0,0.25,0.916666666666667
"non-survivors",0,0.333333333333333,0.8
"non-survivors",0.125,0.166666666666667,0.8125
"survivors",0.625,0.333333333333333,0.5125
"non-survivors",0,0,1
"survivors",0.375,0.444444444444444,0.504166666666667
"survivors",0.625,0.333333333333333,0.4625
"survivors",0,0.5,0.55
"non-survivors",0.125,0.583333333333333,0.763888888888889
"non-survivors",0,0.416666666666667,0.861111111111111
"non-survivors",0.125,0.333333333333333,0.847222222222222
"survivors",0.25,0.583333333333333,0.55
"survivors",0.25,0.333333333333333,0.694444444444445
"non-survivors",0.625,0.333333333333333,0.6125
"non-survivors",0,0.111111111111111,0.866666666666667
"survivors",0.25,0.333333333333333,0.694444444444445
"non-survivors",0,0.5,0.833333333333333
"survivors",0.625,0.333333333333333,0.569444444444445
"non-survivors",0,0.111111111111111,0.866666666666667
"non-survivors",0.125,0.333333333333333,0.7625
"survivors",0.5,0.583333333333333,0.475
"non-survivors",0.375,0.583333333333333,0.6125
"non-survivors",0.125,0.416666666666667,0.7375
"non-survivors",0.25,0.416666666666667,0.7
"non-survivors",0,0.333333333333333,0.888888888888889
"non-survivors",0.125,0.666666666666667,0.6625
"survivors",0.5,0.5,0.45
"non-survivors",0.125,0.333333333333333,0.7625
"non-survivors",0.125,0.416666666666667,0.819444444444444
"non-survivors",0,0.416666666666667,0.861111111111111
"survivors",0.25,0.333333333333333,0.625
"non-survivors",0,0.166666666666667,0.85
"survivors",0.75,0.416666666666667,0.5
"non-survivors",0.125,0.5,0.7125
"non-survivors",0,0.333333333333333,0.888888888888889
"non-survivors",0,0.416666666666667,0.775
"survivors",0.5,0.481481481481481,0.455555555555556
"non-survivors",0.25,0.111111111111111,0.87962962962963
"survivors",0,0.416666666666667,0.638888888888889
"non-survivors",1,0.1,0.633333333333333
"survivors",0,0.555555555555556,0.633333333333333
"non-survivors",0.5,0.416666666666667,0.625
"non-survivors",0,0.636363636363636,0.709090909090909
"non-survivors",0.125,0.416666666666667,0.7375
"survivors",0.5,0.5,0.5
"non-survivors",0.125,0.1,0.925
"non-survivors",0,0.333333333333333,0.888888888888889
"survivors",0,0.25,0.675
"non-survivors",0,0.111111111111111,0.962962962962963
"non-survivors",0.625,0.583333333333333,0.5375
"non-survivors",0.75,0.416666666666667,0.611111111111111
"survivors",0,0.25,0.675
"non-survivors",0.375,0.666666666666667,0.652777777777778
"non-survivors",0,0.166666666666667,0.944444444444444
"non-survivors",0.25,0.666666666666667,0.694444444444444
"survivors",0,0.0833333333333333,0.861111111111111
"non-survivors",0.375,0.444444444444444,0.654166666666667
"non-survivors",0,0.5,0.833333333333333
"non-survivors",0.375,0.166666666666667,0.819444444444444
"survivors",0,0.222222222222222,0.814814814814815
"non-survivors",0,0.25,0.916666666666667
"non-survivors",0,0.25,0.825
"non-survivors",0.5,0.5,0.666666666666667
"non-survivors",0,0.111111111111111,0.962962962962963
"non-survivors",0,0.333333333333333,0.8
"non-survivors",0.5,0.25,0.75
"non-survivors",0.25,0.333333333333333,0.805555555555556
"non-survivors",0,0.166666666666667,0.85
"non-survivors",0.25,0.111111111111111,0.87962962962963
"non-survivors",0,0.25,0.916666666666667
"non-survivors",0,0.25,0.916666666666667
"non-survivors",0,0.333333333333333,0.8
"non-survivors",0,0.0833333333333333,0.972222222222222
"non-survivors",0.125,0.303030303030303,0.771590909090909
"survivors",0,0.5,0.722222222222222
"non-survivors",0,0.666666666666667,0.7
"non-survivors",0,0,0.9
"non-survivors",0.625,0.166666666666667,0.736111111111111
"survivors",0.625,0.666666666666667,0.347222222222222
"survivors",0.25,0.333333333333333,0.694444444444445
"non-survivors",0.625,0.407407407407407,0.590277777777778
"survivors",0.875,0.555555555555556,0.370833333333333
"survivors",0.5,0.5,0.555555555555556
"non-survivors",0.125,0.166666666666667,0.902777777777778
"survivors",0.25,0.166666666666667,0.625
"survivors",0.625,0.416666666666667,0.3375
"survivors",1,0.583333333333333,0.25
"survivors",0,0.5,0.722222222222222
"survivors",0.375,0.666666666666667,0.4875
"non-survivors",0,0.0833333333333333,0.875
"non-survivors",0,0.444444444444444,0.766666666666667
"survivors",0,0.25,0.725
"survivors",0,0.333333333333333,0.7
"non-survivors",0.625,0.333333333333333,0.6125
"non-survivors",0,0.666666666666667,0.777777777777778
"survivors",0,0.416666666666667,0.638888888888889
"non-survivors",0.25,0.5,0.75
"non-survivors",0.125,0.222222222222222,0.884259259259259
"non-survivors",0.125,0.25,0.7875
"survivors",0.125,0.5,0.5625
"non-survivors",0,0.0833333333333333,0.875
"non-survivors",0.125,0.444444444444444,0.729166666666667
"non-survivors",0.25,0.166666666666667,0.861111111111111
"non-survivors",0,0.166666666666667,0.944444444444444
"survivors",0.25,0.5,0.638888888888889
"non-survivors",0.625,0.5,0.5625
"non-survivors",0.125,0.583333333333333,0.6875
"non-survivors",0.875,0.148148148148148,0.593055555555556
"non-survivors",0.25,0.0833333333333333,0.888888888888889
"non-survivors",0.125,0.333333333333333,0.847222222222222
"non-survivors",0,0.25,0.916666666666667
"non-survivors",0.125,0.25,0.875
"non-survivors",0.625,0.166666666666667,0.6625
"non-survivors",0.625,0.5,0.5625
"non-survivors",0.25,0.25,0.833333333333333
"non-survivors",0.5,0.222222222222222,0.683333333333333
"non-survivors",0,0.222222222222222,0.925925925925926
"non-survivors",0.375,0.37037037037037,0.676388888888889
"non-survivors",0,0.833333333333333,0.65
"non-survivors",0.25,0.25,0.75
"survivors",0.375,0.333333333333333,0.5875
"non-survivors",0.125,0.111111111111111,0.921296296296296
"non-survivors",0.5,0.333333333333333,0.722222222222222
"non-survivors",0.25,0.25,0.833333333333333
"non-survivors",0.25,0.333333333333333,0.805555555555556
"non-survivors",0,0.333333333333333,0.888888888888889
"non-survivors",0.125,0.166666666666667,0.902777777777778
"non-survivors",0,0.0833333333333333,0.875
"survivors",0.625,0.666666666666667,0.402777777777778
"survivors",0.375,0.166666666666667,0.5875
"non-survivors",0.375,0.5,0.6375
"non-survivors",0.125,0.166666666666667,0.902777777777778
"survivors",0.375,0.416666666666667,0.625
"non-survivors",0.125,0.25,0.875
"non-survivors",0,0.666666666666667,0.7
"non-survivors",0,0.25,0.916666666666667
"survivors",0.125,0.666666666666667,0.625
"non-survivors",0.625,0.0833333333333333,0.763888888888889
"survivors",0.25,0.583333333333333,0.55
"non-survivors",0.25,0.25,0.833333333333333
"non-survivors",0.25,0.583333333333333,0.722222222222222
"non-survivors",0.375,0.5,0.708333333333333
"survivors",0.5,0.166666666666667,0.611111111111111
"non-survivors",0.625,0.583333333333333,0.597222222222222
"non-survivors",0.375,0.25,0.791666666666667
"survivors",0.625,0.5,0.3625
"non-survivors",0.375,0.166666666666667,0.819444444444444
"non-survivors",0.125,0.166666666666667,0.902777777777778
"non-survivors",0,0,1
"survivors",0,0.166666666666667,0.75
"survivors",0,0.25,0.725
"non-survivors",0.375,0.121212121212121,0.83459595959596
"survivors",0.375,0.583333333333333,0.5125
"non-survivors",0.25,0.25,0.833333333333333
"non-survivors",0,0.166666666666667,0.944444444444444
"non-survivors",0,0.166666666666667,0.944444444444444
"non-survivors",0.25,0.166666666666667,0.861111111111111
"non-survivors",0,0.0833333333333333,0.972222222222222
"non-survivors",0,0.333333333333333,0.8
"non-survivors",0,0,1
"non-survivors",0,0.0833333333333333,0.972222222222222
"non-survivors",0.125,0.333333333333333,0.847222222222222
"non-survivors",0.125,0.583333333333333,0.763888888888889
"non-survivors",0,0.25,0.916666666666667
"survivors",0,0.333333333333333,0.777777777777778
"survivors",0.125,0.333333333333333,0.625
"non-survivors",0,0,1
"non-survivors",0,0.333333333333333,0.888888888888889
"non-survivors",0,0.583333333333333,0.805555555555556
"non-survivors",0,0.333333333333333,0.888888888888889
"non-survivors",0,0.416666666666667,0.861111111111111
"non-survivors",0.125,0.25,0.875
"survivors",0.875,0.416666666666667,0.458333333333333
"non-survivors",0,0.25,0.916666666666667
"non-survivors",0,0.25,0.916666666666667
"non-survivors",0,0.333333333333333,0.888888888888889
"survivors",0.125,0.25,0.6875
"non-survivors",0,0.5,0.833333333333333
"non-survivors",0.125,0.583333333333333,0.6875
"non-survivors",0,0.166666666666667,0.944444444444444
"non-survivors",0.375,0.666666666666667,0.5875
"non-survivors",0,0.166666666666667,0.944444444444444
"non-survivors",0.125,0.25,0.875
"non-survivors",0,0.25,0.916666666666667
"non-survivors",0,0.166666666666667,0.944444444444444
"non-survivors",0.25,0.5,0.75
"non-survivors",0.25,0.583333333333333,0.722222222222222
"non-survivors",0,0.333333333333333,0.888888888888889
"non-survivors",0,0.151515151515152,0.94949494949495
"non-survivors",0,0.5,0.833333333333333
"non-survivors",0.5,0.333333333333333,0.722222222222222
"non-survivors",0,0.0833333333333333,0.875
"non-survivors",0.125,0.25,0.875
"survivors",0.625,0.416666666666667,0.486111111111111
"survivors",0.875,0.0909090909090909,0.410227272727273
"non-survivors",0,0.25,0.916666666666667
"non-survivors",0.125,0.25,0.875
"survivors",0.25,0.25,0.6
"non-survivors",0.5,0.5,0.6
"non-survivors",0,0.166666666666667,0.944444444444444
"non-survivors",0.25,0.333333333333333,0.805555555555556
"survivors",0.375,0.25,0.680555555555556
"non-survivors",0,0.166666666666667,0.944444444444444
"non-survivors",0,0,1
"non-survivors",0,0.25,0.916666666666667
"non-survivors",0.625,0.25,0.708333333333333
"non-survivors",0.125,0.5,0.791666666666667
"non-survivors",0,0.0833333333333333,0.972222222222222
"non-survivors",0.625,0.0833333333333333,0.6875
"non-survivors",0,0.5,0.833333333333333
"non-survivors",0,0,1
"non-survivors",0,0.25,0.825
"non-survivors",0,0.333333333333333,0.888888888888889
"survivors",0.25,0.5,0.583333333333333
"non-survivors",0.5,0.259259259259259,0.672222222222222
"non-survivors",0,0.333333333333333,0.888888888888889
"non-survivors",0,0.166666666666667,0.944444444444444
"non-survivors",0.375,0.5,0.6375
"survivors",0,0.333333333333333,0.777777777777778
"non-survivors",0.75,0.333333333333333,0.575
"survivors",0.625,0.25,0.597222222222222
"non-survivors",0.25,0.166666666666667,0.861111111111111
"non-survivors",0,0.333333333333333,0.888888888888889
"non-survivors",0,0.0833333333333333,0.972222222222222
"survivors",0,0.166666666666667,0.75
"non-survivors",0,0.166666666666667,0.85
"non-survivors",0.25,0.333333333333333,0.725
"non-survivors",0,0.166666666666667,0.944444444444444
"non-survivors",0,0.416666666666667,0.861111111111111
"non-survivors",0,0.166666666666667,0.85
"non-survivors",0,0.444444444444444,0.851851851851852
"survivors",0.625,0.25,0.5375
"non-survivors",0,0.416666666666667,0.775
"non-survivors",0,0.166666666666667,0.944444444444444
"non-survivors",0,0.5,0.833333333333333
"non-survivors",0.25,0.166666666666667,0.775
"non-survivors",0.375,0.5,0.708333333333333
"non-survivors",0,0.25,0.916666666666667
"survivors",0,0.333333333333333,0.7
"non-survivors",0,0.333333333333333,0.888888888888889
"non-survivors",0.5,0.5,0.666666666666667
"non-survivors",0.5,0.575757575757576,0.577272727272727
"survivors",0.375,0.416666666666667,0.5625
"non-survivors",0.25,0.181818181818182,0.856060606060606
"non-survivors",0,0.5,0.833333333333333
"non-survivors",0.375,0.25,0.791666666666667
"survivors",0.375,0.25,0.680555555555556
"non-survivors",0.375,0.25,0.7125
"non-survivors",0.5,0.25,0.75
"survivors",0.5,0.583333333333333,0.475
"non-survivors",0.375,0.25,0.791666666666667
"non-survivors",0,0.25,0.916666666666667
"non-survivors",0,0.333333333333333,0.8
"non-survivors",0.25,0.25,0.833333333333333
"non-survivors",0.375,0,0.875
"non-survivors",0,0,0.9
"survivors",0.625,0.303030303030303,0.521590909090909
"survivors",0,0.416666666666667,0.675
"non-survivors",0,0.166666666666667,0.85
"non-survivors",0.125,0.333333333333333,0.847222222222222
"non-survivors",0,0.0833333333333333,0.875
"non-survivors",0.5,0.416666666666667,0.625
"non-survivors",0.25,0.0833333333333333,0.8
"non-survivors",0.125,0.0833333333333333,0.930555555555556
"non-survivors",0.25,0.416666666666667,0.777777777777778
"survivors",0.5,0.416666666666667,0.525
"survivors",0.625,0.5,0.3625
"non-survivors",0,0.333333333333333,0.8
"non-survivors",0,0.166666666666667,0.944444444444444
"non-survivors",0.625,0.25,0.708333333333333
"non-survivors",0,0.166666666666667,0.944444444444444
"non-survivors",0,0.333333333333333,0.888888888888889
"non-survivors",0,0.166666666666667,0.944444444444444
"non-survivors",0.25,0.333333333333333,0.805555555555556
"non-survivors",0,0.166666666666667,0.944444444444444
"non-survivors",0.125,0.5,0.791666666666667
"non-survivors",0.625,0.333333333333333,0.680555555555556
"non-survivors",0.25,0.166666666666667,0.775
"non-survivors",0.25,0.333333333333333,0.805555555555556
"non-survivors",0.125,0.25,0.7875
"non-survivors",0.375,0.25,0.791666666666667
"non-survivors",0.375,0.25,0.791666666666667
"non-survivors",0.875,0.583333333333333,0.4625
"non-survivors",0,0,1
"non-survivors",0,0.166666666666667,0.944444444444444
"survivors",0,0.25,0.675
"non-survivors",0,0.0833333333333333,0.972222222222222
"non-survivors",0.375,0.333333333333333,0.6875
"survivors",0.125,0.333333333333333,0.625
"non-survivors",0,0.0833333333333333,0.875
"survivors",0.25,0.5,0.583333333333333
"non-survivors",0,0.0833333333333333,0.972222222222222
"non-survivors",0,0.111111111111111,0.866666666666667
"survivors",0.375,0.333333333333333,0.5375
"non-survivors",0,0.0833333333333333,0.972222222222222
"survivors",0,0.166666666666667,0.833333333333333
"non-survivors",0,0,1
"non-survivors",0.25,0.333333333333333,0.805555555555556
"non-survivors",0,0.166666666666667,0.944444444444444
"non-survivors",0,0.25,0.825
"non-survivors",0,0.25,0.916666666666667
"non-survivors",0.125,0.333333333333333,0.847222222222222
"non-survivors",0,0.25,0.916666666666667
"survivors",0.5,0.666666666666667,0.45
"non-survivors",0,0.166666666666667,0.944444444444444
"non-survivors",0.625,0.25,0.708333333333333
"non-survivors",0.125,0.333333333333333,0.7625
"non-survivors",0,0.166666666666667,0.85
"non-survivors",0,0.416666666666667,0.861111111111111
"non-survivors",0,0.166666666666667,0.944444444444444
"survivors",0,0.25,0.75
"non-survivors",0,0.25,0.916666666666667
"non-survivors",0.375,0.333333333333333,0.6875
"survivors",0.125,0.416666666666667,0.652777777777778
"non-survivors",0,0.416666666666667,0.861111111111111
"non-survivors",0.25,0.333333333333333,0.805555555555556
"non-survivors",0,0.25,0.916666666666667
"non-survivors",0,0.166666666666667,0.944444444444444
"non-survivors",0,0,1
"survivors",1,0.333333333333333,0.333333333333333
"non-survivors",0,0.5,0.833333333333333
"non-survivors",0.5,0.25,0.75
"non-survivors",0.25,0.5,0.75
"survivors",0.375,0.272727272727273,0.617424242424242
"non-survivors",0,0,1
"non-survivors",0,0,1
"non-survivors",0,0,1
"non-survivors",0,0,1
"non-survivors",0,0,1
