"disability_status","DV_Exposure","WellBeing_Score"
0,0,0.875
0,0,0.977777777777778
0,0,0.699074074074074
1,0,0.5375
0,0,0.722222222222222
0,1,0.583333333333333
0,1,0.544191919191919
0,0,0.800925925925926
1,0,0.7875
0,0,0.625
0,1,0.777777777777778
0,1,0.333333333333333
0,0,0.722222222222222
0,0,0.925925925925926
1,0,0.6375
0,0,0.861111111111111
0,0,0.763888888888889
0,0,0.597222222222222
1,0,0.575
1,0,0.45
0,0,0.763888888888889
0,0,0.650252525252525
0,0,0.930555555555556
0,0,0.805555555555556
1,0,0.766666666666667
1,0,0.775
0,0,0.597222222222222
1,0,0.5625
1,0,0.436363636363636
1,0,0.709722222222222
0,0,0.916666666666667
0,0,0.513888888888889
0,0,0.75
0,0,0.75
0,0,0.902777777777778
0,0,0.819444444444444
0,0,0.805555555555556
0,0,0.888888888888889
0,0,0.833333333333333
0,0,0.666666666666667
0,0,0.842592592592593
1,0,0.7375
0,0,0.555555555555556
0,0,0.888888888888889
0,0,0.851851851851852
0,0,0.652777777777778
0,0,0.722222222222222
1,0,0.654166666666667
1,0,0.766666666666667
0,0,0.847222222222222
0,0,0.763888888888889
0,0,0.773148148148148
0,0,0.803030303030303
0,0,0.916666666666667
0,0,0.689814814814815
0,0,0.458333333333333
0,0,0.5
1,0,0.75
0,0,0.486111111111111
0,0,0.861111111111111
0,0,0.597222222222222
0,0,0.611111111111111
0,0,0.523148148148148
0,0,0.833333333333333
0,0,0.777777777777778
0,0,0.888888888888889
0,0,0.75
0,0,0.5
1,0,0.8
1,0,0.8
1,0,0.45
0,0,0.944444444444444
1,0,0.866666666666667
0,0,0.763888888888889
0,0,0.583333333333333
0,1,0.75
1,1,0.5625
1,1,0.3
0,1,0.777777777777778
0,1,0.657407407407407
1,0,0.772727272727273
1,0,0.5875
0,0,0.588888888888889
0,0,1
0,0,0.777777777777778
0,0,0.888888888888889
0,0,0.902777777777778
0,0,0.884259259259259
1,1,0.6875
1,1,0.4
0,1,0.444444444444444
0,1,0.527777777777778
0,1,0.486111111111111
0,1,0.638888888888889
0,1,0.319444444444444
1,1,0.8
1,0,0.7625
0,0,0.777777777777778
1,0,0.775
1,0,0.7
0,0,0.685185185185185
0,0,0.583333333333333
0,1,0.569444444444445
0,1,0.592592592592593
0,1,0.708333333333333
1,1,0.668181818181818
0,1,0.583333333333333
1,1,0.45
0,1,0.564814814814815
0,1,0.50462962962963
0,1,0.347222222222222
1,1,0.45
0,0,0.888888888888889
0,0,0.731060606060606
0,0,0.888888888888889
0,0,0.814814814814815
0,0,0.722222222222222
0,0,0.795454545454545
0,1,0.736111111111111
1,1,0.625
1,1,0.3875
0,0,0.625
0,0,0.916666666666667
0,0,0.592592592592593
0,0,0.675925925925926
0,0,0.819444444444444
0,0,0.722222222222222
1,0,0.466666666666667
1,0,0.7
0,0,0.851851851851852
0,0,0.944444444444444
0,0,0.939393939393939
0,1,0.833333333333333
0,0,0.75
0,0,0.791666666666667
0,0,0.638888888888889
1,0,0.881818181818182
0,0,0.597222222222222
0,0,0.888888888888889
0,0,0.833333333333333
0,0,0.958333333333333
0,0,0.666666666666667
0,0,0.958333333333333
0,0,0.944444444444444
0,0,0.944444444444444
0,0,0.847222222222222
0,0,0.702020202020202
1,0,0.9
0,0,0.736111111111111
0,0,0.944444444444444
0,0,0.925925925925926
1,0,0.766666666666667
0,0,0.888888888888889
0,1,0.791666666666667
0,1,0.861111111111111
1,1,0.4
0,1,0.62037037037037
0,1,0.333333333333333
0,1,0.333333333333333
0,1,0.713383838383838
0,1,0.484848484848485
0,1,0.472222222222222
0,1,0.597222222222222
0,1,0.75
0,1,0.722222222222222
0,1,0.402777777777778
0,1,0.472222222222222
0,1,0.472222222222222
1,1,0.4
0,1,0.541666666666667
0,1,0.638888888888889
0,1,0.625
1,1,0.65
0,1,0.597222222222222
0,1,0.680555555555556
0,1,0.347222222222222
1,1,0.4
0,1,0.513888888888889
1,1,0.264772727272727
0,1,0.75
0,1,0.611111111111111
0,1,0.537037037037037
0,1,0.444444444444444
0,1,0.583333333333333
0,1,0.611111111111111
0,1,0.75
1,1,0.4625
0,1,0.333333333333333
0,1,0.583333333333333
0,1,0.666666666666667
0,1,0.319444444444444
1,1,0.4
1,1,0.2
0,1,0.12962962962963
0,1,0.833333333333333
1,1,0.375
0,1,0.722222222222222
0,1,0.305555555555556
0,1,0.527777777777778
0,1,0.597222222222222
0,1,0.703703703703704
0,1,0.694444444444444
1,1,0.568181818181818
0,1,0.685185185185185
0,1,0.694444444444444
0,1,0.685185185185185
1,1,0.475
1,1,0.433333333333333
1,1,0.5625
0,1,0.797979797979798
1,1,0.3625
0,1,0.569444444444444
0,1,0.597222222222222
0,1,0.319444444444444
0,1,0.319444444444444
1,1,0.4875
0,1,0.527777777777778
0,1,0.580555555555555
1,1,0.15
0,0,0.722222222222222
1,1,0.331818181818182
1,0,0.65
0,0,0.685185185185185
0,0,0.601851851851852
0,0,0.625
0,1,0.597222222222222
0,0,0.685185185185185
0,0,0.930555555555556
1,0,0.7625
0,1,0.777777777777778
0,1,0.532407407407407
1,0,0.691666666666667
0,0,0.722222222222222
0,0,0.791666666666667
0,0,0.694444444444444
0,0,0.851851851851852
0,0,0.694444444444444
0,1,0.791666666666667
0,0,0.861111111111111
0,0,0.944444444444444
1,0,0.8
1,0,0.725
1,0,0.8125
1,0,0.695833333333333
1,0,0.7
0,0,0.875
0,0,0.861111111111111
1,0,0.775
1,0,0.825
0,0,0.791666666666667
0,0,0.694444444444444
0,1,0.777777777777778
0,1,0.777777777777778
0,1,0.726851851851852
0,1,0.625
1,1,0.55
0,1,0.583333333333333
0,1,0.527777777777778
0,1,0.777777777777778
0,1,0.833333333333333
0,1,0.685185185185185
0,1,0.643518518518518
0,1,0.481481481481482
0,1,0.833333333333333
0,1,0.527777777777778
0,1,0.777777777777778
0,1,0.625
0,1,0.552777777777778
0,1,0.5
0,1,0.611111111111111
0,1,0.664141414141414
0,1,0.388888888888889
0,1,0.740740740740741
1,1,0.45
0,1,0.527777777777778
0,1,0.805555555555556
1,1,0.475
1,0,0.5125
0,0,0.925925925925926
0,0,0.888888888888889
0,0,0.875
0,0,0.972222222222222
0,0,1
0,0,0.736111111111111
0,0,0.675925925925926
0,0,0.87962962962963
0,0,0.916666666666667
0,0,0.861111111111111
0,0,0.958333333333333
1,0,0.675
1,0,0.9
0,0,0.736111111111111
0,0,0.652777777777778
0,0,0.916666666666667
0,0,0.944444444444444
0,0,0.958333333333333
1,0,0.8
0,0,1
1,0,0.75
0,0,0.847222222222222
1,0,0.775
0,0,1
0,0,0.814814814814815
0,0,0.416666666666667
0,0,0.833333333333333
0,0,0.763888888888889
0,0,0.875
0,0,0.694444444444444
0,0,0.861111111111111
0,0,0.847222222222222
0,1,0.808080808080808
0,1,0.736111111111111
1,1,0.416666666666667
0,1,0.805555555555556
0,1,0.533333333333333
0,1,0.492424242424242
0,0,0.847222222222222
0,0,0.722222222222222
0,0,0.888888888888889
1,0,0.7375
0,0,0.564814814814815
0,0,0.638888888888889
0,0,0.736111111111111
1,0,0.833333333333333
0,0,0.888888888888889
1,0,0.35
0,0,0.837962962962963
0,0,0.763888888888889
0,0,0.930555555555556
0,0,0.916666666666667
0,0,0.916666666666667
0,0,0.731481481481482
1,0,0.65
0,0,0.777777777777778
0,0,0.833333333333333
0,0,0.666666666666667
1,0,0.725
0,0,0.847222222222222
0,0,0.833333333333333
1,0,0.5875
1,0,0.7125
0,0,0.535353535353535
0,0,0.958333333333333
0,0,0.916666666666667
0,0,0.736111111111111
0,0,0.763888888888889
1,0,0.679166666666667
0,0,0.888888888888889
0,0,0.819444444444444
1,0,0.775
0,0,0.888888888888889
0,0,1
0,0,0.888888888888889
0,0,0.819444444444444
0,0,0.652777777777778
0,0,0.444444444444444
0,0,0.819444444444444
0,1,0.722222222222222
1,1,0.5125
0,1,0.638888888888889
1,0,0.7
0,0,0.861111111111111
0,0,0.685185185185185
1,0,0.85
0,0,0.925925925925926
0,0,0.75
0,0,0.527777777777778
0,0,0.819444444444444
0,0,0.805555555555556
0,0,0.972222222222222
0,0,0.972222222222222
1,0,0.620833333333333
0,0,0.962962962962963
0,0,0.875
0,0,0.527777777777778
0,0,0.87962962962963
0,0,0.583333333333333
1,0,0.7375
0,0,0.888888888888889
0,0,0.916666666666667
0,0,0.638888888888889
0,0,0.944444444444444
0,0,0.486111111111111
1,0,0.7375
0,0,0.888888888888889
0,0,0.972222222222222
0,0,0.75
1,0,0.6
0,0,0.972222222222222
0,0,0.847222222222222
1,0,0.508333333333333
0,0,0.902777777777778
0,0,0.861111111111111
0,0,0.916666666666667
1,0,0.45
0,0,0.916666666666667
0,0,0.972222222222222
0,0,0.916666666666667
0,0,0.70959595959596
0,0,1
0,0,1
0,0,0.722222222222222
1,0,0.8375
0,0,0.75
1,0,0.5375
0,0,0.972222222222222
0,0,0.638888888888889
0,0,0.944444444444444
1,0,0.780681818181818
0,0,1
0,0,0.75
1,0,0.6375
0,0,0.777777777777778
0,0,0.805555555555556
1,0,0.6125
0,0,0.916666666666667
0,0,0.888888888888889
0,0,0.888888888888889
0,0,0.916666666666667
0,0,0.944444444444444
0,0,0.736111111111111
0,0,0.763888888888889
1,0,0.825
0,0,0.916666666666667
0,0,0.833333333333333
0,0,0.777777777777778
1,0,0.825
1,0,0.825
0,0,0.666666666666667
0,0,0.972222222222222
1,0,0.713636363636364
0,0,0.888888888888889
0,0,0.888888888888889
0,0,0.916666666666667
0,0,0.886363636363636
0,0,0.736111111111111
0,0,0.847222222222222
1,0,0.725
0,0,0.75
0,0,0.861111111111111
0,0,0.944444444444444
0,0,0.805555555555556
0,0,0.861111111111111
0,0,0.583333333333333
0,0,0.595959595959596
0,0,0.583333333333333
0,0,0.5
0,0,0.916666666666667
0,0,0.916666666666667
1,0,0.725
1,0,0.4625
0,0,0.679292929292929
0,0,0.916666666666667
0,0,0.680555555555556
0,0,0.861111111111111
0,0,0.777777777777778
0,0,0.652777777777778
0,0,0.875
1,0,0.5125
0,0,0.916666666666667
0,0,0.694444444444444
1,0,0.775
0,0,0.726851851851852
0,0,0.777777777777778
1,0,0.8
0,0,0.888888888888889
0,0,0.916666666666667
0,0,0.96969696969697
0,0,0.777777777777778
0,0,0.898989898989899
1,0,0.5625
1,0,0.825
1,0,0.65
0,0,0.694444444444444
0,0,0.625
0,0,0.87962962962963
1,0,0.6
0,0,0.75
0,0,0.875
0,0,0.972222222222222
1,0,0.775
0,0,0.916666666666667
1,0,0.7125
1,0,0.8
0,0,0.913888888888889
0,0,0.972222222222222
0,0,0.833333333333333
0,0,0.484848484848485
0,0,0.736111111111111
0,0,0.861111111111111
1,0,0.875
0,0,0.805555555555556
1,0,0.6625
0,0,0.925925925925926
1,0,0.827272727272727
1,0,0.85
0,0,0.875
0,0,0.75
0,0,0.680555555555556
1,0,0.5875
0,0,0.666666666666667
0,0,0.833333333333333
1,0,0.875
0,0,0.583333333333333
0,0,0.955555555555556
0,0,0.925925925925926
0,0,0.939393939393939
1,0,0.575
0,0,0.736111111111111
0,0,1
1,0,0.65
0,0,0.875
0,0,0.819444444444444
0,0,0.972222222222222
0,0,0.805555555555556
0,0,0.916666666666667
0,0,0.782828282828283
0,0,0.888888888888889
0,0,0.96969696969697
1,0,0.5
0,0,0.819444444444444
0,0,0.888888888888889
0,0,0.888888888888889
0,0,0.75
1,0,0.85
0,0,0.652777777777778
0,0,0.944444444444444
0,0,0.777777777777778
0,0,0.617424242424242
1,0,0.5875
0,0,0.625
0,0,0.444444444444444
0,0,0.888888888888889
1,0,0.7125
0,0,0.75
0,0,0.833333333333333
0,0,0.888888888888889
0,0,0.555555555555556
0,0,0.819444444444444
0,0,0.962962962962963
0,0,0.625
1,0,0.875
1,0,0.678409090909091
0,0,0.791666666666667
0,0,0.694444444444444
0,0,0.722222222222222
0,0,0.694444444444444
0,0,0.777777777777778
0,0,0.919191919191919
0,0,0.763888888888889
0,0,0.638888888888889
0,0,0.75
0,0,0.861111111111111
0,0,0.888888888888889
0,0,0.638888888888889
0,0,0.888888888888889
0,0,0.861111111111111
1,0,0.65
1,0,0.9
0,0,0.902777777777778
0,0,0.916666666666667
1,0,0.8
1,0,0.725
0,0,0.819444444444444
0,0,0.819444444444444
0,0,0.819444444444444
0,0,0.833333333333333
0,0,0.75
1,0,0.5375
0,0,0.930555555555556
1,0,0.825
0,0,0.694444444444444
0,0,0.972222222222222
0,0,0.791666666666667
1,0,0.5375
0,0,0.916666666666667
1,0,0.8625
0,0,0.888888888888889
0,0,0.694444444444444
0,0,0.768518518518518
0,0,0.722222222222222
0,0,0.777777777777778
0,0,0.944444444444444
0,0,0.916666666666667
0,0,0.861111111111111
0,0,0.916666666666667
0,0,1
0,0,0.916666666666667
0,0,0.972222222222222
0,0,0.972222222222222
0,0,0.722222222222222
0,0,0.722222222222222
1,0,0.829166666666667
0,0,0.805555555555556
0,0,0.916666666666667
0,0,0.669191919191919
0,0,0.861111111111111
0,0,0.833333333333333
0,0,0.763888888888889
0,0,0.962962962962963
0,0,0.736111111111111
0,0,0.875
0,0,0.75
0,0,0.597222222222222
0,0,0.680555555555556
0,0,0.666666666666667
0,0,0.666666666666667
1,0,0.7
0,0,0.851851851851852
0,0,0.732323232323232
0,0,0.833333333333333
1,0,0.425
1,0,0.5625
1,0,0.775
0,0,0.75
0,0,0.861111111111111
0,0,0.888888888888889
0,0,0.861111111111111
1,0,0.6625
1,0,0.770454545454546
0,0,0.888888888888889
0,0,0.777777777777778
1,0,0.775
0,0,0.791666666666667
0,0,0.694444444444444
0,0,0.916666666666667
0,0,0.972222222222222
0,0,0.851851851851852
0,0,0.752525252525252
0,0,0.680555555555556
0,0,0.680555555555556
0,0,0.777777777777778
0,0,0.819444444444444
0,0,0.680555555555556
1,0,0.651136363636364
1,0,0.68
0,0,0.944444444444444
0,0,0.777777777777778
0,0,1
0,0,0.916666666666667
0,0,0.805555555555556
1,0,0.720833333333333
1,0,0.7125
1,0,0.836363636363636
0,0,1
0,0,0.708333333333333
0,0,0.916666666666667
0,0,0.680555555555556
0,0,0.857323232323232
0,0,0.819444444444444
0,0,1
0,0,0.916666666666667
0,0,0.916666666666667
0,0,0.916666666666667
0,0,0.888888888888889
1,0,0.825
0,0,0.722222222222222
0,0,0.75
1,0,0.725
0,0,0.830555555555556
0,0,1
0,0,0.916666666666667
0,0,0.847222222222222
0,0,0.925925925925926
0,0,0.944444444444444
0,0,0.916666666666667
0,0,0.888888888888889
0,0,0.842592592592593
0,0,0.743686868686869
0,0,0.958333333333333
0,0,0.777777777777778
1,0,0.8
0,0,0.944444444444444
0,0,0.717592592592593
0,0,0.972222222222222
0,0,0.625
0,0,0.878787878787879
0,0,0.731481481481482
0,0,0.791666666666667
0,0,0.777777777777778
1,0,0.7625
0,0,0.888888888888889
0,0,0.722222222222222
0,0,0.972222222222222
0,0,0.666666666666667
0,0,0.680555555555556
1,0,0.509090909090909
0,0,0.888888888888889
0,0,0.847222222222222
0,0,0.847222222222222
0,0,0.773148148148148
0,0,0.875
0,0,0.944444444444444
0,0,0.962962962962963
1,0,0.875
1,0,0.7875
0,0,0.819444444444444
0,0,0.555555555555556
0,0,0.833333333333333
1,0,0.5375
1,0,0.6125
0,0,0.583333333333333
1,0,0.7625
0,0,0.569444444444444
0,0,0.777777777777778
0,0,0.944444444444444
0,0,0.916666666666667
0,0,0.777777777777778
1,0,0.6625
0,0,0.861111111111111
0,0,0.888888888888889
1,0,0.8
0,0,0.816666666666667
0,0,0.75
1,0,0.7875
0,0,1
0,0,0.75
0,0,0.888888888888889
0,0,0.944444444444444
0,0,0.958333333333333
0,0,0.805555555555556
1,0,0.8125
0,0,0.763888888888889
0,0,0.925925925925926
1,0,0.85
0,0,0.777777777777778
0,0,0.861111111111111
0,0,0.833333333333333
1,0,0.425
0,0,0.944444444444444
0,0,0.5
0,0,0.861111111111111
0,0,0.634259259259259
0,0,0.944444444444444
0,0,0.944444444444444
0,0,0.819444444444444
0,0,0.916666666666667
1,0,0.775
0,0,0.944444444444444
0,0,0.652777777777778
0,0,0.736111111111111
0,0,0.796296296296296
0,0,0.666666666666667
0,0,0.708333333333333
0,0,0.791666666666667
1,0,0.8125
0,0,0.833333333333333
0,0,0.638888888888889
0,0,0.842592592592593
0,0,0.916666666666667
0,0,0.833333333333333
0,0,0.666666666666667
0,0,0.736111111111111
0,0,0.740740740740741
0,0,0.847222222222222
1,0,0.8125
0,0,0.847222222222222
0,0,0.916666666666667
0,0,0.833333333333333
0,0,0.75
1,0,0.640909090909091
0,0,0.916666666666667
0,0,0.616161616161616
0,0,0.888888888888889
0,0,0.916666666666667
0,0,0.513888888888889
0,0,0.736111111111111
1,0,0.7875
1,0,0.6625
0,0,0.875
1,0,0.676136363636364
0,0,0.513888888888889
0,0,0.875
0,0,0.930555555555556
0,0,0.777777777777778
0,0,0.962962962962963
0,0,0.921296296296296
0,0,1
0,0,0.666666666666667
0,0,0.777777777777778
0,0,0.916666666666667
0,0,0.652777777777778
1,0,0.5375
0,0,0.972222222222222
0,0,0.944444444444444
1,0,0.7
0,0,0.625
0,0,0.861111111111111
1,0,0.35
0,0,0.777777777777778
0,0,0.819444444444444
0,0,0.944444444444444
0,0,1
0,0,0.916666666666667
0,0,0.972222222222222
0,0,0.819444444444444
1,0,0.5625
0,0,0.888888888888889
0,0,0.875
0,0,0.916666666666667
0,0,0.888888888888889
0,0,0.736111111111111
0,0,0.861111111111111
1,0,0.754166666666667
0,0,0.944444444444444
0,0,0.648148148148148
1,0,0.675
0,0,0.888888888888889
0,0,0.861111111111111
1,0,0.675
0,0,0.916666666666667
0,0,0.944444444444444
0,0,1
1,0,0.7375
0,0,0.875
0,0,0.833333333333333
0,0,0.916666666666667
1,0,0.85
0,0,0.888888888888889
0,0,0.916666666666667
0,0,0.888888888888889
0,0,0.930555555555556
1,0,0.8325
1,0,0.9
0,0,0.762626262626263
1,0,0.675
1,0,0.7375
0,0,0.902777777777778
1,0,0.9
0,0,0.742424242424242
0,0,0.777777777777778
0,0,0.791666666666667
1,0,0.775
0,0,0.611111111111111
0,0,0.861111111111111
0,0,0.647727272727273
0,0,0.722222222222222
1,0,0.65
0,0,0.888888888888889
0,0,0.805555555555556
1,0,0.625
0,0,0.708333333333333
0,0,0.847222222222222
1,0,0.738888888888889
0,0,0.847222222222222
1,0,0.75
0,0,0.851851851851852
0,0,0.888888888888889
0,0,0.805555555555556
0,0,0.791666666666667
0,0,0.555555555555556
1,0,0.621590909090909
0,0,0.902777777777778
1,0,0.575
0,0,0.972222222222222
0,0,1
0,0,0.513888888888889
0,0,0.888888888888889
0,0,0.736111111111111
0,0,0.861111111111111
0,0,0.722222222222222
0,0,1
1,0,0.5375
0,0,0.638888888888889
0,0,0.777777777777778
0,0,1
0,0,0.772727272727273
1,0,0.7
0,0,0.819444444444444
0,0,0.708333333333333
0,0,0.680555555555556
0,0,0.847222222222222
0,0,0.944444444444444
0,0,0.944444444444444
0,0,0.694444444444444
0,0,0.708333333333333
0,0,0.736111111111111
0,0,0.875
0,0,0.861111111111111
0,0,0.680555555555556
0,0,0.75
0,0,0.833333333333333
0,0,0.736111111111111
0,0,0.805555555555556
0,0,0.736111111111111
1,0,0.519318181818182
0,0,0.929292929292929
0,0,0.958333333333333
0,0,0.833333333333333
0,0,0.75
0,0,0.861111111111111
0,0,0.944444444444444
0,0,0.916666666666667
0,0,0.680555555555556
0,0,0.861111111111111
0,0,0.791666666666667
0,0,0.805555555555556
0,0,0.791666666666667
0,0,0.916666666666667
1,0,0.7375
0,0,0.805555555555556
0,0,1
1,0,0.75
1,0,0.596590909090909
0,0,0.805555555555556
0,0,0.625
0,0,0.763888888888889
0,0,0.777777777777778
0,0,0.888888888888889
0,0,0.861111111111111
1,0,0.825
0,0,0.916666666666667
0,0,0.916666666666667
0,0,0.916666666666667
1,0,0.7
0,0,0.888888888888889
0,0,0.888888888888889
1,0,0.875
0,0,0.919191919191919
0,0,1
1,0,0.6625
0,0,0.944444444444444
0,0,0.75
0,0,0.847222222222222
0,0,0.814814814814815
0,0,0.805555555555556
0,0,0.833333333333333
1,0,0.890909090909091
0,0,0.722222222222222
0,0,0.888888888888889
0,0,0.972222222222222
0,0,0.652777777777778
1,0,0.683333333333333
0,0,0.833333333333333
0,0,0.777777777777778
0,0,0.944444444444444
1,0,0.5625
0,0,0.902777777777778
0,0,0.705808080808081
0,0,1
0,0,0.583333333333333
0,0,0.972222222222222
0,0,0.694444444444444
0,0,0.652777777777778
0,0,0.805555555555556
0,0,0.916666666666667
0,0,0.680555555555556
0,0,0.930555555555556
0,0,0.930555555555556
0,0,0.680555555555556
0,0,0.731481481481482
0,0,0.833333333333333
0,0,0.625
0,0,0.814814814814815
0,0,0.819444444444444
0,0,0.75
1,0,0.75
0,0,0.875
1,0,0.8
0,0,0.851851851851852
0,0,0.666666666666667
0,0,0.805555555555556
0,0,0.689814814814815
0,0,0.652777777777778
1,0,0.658333333333333
0,0,0.5
0,0,0.569444444444444
0,0,0.736111111111111
0,0,0.669191919191919
0,0,0.902777777777778
0,0,0.861111111111111
0,0,0.842592592592593
0,0,0.851851851851852
0,0,0.777777777777778
0,0,0.637626262626263
0,0,0.777777777777778
1,0,0.629545454545455
0,0,0.680555555555556
0,0,0.708333333333333
0,0,0.611111111111111
1,0,0.6375
0,0,1
1,0,0.875
1,0,0.675
0,0,0.944444444444444
0,0,0.944444444444444
1,0,0.6625
0,0,0.944444444444444
0,0,0.847222222222222
0,0,0.777777777777778
0,0,0.875
0,0,0.944444444444444
1,0,0.7
0,0,0.708333333333333
0,0,0.652777777777778
0,0,0.833333333333333
0,0,0.777777777777778
0,0,0.805555555555556
0,0,0.847222222222222
NA,0,NA
0,0,0.805555555555556
0,0,0.888888888888889
0,0,0.916666666666667
1,0,0.65
0,0,0.972222222222222
0,0,0.680555555555556
0,0,0.763888888888889
0,0,0.569444444444444
0,0,0.916666666666667
0,0,0.861111111111111
0,0,0.861111111111111
0,0,0.833333333333333
0,0,0.791666666666667
1,0,0.833333333333333
1,0,0.7875
0,0,0.777777777777778
0,0,0.916666666666667
1,0,0.845454545454545
1,0,0.698611111111111
0,0,0.69949494949495
0,0,1
1,0,0.5625
0,0,0.805555555555556
0,0,0.791666666666667
1,0,0.584090909090909
0,0,0.732323232323232
0,0,1
0,0,0.736111111111111
0,0,0.861111111111111
0,0,0.597222222222222
0,0,0.847222222222222
0,0,0.847222222222222
1,0,0.725
0,0,0.847222222222222
0,0,0.916666666666667
0,0,0.833333333333333
0,0,0.755555555555556
1,0,0.775
1,0,0.7
1,0,0.7375
0,0,0.694444444444444
1,0,0.725
0,0,0.972222222222222
1,0,0.7
0,0,0.962962962962963
0,0,0.972222222222222
0,0,0.810185185185185
0,0,0.597222222222222
0,0,0.916666666666667
0,0,0.858585858585859
0,0,0.861111111111111
0,0,0.875
0,0,0.861111111111111
0,0,0.597222222222222
1,0,0.6
0,0,0.888888888888889
0,0,0.851851851851852
0,0,0.837962962962963
0,0,0.888888888888889
1,0,0.579166666666667
0,0,0.833333333333333
0,0,0.888888888888889
0,0,0.925925925925926
0,0,0.652777777777778
1,0,0.65
1,0,0.833333333333333
0,0,0.875
0,0,0.861111111111111
0,0,0.907828282828283
0,0,0.888888888888889
0,0,0.861111111111111
0,0,0.958333333333333
1,0,0.875
0,0,0.958333333333333
1,0,0.8
0,0,0.722222222222222
1,0,0.85
0,0,0.916666666666667
1,0,0.675
0,0,0.861111111111111
0,0,0.717592592592593
0,0,0.916666666666667
0,0,0.916666666666667
0,0,0.944444444444444
1,0,0.7625
0,0,0.962962962962963
0,0,0.847222222222222
0,0,1
0,0,0.708333333333333
0,0,0.680555555555556
0,0,0.842592592592593
0,0,0.777777777777778
0,0,0.972222222222222
0,0,0.805555555555556
0,0,0.907828282828283
0,0,0.861111111111111
0,0,0.819444444444444
0,0,0.875
0,0,0.736111111111111
0,0,0.791666666666667
0,0,0.902777777777778
0,0,0.555555555555556
0,0,0.888888888888889
0,0,0.708333333333333
0,0,0.402777777777778
0,0,0.791666666666667
0,0,0.916666666666667
0,0,0.907828282828283
0,0,0.944444444444444
0,0,0.700757575757576
0,0,0.763888888888889
0,0,0.736111111111111
0,0,0.944444444444444
0,0,0.680555555555556
0,0,0.736111111111111
1,0,0.85
0,0,0.847222222222222
0,0,0.916666666666667
0,0,0.888888888888889
0,0,0.680555555555556
1,0,0.4125
0,0,0.833333333333333
0,0,0.657407407407407
0,0,0.916666666666667
0,0,0.722222222222222
0,0,0.805555555555556
0,0,0.75
0,0,0.763888888888889
0,0,0.49537037037037
0,0,0.708333333333333
0,0,0.708333333333333
0,0,0.861111111111111
0,0,0.833333333333333
0,0,0.810185185185185
0,0,0.861111111111111
1,0,0.6375
0,0,0.929292929292929
0,0,0.962962962962963
1,0,0.85
0,0,0.732323232323232
0,0,0.75
0,0,0.777777777777778
1,0,0.6
1,0,0.6525
0,0,0.75
0,0,0.833333333333333
0,0,0.916666666666667
0,0,0.861111111111111
0,0,0.861111111111111
0,0,0.972222222222222
0,0,0.888888888888889
0,0,0.513888888888889
0,0,0.925925925925926
1,0,0.866666666666667
0,0,0.861111111111111
0,0,0.888888888888889
0,0,0.851851851851852
0,0,0.902777777777778
0,0,0.944444444444444
0,0,0.916666666666667
1,0,0.7625
0,0,0.962962962962963
1,0,0.8125
0,0,1
1,0,0.675
0,0,0.851851851851852
0,0,0.916666666666667
1,0,0.85
0,0,0.902777777777778
0,0,0.837962962962963
0,0,0.861111111111111
0,0,0.583333333333333
0,0,0.930555555555556
0,0,0.628787878787879
1,0,0.7
1,0,0.833333333333333
1,0,0.716666666666667
0,0,0.685185185185185
0,0,0.708333333333333
0,0,0.708333333333333
0,0,0.972222222222222
0,0,0.929292929292929
0,0,0.833333333333333
0,0,0.75
0,0,0.861111111111111
0,0,0.925925925925926
1,0,0.5625
0,0,0.916666666666667
0,0,0.944444444444444
0,0,0.763888888888889
1,0,0.8625
0,0,0.791666666666667
0,0,0.875
0,0,0.657828282828283
0,0,0.916666666666667
0,0,0.685185185185185
0,0,0.791666666666667
0,0,0.5
0,0,0.930555555555556
0,0,0.833333333333333
1,0,0.675
0,0,0.777777777777778
0,0,0.708333333333333
0,0,0.944444444444444
0,0,0.819444444444444
0,0,0.763888888888889
0,0,0.8
0,0,0.842592592592593
0,0,0.568181818181818
0,0,0.625
0,0,0.847222222222222
0,0,0.911111111111111
0,0,0.875
0,0,0.75
0,0,0.972222222222222
0,0,0.888888888888889
0,0,1
0,0,0.819444444444444
0,0,0.819444444444444
0,0,0.972222222222222
0,0,0.791666666666667
0,0,1
1,0,0.775
0,0,0.888888888888889
0,0,0.875
0,0,0.75
0,0,0.925925925925926
0,0,0.763888888888889
0,0,0.805555555555556
1,0,0.630681818181818
0,0,0.972222222222222
0,0,0.916666666666667
0,0,0.962962962962963
0,0,0.771464646464647
0,0,0.708333333333333
0,0,0.888888888888889
1,0,0.833333333333333
0,0,0.666666666666667
0,0,0.680555555555556
0,0,0.930555555555556
0,0,0.916666666666667
0,0,0.958333333333333
0,0,0.847222222222222
0,0,0.944444444444444
1,0,0.6375
0,0,0.825757575757576
0,0,0.911111111111111
0,0,0.888888888888889
0,0,1
0,0,0.944444444444444
0,0,0.75
1,0,0.575
0,0,0.861111111111111
0,0,0.897727272727273
0,0,0.861111111111111
0,0,0.75
0,0,0.833333333333333
0,0,0.819444444444444
0,0,0.777777777777778
0,0,0.597222222222222
0,0,0.819444444444444
1,0,0.658333333333333
0,0,1
1,0,0.75
1,0,0.8
0,0,0.888888888888889
1,0,0.8375
0,0,0.75
0,0,0.805555555555556
0,0,0.944444444444444
0,0,0.958333333333333
0,0,0.888888888888889
0,0,0.972222222222222
1,0,0.875
0,0,0.875
0,0,0.944444444444444
0,0,0.805555555555556
1,0,0.825
0,0,0.888888888888889
0,0,0.75
0,0,0.972222222222222
0,0,0.888888888888889
1,0,0.5375
0,0,0.75
0,0,0.75
0,0,0.861111111111111
1,0,0.625
0,0,0.944444444444444
0,0,0.847222222222222
0,0,0.887626262626263
0,0,0.888888888888889
0,0,0.916666666666667
0,0,0.833333333333333
0,0,0.833333333333333
0,0,0.972222222222222
1,0,0.7375
0,0,0.555555555555556
1,0,0.7
0,0,0.888888888888889
0,0,0.902777777777778
0,0,1
0,0,0.861111111111111
0,0,0.847222222222222
1,0,0.8125
0,0,0.680555555555556
0,0,0.977777777777778
0,0,0.722222222222222
1,0,0.608333333333333
0,0,0.583333333333333
0,0,0.888888888888889
0,0,0.597222222222222
1,0,0.675
0,0,0.722222222222222
0,0,0.708333333333333
0,0,0.732323232323232
0,0,0.847222222222222
0,0,0.625
0,0,0.944444444444444
0,0,0.847222222222222
0,0,0.541666666666667
0,0,0.972222222222222
0,0,0.837962962962963
0,0,0.694444444444444
0,0,0.805555555555556
0,0,0.861111111111111
0,0,0.527777777777778
0,0,0.925925925925926
0,0,0.944444444444444
1,0,0.75
0,0,0.833333333333333
0,0,0.805555555555556
0,0,0.759259259259259
1,0,0.541666666666667
0,0,0.597222222222222
0,0,0.916666666666667
0,0,0.611111111111111
0,0,0.708333333333333
0,0,0.833333333333333
0,0,0.722222222222222
0,0,0.513888888888889
0,0,0.777777777777778
0,0,0.638888888888889
0,0,0.805555555555556
0,0,0.777777777777778
0,0,0.888888888888889
0,0,0.625
0,0,0.791666666666667
1,0,0.475
0,0,0.916666666666667
0,0,0.805555555555556
0,0,0.652777777777778
0,0,0.944444444444444
0,0,0.972222222222222
0,0,0.875
0,0,1
0,0,0.667929292929293
0,0,0.888888888888889
1,0,0.608333333333333
0,0,0.861111111111111
0,0,0.625
0,0,0.513888888888889
0,0,0.597222222222222
0,0,0.708333333333333
0,0,0.972222222222222
1,0,0.5875
0,0,0.833333333333333
1,0,0.8375
0,0,0.694444444444444
1,0,0.675
0,0,0.833333333333333
0,0,0.944444444444444
0,0,0.638888888888889
1,0,0.772727272727273
0,0,0.694444444444444
1,0,0.6125
0,0,0.861111111111111
1,0,0.725
0,0,0.833333333333333
0,0,0.666666666666667
1,0,0.603409090909091
0,0,0.888888888888889
0,0,0.666666666666667
1,0,0.795833333333333
0,0,0.916666666666667
0,0,0.847222222222222
0,0,0.722222222222222
0,0,0.861111111111111
0,0,0.875
0,0,0.916666666666667
0,0,0.680555555555556
0,0,0.888888888888889
0,0,0.847222222222222
0,0,0.837962962962963
0,0,0.680555555555556
0,0,0.666666666666667
0,0,0.679292929292929
0,0,0.513888888888889
0,0,0.814814814814815
0,0,0.833333333333333
0,0,0.833333333333333
1,0,0.629545454545455
1,0,0.65
0,0,0.861111111111111
0,0,0.847222222222222
1,0,0.528409090909091
0,0,0.722222222222222
0,0,0.75
0,0,0.75
0,0,0.842592592592593
0,0,0.666666666666667
0,0,0.819444444444444
0,0,0.833333333333333
0,0,0.944444444444444
0,0,0.944444444444444
0,0,0.847222222222222
0,0,0.902777777777778
0,0,0.916666666666667
0,0,0.930555555555556
0,0,0.680555555555556
0,0,0.861111111111111
0,0,0.777777777777778
0,0,0.888888888888889
0,0,0.944444444444444
1,0,0.6875
0,0,0.925925925925926
0,0,0.833333333333333
0,0,0.722222222222222
0,0,0.736111111111111
0,0,0.888888888888889
0,0,0.833333333333333
0,0,0.847222222222222
0,0,0.94949494949495
0,0,0.972222222222222
1,0,0.6875
0,0,0.833333333333333
0,0,0.972222222222222
0,0,1
0,0,0.666666666666667
0,0,0.972222222222222
0,0,0.777777777777778
0,0,0.722222222222222
1,0,0.625
0,0,0.902777777777778
0,0,0.875
0,0,1
1,0,0.6375
1,0,0.9
0,0,0.944444444444444
1,0,0.754166666666667
0,0,0.875
0,0,0.944444444444444
0,0,0.833333333333333
1,0,0.625
0,0,0.925925925925926
0,0,1
0,0,0.805555555555556
0,0,0.875
0,0,0.851851851851852
1,0,0.620833333333333
0,0,0.777777777777778
0,0,0.888888888888889
0,0,1
0,0,0.888888888888889
0,0,0.861111111111111
0,0,0.888888888888889
1,0,0.6125
0,0,0.805555555555556
0,0,0.763888888888889
0,0,0.87962962962963
1,0,0.6375
0,0,0.694444444444444
0,0,0.888888888888889
0,0,1
0,0,0.777777777777778
0,0,0.833333333333333
0,0,0.886363636363636
0,0,0.736111111111111
1,0,0.9
1,0,0.6375
0,0,0.833333333333333
0,0,0.694444444444444
0,0,0.888888888888889
1,0,0.6125
0,0,0.972222222222222
0,0,0.925925925925926
0,0,0.625
0,0,0.916666666666667
1,0,0.7
0,0,0.861111111111111
0,0,0.691919191919192
0,0,0.694444444444444
0,0,0.777777777777778
0,0,0.888888888888889
0,0,1
0,0,0.958333333333333
0,0,0.819444444444444
0,0,0.625
0,0,0.851851851851852
0,0,0.916666666666667
0,0,0.777777777777778
0,0,0.962962962962963
0,0,1
0,0,0.722222222222222
1,0,0.630681818181818
1,0,0.425
0,0,0.944444444444444
1,0,0.791666666666667
1,0,0.875
0,0,0.800925925925926
0,0,0.861111111111111
1,0,0.758333333333333
0,0,0.944444444444444
1,0,0.564772727272727
0,0,0.916666666666667
0,0,0.833333333333333
1,0,0.7
1,0,0.725
0,0,1
0,0,0.694444444444444
1,0,0.75
0,0,0.944444444444444
0,0,0.916666666666667
0,0,0.722222222222222
1,0,0.525
0,0,0.916666666666667
1,0,0.5375
0,0,0.819444444444444
0,0,0.861111111111111
0,0,0.627525252525252
1,0,0.7875
1,0,0.85
0,0,0.847222222222222
0,0,0.916666666666667
0,0,0.763888888888889
1,0,0.7125
0,0,0.657828282828283
0,0,0.888888888888889
0,0,0.944444444444444
0,0,0.680555555555556
0,0,0.972222222222222
0,0,0.666666666666667
1,0,0.825
0,0,0.791666666666667
0,0,0.888888888888889
0,0,0.888888888888889
0,0,0.666666666666667
0,0,0.944444444444444
0,0,0.944444444444444
0,0,0.888888888888889
0,0,0.652777777777778
1,0,0.731818181818182
0,0,0.861111111111111
0,0,1
0,0,0.94949494949495
0,0,0.722222222222222
0,0,1
0,0,0.819444444444444
0,0,0.888888888888889
0,0,0.833333333333333
0,0,0.708333333333333
0,0,0.833333333333333
1,0,0.720833333333333
0,0,0.861111111111111
0,0,0.962962962962963
0,0,0.916666666666667
0,0,1
0,0,0.805555555555556
0,0,0.972222222222222
0,0,0.888888888888889
0,0,0.805555555555556
0,0,0.708333333333333
0,0,0.847222222222222
0,0,0.708333333333333
0,0,0.703703703703704
0,0,0.722222222222222
0,0,0.75
0,0,0.898989898989899
0,0,0.888888888888889
0,0,0.574074074074074
0,0,0.888888888888889
0,0,0.763888888888889
0,0,0.925925925925926
0,0,0.638888888888889
0,0,0.722222222222222
1,0,0.5125
0,0,0.819444444444444
0,0,0.75
0,0,0.861111111111111
0,0,0.569444444444444
0,0,0.685185185185185
0,0,0.888888888888889
1,0,0.8
0,0,0.94949494949495
0,0,0.597222222222222
0,0,0.958333333333333
0,0,0.814814814814815
0,0,0.972222222222222
0,0,0.75
0,0,0.861111111111111
0,0,0.680555555555556
0,0,0.833333333333333
0,0,0.611111111111111
0,0,0.875
0,0,0.689814814814815
1,0,0.675
0,0,0.84469696969697
0,0,0.694444444444444
0,0,0.527777777777778
0,0,0.819444444444444
0,0,0.677777777777778
0,0,0.577020202020202
1,0,0.875
0,0,0.661616161616162
0,0,0.784090909090909
0,0,0.719444444444444
0,0,0.916666666666667
0,0,0.805555555555556
0,0,0.944444444444444
1,0,0.657954545454545
0,0,0.736111111111111
0,0,0.955555555555556
0,0,0.805555555555556
0,0,0.884259259259259
0,0,0.944444444444444
0,0,0.902777777777778
0,0,0.972222222222222
0,0,0.75
0,0,0.833333333333333
1,0,0.8125
0,0,0.944444444444444
0,0,0.861111111111111
0,0,0.763888888888889
0,0,0.847222222222222
0,0,0.861111111111111
1,0,0.875
0,0,0.944444444444444
0,0,0.833333333333333
0,0,0.847222222222222
1,0,0.775
1,0,0.7375
0,0,0.833333333333333
0,0,0.888888888888889
0,0,0.861111111111111
0,0,0.958333333333333
0,0,0.944444444444444
0,0,0.916666666666667
0,0,0.694444444444444
0,0,0.814814814814815
0,0,0.708333333333333
1,0,0.4875
0,0,0.597222222222222
1,0,0.825
1,0,0.766666666666667
1,0,0.7
1,0,0.875
0,0,0.916666666666667
0,0,0.972222222222222
0,0,0.805555555555556
0,0,1
0,0,0.875
0,0,0.888888888888889
0,0,0.611111111111111
1,0,0.5875
0,0,0.875
0,0,0.875
1,0,0.616666666666667
0,0,0.847222222222222
0,0,0.625
0,0,0.680555555555556
0,0,0.888888888888889
0,0,0.842592592592593
0,0,0.97979797979798
0,0,0.694444444444444
0,0,0.736111111111111
1,0,0.575
1,0,0.833333333333333
0,0,0.805555555555556
0,0,0.861111111111111
1,0,0.795833333333333
0,0,0.925925925925926
1,0,0.9
1,0,0.5975
0,0,0.555555555555556
1,0,0.833333333333333
0,0,0.861111111111111
0,0,1
1,0,0.7475
0,0,0.611111111111111
0,0,0.784090909090909
1,0,0.4975
0,0,0.805555555555556
0,0,0.833333333333333
0,0,0.888888888888889
0,0,0.722222222222222
0,0,0.861111111111111
0,0,0.888888888888889
0,0,0.875
0,0,0.597222222222222
1,0,0.45
0,0,0.875
0,0,0.833333333333333
0,0,0.916666666666667
0,0,0.700757575757576
0,0,0.625
0,0,0.736111111111111
0,0,0.847222222222222
0,0,0.861111111111111
0,0,0.819444444444444
0,0,0.833333333333333
0,0,0.791666666666667
0,0,0.541666666666667
0,0,0.94949494949495
0,0,0.680555555555556
1,0,0.6375
1,0,0.66
0,0,0.791666666666667
0,0,0.842592592592593
0,0,0.791666666666667
0,0,0.666666666666667
0,0,0.888888888888889
1,0,0.625
0,0,0.75
0,0,0.819444444444444
1,0,0.725
0,0,0.944444444444444
0,0,0.958333333333333
1,0,0.8125
0,0,0.763888888888889
0,0,0.666666666666667
0,0,0.972222222222222
0,0,0.777777777777778
0,0,0.680555555555556
1,0,0.8125
1,0,0.5
0,0,0.666666666666667
0,0,0.888888888888889
1,0,0.7625
0,0,0.972222222222222
0,0,1
0,0,0.888888888888889
0,0,0.944444444444444
0,0,0.763888888888889
0,0,0.916666666666667
0,0,1
0,0,0.597222222222222
0,0,0.972222222222222
0,0,0.962962962962963
0,0,0.916666666666667
1,0,0.722727272727273
0,0,0.819444444444444
0,0,0.444444444444444
1,0,0.727272727272727
0,0,0.569444444444444
0,0,0.875
0,0,0.814393939393939
1,0,0.8125
0,0,0.857323232323232
0,0,0.708333333333333
0,0,0.791666666666667
0,0,0.842592592592593
0,0,0.847222222222222
0,0,0.962962962962963
0,0,0.958333333333333
1,0,0.725
1,0,0.5875
0,0,0.637626262626263
0,0,0.875
0,0,1
0,0,1
0,0,0.916666666666667
1,0,0.775
0,0,0.888888888888889
0,0,0.722222222222222
0,0,1
0,0,0.805555555555556
0,0,0.916666666666667
0,0,0.805555555555556
0,0,0.916666666666667
0,0,0.962962962962963
0,0,0.648148148148148
0,0,0.972222222222222
0,0,0.902777777777778
0,0,0.861111111111111
0,0,0.513888888888889
1,0,0.7
0,0,0.861111111111111
0,0,0.694444444444444
0,0,0.666666666666667
0,0,0.722222222222222
1,0,0.75
1,0,0.6625
1,0,0.725
0,0,0.962962962962963
0,0,0.75
0,0,0.680555555555556
0,0,0.902777777777778
0,0,0.652777777777778
1,0,0.675
0,0,0.680555555555556
0,0,0.930555555555556
1,0,0.683333333333333
0,0,0.944444444444444
0,0,0.972222222222222
0,0,0.930555555555556
0,0,0.916666666666667
0,0,0.958333333333333
0,0,0.902777777777778
0,0,0.888888888888889
0,0,0.930555555555556
0,0,0.805555555555556
1,0,0.8
0,0,0.875
0,0,0.70959595959596
0,0,0.819444444444444
0,0,0.791666666666667
0,0,0.944444444444444
1,0,0.525
0,0,0.962962962962963
1,0,0.714772727272727
0,0,0.678030303030303
0,0,0.819444444444444
0,0,1
0,0,0.897727272727273
0,0,0.680555555555556
0,0,0.916666666666667
0,0,0.819444444444444
0,0,0.569444444444444
0,0,1
1,0,0.7375
0,0,0.851851851851852
0,0,0.805555555555556
0,0,0.944444444444444
0,0,0.972222222222222
0,0,1
0,0,0.94949494949495
0,0,0.708333333333333
0,0,0.805555555555556
0,0,0.772727272727273
0,0,0.888888888888889
0,0,0.888888888888889
0,0,0.773148148148148
0,0,0.902777777777778
0,0,0.888888888888889
0,0,0.916666666666667
0,0,0.791666666666667
1,0,0.875
0,0,0.722222222222222
0,0,0.944444444444444
0,0,0.777777777777778
0,0,0.944444444444444
0,0,0.75
0,0,0.861111111111111
1,0,0.5625
0,0,0.611111111111111
1,0,0.7875
1,0,0.51
0,0,0.916666666666667
0,0,0.708333333333333
0,0,0.944444444444444
0,0,1
0,0,0.861111111111111
0,0,0.555555555555556
0,0,0.777777777777778
0,0,0.842592592592593
1,0,0.9
0,0,0.819444444444444
0,0,1
1,0,0.760227272727273
0,0,0.944444444444444
0,0,0.930555555555556
0,0,0.972222222222222
0,0,0.847222222222222
0,0,1
0,0,0.694444444444444
1,0,0.875
0,0,1
0,0,0.791666666666667
0,0,0.972222222222222
0,0,0.670454545454545
0,0,0.759259259259259
1,0,0.725
0,0,0.833333333333333
1,0,0.6
0,0,0.736111111111111
1,0,0.833333333333333
1,0,0.6375
0,0,0.875
1,0,0.872727272727273
1,0,0.6625
0,0,0.958333333333333
0,0,0.925925925925926
0,0,0.888888888888889
0,0,0.861111111111111
1,0,0.833333333333333
0,0,0.944444444444444
0,0,0.75
0,0,0.916666666666667
0,0,0.916666666666667
0,0,0.784090909090909
0,0,0.805555555555556
1,0,0.7125
0,0,0.944444444444444
0,0,0.666666666666667
0,0,0.875
0,0,0.833333333333333
0,0,0.930555555555556
0,0,0.819444444444444
0,0,0.819444444444444
1,0,0.475
0,0,0.916666666666667
1,0,0.875
0,0,0.75
0,0,0.96969696969697
0,0,0.833333333333333
0,0,0.736111111111111
0,0,0.916666666666667
0,0,0.666666666666667
0,0,0.916666666666667
1,0,0.75
0,0,0.680555555555556
0,0,0.861111111111111
1,0,0.45
0,0,0.925925925925926
0,0,1
1,0,0.85
0,0,0.717592592592593
0,0,0.944444444444444
0,0,0.944444444444444
0,0,0.680555555555556
0,0,0.513888888888889
1,0,0.575
0,0,0.652777777777778
0,0,0.972222222222222
0,0,0.833333333333333
0,0,0.861111111111111
0,0,0.814814814814815
1,0,0.9
0,0,0.805555555555556
0,0,0.907828282828283
1,0,0.6375
0,0,0.861111111111111
0,0,0.847222222222222
0,0,0.833333333333333
0,0,0.888888888888889
0,0,0.694444444444444
0,0,0.861111111111111
1,0,0.766666666666667
0,0,0.819444444444444
0,0,0.916666666666667
0,0,0.944444444444444
0,0,0.763888888888889
0,0,0.861111111111111
0,0,0.680555555555556
0,0,0.763888888888889
0,0,1
0,0,0.791666666666667
0,0,0.888888888888889
0,0,0.847222222222222
0,0,0.805555555555556
0,0,0.777777777777778
0,0,0.638888888888889
1,0,0.85
0,0,0.763888888888889
0,0,0.888888888888889
0,0,0.625
0,0,0.939393939393939
0,0,0.958333333333333
0,0,0.875
0,0,0.722222222222222
0,0,0.972222222222222
0,0,0.5
0,0,0.878787878787879
1,0,0.5
0,0,0.972222222222222
0,0,0.888888888888889
0,0,0.583333333333333
0,0,0.777777777777778
0,0,0.902777777777778
0,0,0.861111111111111
0,0,1
0,0,0.847222222222222
1,0,0.754166666666667
0,0,0.944444444444444
0,0,0.819444444444444
0,0,0.722222222222222
0,0,0.689393939393939
0,0,0.833333333333333
0,0,0.681818181818182
0,0,0.625
1,0,0.675
0,0,0.777777777777778
0,0,0.972222222222222
0,0,0.847222222222222
0,0,0.944444444444444
0,0,0.805555555555556
0,0,1
0,0,1
0,0,0.731060606060606
1,0,0.8125
0,0,0.916666666666667
0,0,0.972222222222222
0,0,0.875
0,0,0.819444444444444
0,0,0.555555555555556
0,0,0.819444444444444
1,0,0.775
0,0,0.833333333333333
1,0,0.8
0,0,0.833333333333333
0,0,0.592592592592593
0,0,0.916666666666667
0,0,0.805555555555556
1,0,0.625
0,0,0.777777777777778
1,0,0.7375
0,0,0.777777777777778
0,0,0.680555555555556
0,0,0.833333333333333
0,0,0.819444444444444
0,0,0.805555555555556
0,0,0.833333333333333
0,0,0.75
0,0,0.680555555555556
0,0,0.833333333333333
0,0,0.857323232323232
0,0,1
0,0,0.694444444444444
0,0,0.833333333333333
0,0,0.851851851851852
0,0,0.958333333333333
0,0,0.527777777777778
0,0,0.916666666666667
0,0,0.805555555555556
0,0,0.740740740740741
0,0,0.842592592592593
0,0,0.867424242424242
0,0,0.763888888888889
0,0,0.888888888888889
0,0,0.916666666666667
1,0,0.6
0,0,0.868686868686869
0,0,0.736111111111111
0,0,0.814814814814815
0,0,0.722222222222222
0,0,0.902777777777778
0,0,0.888888888888889
0,0,0.950617283950617
1,0,0.775
0,0,0.763888888888889
0,0,0.825757575757576
1,0,0.88
1,0,0.9
0,0,0.888888888888889
0,0,0.791666666666667
1,0,0.675
0,0,0.833333333333333
1,0,0.538636363636364
0,0,0.833333333333333
0,0,0.694444444444444
0,0,0.916666666666667
0,0,0.888888888888889
0,0,0.722222222222222
0,0,0.607323232323232
0,0,0.722222222222222
0,0,0.888888888888889
0,0,0.888888888888889
0,0,0.944444444444444
0,0,0.972222222222222
0,0,0.916666666666667
0,0,0.763888888888889
0,0,0.972222222222222
1,0,0.9
0,0,0.867424242424242
1,0,0.7625
1,0,0.825
0,0,0.752525252525252
0,0,0.944444444444444
0,0,0.625
0,0,0.722222222222222
0,0,0.819444444444444
1,0,0.55
0,0,0.916666666666667
0,0,0.861111111111111
1,0,0.775
0,0,0.888888888888889
0,0,0.527777777777778
1,0,0.525
0,0,1
0,0,0.916666666666667
0,0,0.888888888888889
0,0,0.972222222222222
1,0,0.85
0,0,0.97979797979798
0,0,0.925925925925926
0,0,0.916666666666667
0,0,0.708333333333333
0,0,1
0,0,0.75
0,0,0.916666666666667
0,0,0.777777777777778
0,0,0.916666666666667
0,0,0.805555555555556
0,0,0.819444444444444
0,0,0.694444444444444
0,0,0.814814814814815
0,0,0.916666666666667
0,0,0.791666666666667
0,0,0.791666666666667
0,0,0.444444444444444
0,0,0.916666666666667
0,0,0.833333333333333
0,0,0.888888888888889
0,0,0.611111111111111
0,0,0.944444444444444
0,0,0.75
1,0,0.7
0,0,0.833333333333333
0,0,0.444444444444444
0,0,0.962962962962963
0,0,0.777777777777778
0,0,0.958333333333333
0,0,0.921296296296296
0,0,0.972222222222222
0,0,0.916666666666667
0,0,0.726851851851852
0,0,0.944444444444444
0,0,0.791666666666667
0,0,0.680555555555556
0,0,0.541666666666667
0,0,0.847222222222222
0,0,0.680555555555556
0,0,0.666666666666667
0,0,0.527777777777778
0,0,0.861111111111111
0,0,0.888888888888889
0,0,0.708333333333333
1,0,0.6125
0,0,0.794191919191919
0,0,0.768518518518518
0,0,0.490740740740741
0,0,0.638888888888889
0,0,0.930555555555556
0,0,0.875
0,0,0.888888888888889
0,0,0.925925925925926
0,0,0.722222222222222
0,0,0.578282828282828
0,0,0.814814814814815
0,0,0.884259259259259
0,0,0.916666666666667
0,0,0.75
0,0,0.875
0,0,0.972222222222222
0,0,1
0,0,1
0,0,0.888888888888889
0,0,0.902777777777778
0,0,0.805555555555556
0,0,0.944444444444444
0,0,0.944444444444444
0,0,0.847222222222222
0,0,0.944444444444444
0,0,0.777777777777778
0,0,1
0,0,0.791666666666667
0,0,0.722222222222222
0,0,0.861111111111111
0,0,0.916666666666667
1,0,0.775
0,0,0.861111111111111
0,0,0.875
1,0,0.825
0,0,0.944444444444444
0,0,0.884259259259259
0,0,0.944444444444444
0,0,0.805555555555556
1,0,0.725
1,0,0.866666666666667
0,0,0.851851851851852
0,0,0.733585858585859
0,0,0.555555555555556
1,0,0.85
1,0,0.625
0,0,0.819444444444444
0,0,0.842592592592593
0,0,0.810185185185185
0,0,0.722222222222222
1,0,0.45
0,0,0.972222222222222
1,0,0.8
1,0,0.575
1,0,0.795833333333333
1,0,0.6375
0,0,0.944444444444444
0,0,0.85
0,0,0.921296296296296
1,0,0.603409090909091
0,0,0.722222222222222
0,0,0.597222222222222
1,0,0.7625
0,0,0.916666666666667
1,0,0.7625
0,0,0.814814814814815
0,0,0.827020202020202
0,0,0.751262626262626
0,0,0.666666666666667
0,0,0.805555555555556
0,0,0.888888888888889
1,0,0.655
0,0,0.700757575757576
0,0,0.638888888888889
0,0,0.75
0,0,0.805555555555556
0,0,0.861111111111111
0,0,0.680555555555556
0,0,0.722222222222222
0,0,0.740740740740741
0,0,0.805555555555556
0,0,0.902777777777778
1,0,0.641666666666667
0,0,0.694444444444444
0,0,0.847222222222222
0,0,0.847222222222222
0,0,0.888888888888889
0,0,0.544444444444444
0,0,0.804292929292929
1,0,0.6125
0,0,0.944444444444444
0,0,1
0,0,0.768518518518518
0,0,0.972222222222222
0,0,1
0,0,0.861111111111111
1,0,0.475
0,0,0.841666666666667
0,0,0.944444444444444
0,0,0.972222222222222
0,0,0.833333333333333
1,0,0.733333333333333
1,0,0.8625
0,0,0.916666666666667
0,0,1
1,0,0.8125
1,0,0.675
0,0,0.916666666666667
0,0,0.861111111111111
0,0,0.791666666666667
0,0,0.944444444444444
1,0,0.6125
1,0,0.75
0,0,0.611111111111111
0,0,0.777777777777778
1,0,0.775
1,0,0.7125
0,0,0.694444444444444
0,0,0.916666666666667
0,0,0.861111111111111
0,0,0.861111111111111
0,0,0.708333333333333
0,0,0.736111111111111
0,0,0.916666666666667
0,0,0.916666666666667
0,0,0.777777777777778
0,0,1
0,0,0.888888888888889
0,0,0.722222222222222
0,0,0.888888888888889
0,0,0.837121212121212
0,0,0.740740740740741
1,0,0.8
0,0,0.875
0,0,0.847222222222222
1,0,0.725
0,0,0.944444444444444
0,0,0.819444444444444
0,0,0.897727272727273
0,0,0.972222222222222
0,0,0.833333333333333
0,0,1
0,0,0.527777777777778
0,0,0.944444444444444
0,0,0.819444444444444
0,0,0.958333333333333
0,0,0.858585858585859
0,0,0.819444444444444
0,0,1
0,0,0.805555555555556
0,0,0.916666666666667
0,0,0.972222222222222
1,0,0.7
0,0,0.916666666666667
0,0,0.736111111111111
1,0,0.554166666666667
0,0,0.759259259259259
0,0,0.814814814814815
0,0,0.763888888888889
0,0,0.666666666666667
0,0,0.972222222222222
0,0,0.791666666666667
0,0,0.805555555555556
0,0,0.833333333333333
0,0,0.944444444444444
0,0,0.875
0,0,0.763888888888889
1,0,0.7375
0,0,0.972222222222222
0,0,0.897727272727273
0,0,0.888888888888889
0,0,0.888888888888889
0,0,0.722222222222222
0,0,0.819444444444444
0,0,0.555555555555556
0,0,0.555555555555556
0,0,0.916666666666667
0,0,0.805555555555556
0,0,0.888888888888889
0,0,0.763888888888889
0,0,0.708333333333333
0,0,0.861111111111111
0,0,0.833333333333333
0,0,0.847222222222222
0,0,0.847222222222222
0,0,0.861111111111111
0,0,0.944444444444444
0,0,0.833333333333333
0,0,0.800925925925926
0,0,1
0,0,0.958333333333333
0,0,0.666666666666667
0,0,0.925925925925926
0,0,0.736111111111111
0,0,0.962962962962963
0,0,0.944444444444444
0,0,1
0,0,0.962962962962963
1,0,0.5375
1,0,0.795833333333333
0,0,0.833333333333333
1,0,0.6875
1,0,0.525
0,0,0.75
0,0,0.625
1,0,0.475
1,0,0.825
1,0,0.85
0,0,0.736111111111111
0,0,0.944444444444444
0,0,0.805555555555556
0,0,0.888888888888889
0,0,1
0,0,0.851851851851852
1,0,0.825
0,0,0.972222222222222
0,0,0.861111111111111
1,0,0.65
1,0,0.825
0,0,0.763888888888889
0,0,0.805555555555556
1,0,0.7625
0,0,0.972222222222222
0,0,0.944444444444444
0,0,0.861111111111111
0,0,0.916666666666667
0,0,0.763888888888889
0,0,1
0,0,0.944444444444444
1,0,0.8375
0,0,0.972222222222222
1,0,0.625
0,0,0.888888888888889
0,0,0.833333333333333
1,0,0.7625
0,0,0.888888888888889
0,0,0.569444444444444
0,0,0.944444444444444
0,0,0.833333333333333
0,0,0.791666666666667
0,0,0.833333333333333
0,0,0.472222222222222
0,0,0.680555555555556
0,0,0.888888888888889
0,0,0.833333333333333
0,0,0.833333333333333
0,0,0.958333333333333
0,0,0.694444444444444
0,0,0.842592592592593
0,0,0.810185185185185
0,0,0.763888888888889
0,0,0.847222222222222
0,0,0.875
0,0,0.847222222222222
0,0,0.722222222222222
0,0,0.666666666666667
0,0,0.819444444444444
1,0,0.725
0,0,0.944444444444444
0,0,0.694444444444444
0,0,0.861111111111111
0,0,0.875
0,0,0.611111111111111
0,0,0.805555555555556
1,0,0.825
1,0,0.758333333333333
0,0,0.850308641975309
0,0,0.796296296296296
0,0,0.833333333333333
0,0,0.888888888888889
0,0,0.916666666666667
0,0,0.752525252525252
0,0,0.875
0,0,0.694444444444444
0,0,0.861111111111111
1,0,0.875
0,0,0.944444444444444
0,0,0.958333333333333
0,0,0.972222222222222
0,0,0.962962962962963
0,0,0.842592592592593
0,0,0.925925925925926
0,0,0.902777777777778
0,0,0.583333333333333
0,0,0.916666666666667
0,0,1
0,0,0.800925925925926
1,0,0.729166666666667
0,0,0.847222222222222
0,0,1
1,0,0.8
0,0,0.888888888888889
0,0,0.842592592592593
0,0,0.902777777777778
0,0,0.777777777777778
0,0,0.805555555555556
0,0,0.597222222222222
1,0,0.6875
1,0,0.725
1,0,0.6875
0,0,0.819444444444444
0,0,0.694444444444444
0,0,0.916666666666667
0,0,0.861111111111111
0,0,0.722222222222222
0,0,0.916666666666667
0,0,0.699074074074074
0,0,0.75
0,0,0.763888888888889
0,0,0.916666666666667
0,0,0.791666666666667
0,0,1
1,0,0.65
0,0,0.916666666666667
0,0,0.833333333333333
0,0,1
0,0,0.916666666666667
0,0,0.888888888888889
0,0,0.888888888888889
1,0,0.558333333333333
0,0,1
0,0,0.861111111111111
0,0,0.847222222222222
0,0,0.680555555555556
0,0,0.972222222222222
0,0,0.972222222222222
0,0,0.944444444444444
0,0,0.916666666666667
0,0,0.819444444444444
1,0,0.825
0,0,0.583333333333333
0,0,0.944444444444444
0,0,0.842592592592593
0,0,0.833333333333333
0,0,0.944444444444444
0,0,0.777777777777778
0,0,0.847222222222222
1,0,0.775
0,0,1
1,0,0.875
0,0,0.75
0,0,0.944444444444444
0,0,0.861111111111111
0,0,0.962962962962963
0,0,0.842592592592593
0,0,0.694444444444444
0,0,0.888888888888889
0,0,0.875
0,0,0.861111111111111
0,0,0.805555555555556
0,0,0.861111111111111
0,0,0.888888888888889
0,0,0.888888888888889
0,0,0.805555555555556
0,0,0.819444444444444
0,0,0.916666666666667
1,0,0.725
0,0,0.717592592592593
0,0,0.851851851851852
0,0,0.680555555555556
0,0,0.888888888888889
0,0,1
0,0,0.888888888888889
0,0,0.972222222222222
0,0,0.69949494949495
0,0,0.875
0,0,0.902777777777778
0,0,0.888888888888889
1,0,0.533333333333333
1,0,0.791666666666667
1,0,0.6625
0,0,0.925925925925926
0,0,0.763888888888889
0,0,1
0,0,0.851851851851852
0,0,0.909090909090909
0,0,0.652777777777778
1,0,0.625
0,0,0.888888888888889
0,0,0.916666666666667
0,0,0.902777777777778
0,0,0.611111111111111
0,0,0.944444444444444
0,0,0.847222222222222
0,0,0.888888888888889
1,0,0.7375
0,0,0.833333333333333
1,0,0.8
0,0,0.680555555555556
0,0,0.847222222222222
0,0,0.944444444444444
0,0,0.763888888888889
0,0,0.972222222222222
0,0,0.814814814814815
0,0,0.916666666666667
1,0,0.825
0,0,0.888888888888889
0,0,0.722222222222222
0,0,0.768518518518518
0,0,0.805555555555556
0,0,0.75
0,0,0.805555555555556
0,0,1
0,0,0.763888888888889
1,0,0.7625
0,0,0.888888888888889
1,0,0.866666666666667
1,0,0.8
0,0,0.888888888888889
0,0,0.944444444444444
0,0,0.805555555555556
0,0,0.722222222222222
0,0,0.888888888888889
0,0,0.597222222222222
0,0,0.861111111111111
0,0,0.847222222222222
0,0,0.722222222222222
0,0,0.833333333333333
0,0,0.888888888888889
0,0,0.861111111111111
1,0,0.833333333333333
0,0,0.916666666666667
0,0,0.888888888888889
0,0,0.777777777777778
0,0,0.819444444444444
0,0,0.736111111111111
0,0,0.888888888888889
0,0,0.875
0,0,0.842592592592593
0,0,0.777777777777778
1,0,0.625
0,0,0.944444444444444
1,0,0.6875
0,0,0.867424242424242
1,0,0.683333333333333
0,0,0.888888888888889
0,0,0.694444444444444
1,0,0.408333333333333
0,0,0.851851851851852
1,0,0.7
0,0,0.833333333333333
0,0,0.569444444444444
0,0,0.833333333333333
0,0,0.814814814814815
0,0,0.916666666666667
1,0,0.6875
0,0,0.861111111111111
0,0,0.84469696969697
0,0,0.861111111111111
0,0,0.861111111111111
0,0,0.722222222222222
0,0,0.680555555555556
0,0,0.722222222222222
0,0,0.569444444444444
0,0,0.861111111111111
0,0,0.680555555555556
0,0,0.888888888888889
0,0,0.909090909090909
0,0,0.930555555555556
0,0,0.791666666666667
0,0,0.814814814814815
0,0,0.597222222222222
1,0,0.825
0,0,0.916666666666667
0,0,0.791666666666667
0,0,1
0,0,0.819444444444444
0,0,0.685185185185185
0,0,0.847222222222222
0,0,0.833333333333333
0,0,0.930555555555556
1,0,0.8
0,0,0.819444444444444
0,0,0.944444444444444
1,0,0.7875
0,0,0.648148148148148
0,0,0.851851851851852
0,0,0.847222222222222
0,0,0.814814814814815
0,0,0.972222222222222
0,0,0.925925925925926
0,0,0.708333333333333
0,0,0.888888888888889
1,0,0.7
0,0,1
0,0,0.833333333333333
0,0,0.791666666666667
0,0,0.805555555555556
0,0,0.944444444444444
0,0,0.921296296296296
1,0,0.725
1,0,0.7
0,0,0.884259259259259
0,0,0.916666666666667
0,0,0.888888888888889
0,0,0.944444444444444
0,0,0.861111111111111
0,0,0.638888888888889
0,0,0.819444444444444
0,0,0.833333333333333
0,0,0.925925925925926
0,0,0.861111111111111
1,0,0.866666666666667
1,0,0.825
0,0,0.916666666666667
0,0,0.759259259259259
0,0,0.888888888888889
0,0,0.930555555555556
0,0,0.861111111111111
0,0,0.777777777777778
1,0,0.375
0,0,0.916666666666667
0,0,0.916666666666667
0,0,0.588888888888889
0,0,0.916666666666667
0,0,0.916666666666667
0,0,0.888888888888889
0,0,0.888888888888889
0,0,0.962962962962963
0,0,0.861111111111111
0,0,0.736111111111111
0,0,0.805555555555556
0,0,0.972222222222222
0,0,0.851851851851852
0,0,0.847222222222222
0,0,0.361111111111111
0,0,0.858585858585859
0,0,0.75462962962963
1,0,0.6125
1,0,0.75
0,0,0.805555555555556
0,0,0.805555555555556
0,0,0.916666666666667
0,0,0.763888888888889
0,0,0.950617283950617
0,0,0.888888888888889
1,0,0.85
1,0,0.7
0,0,0.722222222222222
0,0,0.777777777777778
0,0,0.694444444444444
0,0,0.916666666666667
0,0,0.958333333333333
0,0,0.861111111111111
0,0,0.875
0,0,0.611111111111111
0,0,0.541666666666667
0,0,0.736111111111111
1,0,0.775
0,0,0.972222222222222
0,0,0.732323232323232
0,0,0.888888888888889
0,0,0.875
0,0,0.819444444444444
0,0,0.888888888888889
0,0,0.878787878787879
0,0,0.888888888888889
0,0,0.819444444444444
0,0,0.833333333333333
0,0,0.875
1,0,0.761363636363636
0,0,0.833333333333333
0,0,0.916666666666667
0,0,0.666666666666667
1,0,0.639772727272727
0,0,0.902777777777778
0,0,0.666666666666667
0,0,0.763888888888889
0,0,0.902777777777778
0,0,0.791666666666667
0,0,0.740740740740741
0,0,0.777777777777778
0,0,0.73989898989899
0,0,0.740740740740741
1,0,0.7125
0,0,0.666666666666667
1,0,0.575
1,0,0.5
0,0,0.875
0,0,0.888888888888889
0,0,0.944444444444444
1,0,0.736111111111111
1,0,0.85
1,0,0.866666666666667
0,0,0.833333333333333
0,0,0.833333333333333
1,0,0.8375
1,0,0.75
0,0,0.851851851851852
0,0,0.777777777777778
1,0,0.75
0,0,0.842592592592593
0,0,0.972222222222222
0,0,0.888888888888889
0,0,0.958333333333333
0,0,0.694444444444444
0,0,1
0,0,0.9
0,0,1
1,0,0.6375
1,0,0.5625
0,0,0.763888888888889
0,0,0.833333333333333
1,0,0.85
1,0,0.5375
0,0,0.888888888888889
0,0,0.777777777777778
1,0,0.720833333333333
0,0,0.944444444444444
0,0,0.805555555555556
1,0,0.9
0,0,0.75
0,0,0.819444444444444
0,0,0.819444444444444
1,0,0.6625
1,0,0.504166666666667
0,0,0.777777777777778
0,0,1
0,0,0.861111111111111
0,0,0.916666666666667
0,0,0.888888888888889
1,0,0.683333333333333
0,0,0.921296296296296
0,0,0.833333333333333
0,0,0.962962962962963
0,0,0.944444444444444
0,0,0.833333333333333
1,0,0.833333333333333
0,0,0.888888888888889
1,0,0.579166666666667
1,0,0.6625
0,0,0.861111111111111
0,0,0.541666666666667
0,0,0.75
1,0,0.7
0,0,1
0,0,0.888888888888889
0,0,0.925925925925926
1,0,0.7875
0,0,0.777777777777778
1,0,0.625
0,0,0.875
0,0,0.851851851851852
0,0,1
0,0,0.847222222222222
0,0,0.752525252525252
0,0,0.833333333333333
0,0,0.962962962962963
0,0,0.902777777777778
1,0,0.75
0,0,1
0,0,0.583333333333333
0,0,0.763888888888889
0,0,0.847222222222222
0,0,0.833333333333333
0,0,0.763888888888889
0,0,0.708333333333333
0,0,0.791666666666667
0,0,0.777777777777778
0,0,0.791666666666667
0,0,0.861111111111111
0,0,1
1,0,0.7375
1,0,0.65
1,0,0.8375
0,0,0.930555555555556
0,0,0.722222222222222
0,0,0.958333333333333
0,0,0.861111111111111
0,0,0.805555555555556
0,0,0.888888888888889
0,0,0.861111111111111
0,0,0.736111111111111
0,0,0.875
0,0,0.916666666666667
0,0,0.638888888888889
0,0,0.666666666666667
0,0,0.527777777777778
0,0,0.740740740740741
0,0,0.972222222222222
0,0,0.773989898989899
0,0,0.720959595959596
0,0,0.888888888888889
0,0,0.944444444444444
0,0,0.875
0,0,1
0,0,0.972222222222222
0,0,0.916666666666667
0,0,0.833333333333333
0,0,1
0,0,1
0,0,0.930555555555556
1,0,0.6875
0,0,1
0,0,0.962962962962963
1,0,0.4625
0,0,0.805555555555556
0,0,0.680555555555556
0,0,0.680555555555556
1,0,0.866666666666667
0,0,0.805555555555556
0,0,0.814814814814815
0,0,0.867424242424242
1,0,0.825
0,0,0.652777777777778
0,0,0.958333333333333
0,0,0.847222222222222
0,0,1
0,0,0.736111111111111
0,0,0.740740740740741
0,0,0.708333333333333
0,0,0.574074074074074
0,0,0.925925925925926
0,0,0.847222222222222
1,0,0.835227272727273
0,0,0.763888888888889
0,0,0.902777777777778
0,0,0.694444444444444
1,0,0.7
1,0,0.758333333333333
0,0,0.708333333333333
1,0,0.678409090909091
0,0,0.805555555555556
0,0,0.708333333333333
0,0,1
0,0,0.805555555555556
0,0,0.944444444444444
0,0,0.75
0,0,0.888888888888889
1,0,0.4875
0,0,0.736111111111111
0,0,0.916666666666667
0,0,0.694444444444444
0,0,0.887626262626263
1,0,0.7
0,0,0.857323232323232
0,0,0.851851851851852
0,0,0.888888888888889
1,0,0.75
0,0,0.736111111111111
0,0,0.819444444444444
0,0,0.430555555555556
0,0,0.763888888888889
0,0,0.972222222222222
0,0,0.888888888888889
0,0,0.909090909090909
0,0,0.902777777777778
0,0,0.944444444444444
0,0,0.833333333333333
1,0,0.725
0,0,0.791666666666667
0,0,0.625
1,0,0.625
0,0,0.861111111111111
1,0,0.6125
0,0,0.819444444444444
0,0,0.819444444444444
0,0,0.888888888888889
0,0,0.726851851851852
0,0,0.666666666666667
0,0,0.916666666666667
0,0,0.861111111111111
0,0,0.791666666666667
0,0,0.911111111111111
1,0,0.725
1,0,0.675
0,0,0.888888888888889
1,0,0.7625
0,0,0.763888888888889
0,0,0.888888888888889
0,0,0.861111111111111
0,0,0.819444444444444
0,0,0.847222222222222
0,0,0.902777777777778
0,0,0.763888888888889
0,0,0.851851851851852
0,0,0.916666666666667
0,0,0.847222222222222
0,0,0.5
0,0,0.541666666666667
0,0,0.666666666666667
0,0,0.944444444444444
0,0,0.916666666666667
0,0,0.925925925925926
0,0,0.708333333333333
0,0,0.763888888888889
1,0,0.675
1,0,0.7125
0,0,1
0,0,0.763888888888889
0,0,0.851851851851852
1,0,0.725
1,0,0.5625
1,0,0.8
0,0,0.972222222222222
0,0,0.666666666666667
0,0,1
0,0,0.97979797979798
0,0,0.944444444444444
0,0,0.916666666666667
0,0,0.861111111111111
0,0,1
0,0,0.736111111111111
1,0,0.8
1,0,0.579166666666667
1,0,0.6
0,0,0.689814814814815
0,0,0.833333333333333
0,0,0.815656565656566
0,0,0.902777777777778
0,0,0.972222222222222
0,0,0.666666666666667
0,0,0.972222222222222
0,0,0.708333333333333
0,0,0.888888888888889
1,0,0.825
0,0,0.875
1,0,0.545833333333333
0,0,0.958333333333333
0,0,0.75
0,0,0.875
1,0,0.5625
0,0,0.777777777777778
1,0,0.675
0,0,0.944444444444444
1,0,0.55
0,0,0.958333333333333
0,0,0.888888888888889
0,0,0.777777777777778
1,0,0.75
0,0,0.939393939393939
0,0,0.694444444444444
0,0,0.888888888888889
0,0,0.736111111111111
0,0,0.819444444444444
0,0,0.944444444444444
1,0,0.758333333333333
0,0,0.777777777777778
0,0,0.977777777777778
0,0,0.888888888888889
0,0,0.768518518518518
0,0,0.861111111111111
1,0,0.729166666666667
0,0,0.929292929292929
0,0,0.666666666666667
0,0,0.933333333333333
0,0,0.966666666666667
0,0,0.513888888888889
0,0,0.773148148148148
1,0,0.7
1,0,0.7875
0,0,0.819444444444444
0,0,0.888888888888889
0,0,0.722222222222222
0,0,0.875
0,0,0.666666666666667
1,0,0.7875
0,0,0.472222222222222
1,0,0.625
0,0,0.777777777777778
0,0,0.814814814814815
0,0,1
0,0,0.916666666666667
0,0,0.638888888888889
0,0,0.861111111111111
1,0,0.7375
0,0,0.541666666666667
1,0,0.4375
1,0,0.6375
1,0,0.7
0,0,0.777777777777778
1,0,0.8125
0,0,0.638888888888889
0,0,0.751262626262626
0,0,0.925925925925926
1,0,0.55
0,0,0.861111111111111
0,0,0.804292929292929
0,0,0.680555555555556
0,0,0.583333333333333
0,0,0.772727272727273
1,0,0.4625
0,0,0.641414141414141
0,0,0.888888888888889
0,0,0.742424242424242
1,0,0.758333333333333
1,0,0.7625
1,0,0.775
0,0,0.861111111111111
1,0,0.547727272727273
0,0,0.847222222222222
1,0,0.7625
0,0,0.794191919191919
0,0,0.597222222222222
0,0,0.791666666666667
0,0,0.75
0,0,0.861111111111111
0,0,0.791666666666667
1,0,0.675
1,0,0.829166666666667
0,0,0.925925925925926
0,0,0.833333333333333
0,0,0.597222222222222
0,0,0.791666666666667
0,0,0.861111111111111
1,0,0.675
0,0,0.680555555555556
0,0,0.762626262626263
0,0,0.723484848484849
0,0,0.444444444444444
0,0,0.611111111111111
0,0,0.680555555555556
0,0,0.851851851851852
0,0,0.888888888888889
1,0,0.833333333333333
0,0,0.708333333333333
0,0,0.902777777777778
0,0,0.638888888888889
0,0,0.819444444444444
0,0,0.888888888888889
0,0,0.814814814814815
0,0,0.916666666666667
0,0,0.722222222222222
0,0,0.819444444444444
1,0,0.875
0,0,0.652777777777778
0,0,0.944444444444444
0,0,0.819444444444444
1,0,0.67
0,0,0.875
0,0,0.833333333333333
0,0,0.888888888888889
0,0,0.916666666666667
0,0,0.75
0,0,0.819444444444444
0,0,0.666666666666667
0,0,0.929292929292929
0,0,0.666666666666667
0,0,0.875
0,0,0.805555555555556
0,0,0.541666666666667
0,0,0.700757575757576
0,0,0.847222222222222
1,0,0.8
1,0,0.725
0,0,0.925925925925926
0,0,0.861111111111111
0,0,0.916666666666667
0,0,0.75
0,0,0.902777777777778
1,0,0.675
0,0,0.888888888888889
0,0,0.972222222222222
0,0,0.944444444444444
1,0,0.7375
0,0,0.888888888888889
0,0,0.708333333333333
0,0,0.819444444444444
0,0,0.819444444444444
0,0,0.805555555555556
0,0,0.805555555555556
0,0,0.762626262626263
0,0,0.777777777777778
0,0,0.541666666666667
0,0,0.680555555555556
0,0,0.944444444444444
0,0,0.814814814814815
0,0,0.805555555555556
1,0,0.575
0,0,0.861111111111111
0,0,0.944444444444444
1,0,0.7
0,0,0.888888888888889
0,0,0.962962962962963
0,0,0.527777777777778
0,0,0.842592592592593
0,0,0.619949494949495
0,0,0.694444444444444
0,0,0.8
0,0,0.638888888888889
0,0,0.916666666666667
0,0,0.702777777777778
0,0,0.710858585858586
0,0,0.819444444444444
0,0,0.916666666666667
0,0,0.944444444444444
0,0,0.861111111111111
0,0,0.659090909090909
0,0,0.652777777777778
0,0,0.777777777777778
0,0,0.708333333333333
0,0,0.805555555555556
0,0,0.736111111111111
0,0,0.805555555555556
0,0,0.833333333333333
0,0,0.75
0,0,0.861111111111111
0,0,0.694444444444444
0,0,0.962962962962963
0,0,0.875
0,0,0.810185185185185
0,0,0.833333333333333
0,0,0.75
0,0,0.689814814814815
0,0,0.722222222222222
0,0,0.652777777777778
1,0,0.6125
0,0,0.819444444444444
0,0,0.763888888888889
0,0,0.694444444444444
0,0,0.708333333333333
0,0,0.835858585858586
0,0,0.9
0,0,0.722222222222222
0,0,0.777777777777778
0,0,0.805555555555556
0,0,0.683333333333333
0,0,0.763888888888889
0,0,0.75
0,0,0.791666666666667
0,0,0.944444444444444
0,0,0.75
0,0,0.925925925925926
0,0,0.361111111111111
0,0,0.805555555555556
1,0,0.65
0,0,0.925925925925926
0,0,0.763888888888889
0,0,0.726851851851852
0,0,0.611111111111111
0,0,0.847222222222222
0,0,0.722222222222222
0,0,0.638888888888889
0,0,0.819444444444444
0,0,0.680555555555556
0,0,0.939393939393939
0,0,0.795454545454545
0,0,0.732323232323232
0,0,0.638888888888889
0,0,0.652777777777778
0,0,0.583333333333333
0,0,0.569444444444444
0,0,0.944444444444444
0,0,0.944444444444444
0,0,0.902777777777778
0,0,0.833333333333333
0,0,0.652777777777778
0,0,0.763888888888889
0,0,0.625
0,0,0.916666666666667
0,0,0.785353535353535
0,0,0.763888888888889
0,0,0.791666666666667
0,0,0.944444444444444
0,0,0.694444444444444
1,0,0.475
0,0,0.888888888888889
0,0,0.763888888888889
0,0,0.805555555555556
1,0,0.8625
0,0,0.972222222222222
0,0,0.752525252525252
0,0,0.5
0,0,0.569444444444444
0,0,0.888888888888889
0,0,0.625
0,0,0.95959595959596
0,0,0.666666666666667
0,0,0.791666666666667
0,0,0.638888888888889
0,0,1
0,0,0.777777777777778
0,0,1
0,0,0.472222222222222
0,0,0.944444444444444
0,0,0.810185185185185
0,0,0.583333333333333
0,0,0.5
0,0,0.800925925925926
0,0,0.569444444444444
0,0,0.763888888888889
0,0,0.638888888888889
0,0,0.652777777777778
0,0,0.791666666666667
0,0,0.805555555555556
0,0,0.708333333333333
0,0,0.680555555555556
0,0,0.944444444444444
0,0,0.888888888888889
0,0,0.916666666666667
0,0,0.679292929292929
0,0,0.972222222222222
0,0,0.569444444444444
0,0,0.638888888888889
0,0,0.527777777777778
0,0,0.569444444444444
0,0,0.861111111111111
0,0,0.722222222222222
1,0,0.7375
0,0,0.773989898989899
0,0,0.680555555555556
0,0,0.861111111111111
0,0,0.527777777777778
0,0,0.763888888888889
0,0,0.472222222222222
0,0,0.555555555555556
0,0,0.75
0,0,0.555555555555556
0,0,0.861111111111111
0,0,0.772727272727273
0,0,0.722222222222222
0,0,0.652777777777778
0,0,0.685185185185185
0,0,0.791666666666667
0,0,0.791666666666667
0,0,0.819444444444444
0,0,0.888888888888889
0,0,0.887626262626263
0,0,0.819444444444444
0,0,0.587121212121212
0,0,0.773989898989899
0,0,0.861111111111111
0,0,0.777777777777778
0,0,0.75
0,0,0.444444444444444
0,0,0.861111111111111
0,0,0.861111111111111
0,0,0.861111111111111
0,0,0.875
0,0,0.736111111111111
0,0,0.458333333333333
0,0,0.861111111111111
0,0,0.736111111111111
0,0,0.925925925925926
0,0,0.902777777777778
0,0,0.833333333333333
0,0,0.847222222222222
0,0,0.833333333333333
0,0,0.916666666666667
0,0,0.736111111111111
0,0,0.763888888888889
0,0,0.875
0,0,1
0,0,0.888888888888889
0,0,0.833333333333333
0,0,1
0,0,1
0,0,0.916666666666667
0,0,0.805555555555556
0,0,0.835858585858586
0,0,0.625
0,0,0.583333333333333
0,0,0.494949494949495
1,0,0.5125
0,0,0.652777777777778
0,0,1
0,0,0.727777777777778
0,0,0.972222222222222
0,0,0.944444444444444
0,0,0.962962962962963
0,0,0.652777777777778
0,0,0.710858585858586
0,0,0.833333333333333
0,0,0.805555555555556
0,0,0.486111111111111
0,0,0.555555555555556
0,0,0.708333333333333
0,0,0.722222222222222
0,0,0.804292929292929
0,0,0.638888888888889
0,0,0.680555555555556
0,0,0.861111111111111
1,0,0.555681818181818
0,0,0.819444444444444
0,0,0.575757575757576
0,0,0.513888888888889
0,0,0.744444444444444
0,0,0.736111111111111
0,0,0.694444444444444
0,0,0.944444444444444
0,0,0.638888888888889
0,0,0.805555555555556
0,0,0.916666666666667
0,0,0.611111111111111
0,0,0.611111111111111
0,0,0.527777777777778
0,0,0.416666666666667
0,0,0.444444444444444
0,0,0.916666666666667
0,0,0.972222222222222
0,0,0.513888888888889
0,0,0.763888888888889
0,0,0.944444444444444
0,0,0.972222222222222
0,0,0.75
0,0,0.833333333333333
0,0,0.75
0,0,0.888888888888889
0,0,0.930555555555556
0,0,0.888888888888889
0,0,0.944444444444444
0,0,0.875
0,0,0.819444444444444
0,0,0.666666666666667
0,0,0.875
0,0,0.944444444444444
0,0,0.916666666666667
0,0,0.597222222222222
0,0,0.708333333333333
0,0,0.5
0,0,0.777777777777778
0,0,0.791666666666667
0,0,0.944444444444444
0,0,0.861111111111111
0,0,0.638888888888889
0,0,0.638888888888889
0,0,0.722222222222222
0,0,0.833333333333333
0,0,0.611111111111111
0,0,0.800925925925926
0,0,0.736111111111111
0,0,0.583333333333333
0,0,0.625
0,0,0.555555555555556
0,0,0.606060606060606
0,0,1
0,0,0.611111111111111
0,0,0.583333333333333
0,0,0.791666666666667
0,0,0.694444444444444
0,0,0.916666666666667
0,0,0.733585858585859
0,0,0.583333333333333
0,0,0.916666666666667
0,0,0.638888888888889
0,0,0.958333333333333
0,0,0.902777777777778
0,0,0.916666666666667
0,0,0.569444444444444
0,0,0.796296296296296
0,0,0.555555555555556
0,0,1
0,0,0.972222222222222
0,0,1
0,0,0.75
0,0,0.944444444444444
0,0,0.877525252525252
0,0,0.611111111111111
1,0,0.7
0,0,1
0,0,0.513888888888889
0,0,0.833333333333333
0,0,0.805555555555556
0,0,0.972222222222222
0,0,0.736111111111111
0,0,0.694444444444444
1,0,0.5625
0,0,0.987654320987654
0,0,0.972222222222222
0,0,0.675925925925926
0,0,0.722222222222222
0,0,0.555555555555556
0,0,0.791666666666667
0,0,0.742424242424242
0,0,0.875
0,0,1
0,0,0.916666666666667
0,0,0.777777777777778
0,0,0.694444444444444
0,0,0.641414141414141
0,0,0.875
0,0,0.611111111111111
0,0,0.708333333333333
0,0,0.819444444444444
1,0,0.8375
0,0,0.666666666666667
0,0,0.888888888888889
0,0,0.884259259259259
0,0,0.619444444444444
0,0,0.972222222222222
1,0,0.6
0,0,0.777777777777778
0,0,1
0,0,0.75
0,0,0.972222222222222
0,0,0.708333333333333
0,0,0.5
0,0,0.643518518518518
0,0,0.847222222222222
0,0,0.75
0,0,0.616161616161616
0,0,0.444444444444444
0,0,0.527777777777778
0,0,0.513888888888889
0,0,0.732323232323232
0,0,0.972222222222222
0,0,0.861111111111111
0,0,0.777777777777778
0,0,0.722222222222222
0,0,0.625
0,0,0.708333333333333
0,0,0.741161616161616
0,0,0.861111111111111
0,0,0.791666666666667
0,0,0.541666666666667
0,0,0.527777777777778
0,0,0.5
0,0,0.791666666666667
0,0,0.972222222222222
0,0,0.972222222222222
0,0,0.777777777777778
0,0,0.916666666666667
0,0,0.527777777777778
0,0,0.555555555555556
1,0,0.525
0,0,0.611111111111111
0,0,0.5
0,0,0.486111111111111
0,0,0.5
0,0,0.916666666666667
0,0,1
0,0,0.472222222222222
0,0,0.606481481481482
0,0,0.486111111111111
0,0,0.958333333333333
0,0,0.805555555555556
0,0,0.888888888888889
0,0,0.763888888888889
0,0,0.833333333333333
0,0,0.833333333333333
0,0,0.583333333333333
0,0,0.888888888888889
0,0,0.842592592592593
0,0,0.472222222222222
0,0,0.916666666666667
0,0,0.694444444444444
0,0,0.597222222222222
0,0,0.694444444444444
0,0,0.819444444444444
0,0,0.625
0,0,0.833333333333333
0,0,0.444444444444444
0,0,0.777777777777778
0,0,0.541666666666667
0,0,0.555555555555556
0,0,0.847222222222222
0,0,0.625
1,0,0.775
0,0,0.569444444444444
0,0,0.638888888888889
0,0,0.458333333333333
0,0,0.847222222222222
0,0,0.736111111111111
0,0,0.736111111111111
0,0,0.861111111111111
0,0,0.694444444444444
0,0,0.791666666666667
0,0,0.555555555555556
0,0,0.722222222222222
0,0,0.857323232323232
0,0,0.689393939393939
0,0,0.625
0,0,0.625
0,0,0.680555555555556
0,0,0.583333333333333
0,0,0.611111111111111
0,0,0.666666666666667
0,0,0.583333333333333
0,0,0.694444444444444
0,0,0.833333333333333
0,0,0.805555555555556
0,0,0.5
0,0,0.875
0,0,0.861111111111111
0,0,0.763888888888889
0,0,0.833333333333333
1,0,0.7875
0,0,0.577777777777778
0,0,0.555555555555556
0,0,0.555555555555556
0,0,0.666666666666667
0,0,0.763888888888889
0,0,0.527777777777778
0,0,0.972222222222222
0,0,0.569444444444444
0,0,0.763888888888889
0,0,0.847222222222222
0,0,0.625
0,0,0.611111111111111
0,0,0.944444444444444
1,0,0.5375
0,0,0.657828282828283
0,0,0.541666666666667
0,0,0.875
0,0,0.819444444444444
0,0,0.861111111111111
0,0,0.972222222222222
0,0,0.679292929292929
0,0,0.486111111111111
0,0,0.458333333333333
0,0,0.5
0,0,0.583333333333333
0,0,0.819444444444444
0,0,0.791666666666667
0,0,0.583333333333333
0,0,0.513888888888889
0,0,0.527777777777778
0,0,0.585858585858586
0,0,0.763888888888889
0,0,0.833333333333333
0,0,0.97979797979798
0,0,0.805555555555556
0,0,0.625
0,0,0.652777777777778
0,0,0.75
0,0,0.638888888888889
0,0,0.847222222222222
0,0,0.70959595959596
0,0,0.944444444444444
0,0,0.694444444444444
0,0,0.875
0,0,0.722222222222222
0,0,0.736111111111111
0,0,0.930555555555556
0,0,0.944444444444444
0,0,0.569444444444444
0,0,1
0,0,0.972222222222222
0,0,0.944444444444444
1,0,0.825
0,0,0.805555555555556
0,0,0.805555555555556
0,0,0.861111111111111
0,0,0.736111111111111
0,0,0.819444444444444
0,0,0.916666666666667
0,0,0.814814814814815
0,0,0.694444444444444
0,0,1
0,0,0.819444444444444
0,0,0.958333333333333
0,0,0.777777777777778
1,0,0.6375
0,0,0.541666666666667
0,0,0.944444444444444
0,0,0.972222222222222
0,0,0.944444444444444
0,0,0.916666666666667
0,0,0.916666666666667
0,0,0.833333333333333
0,0,0.666666666666667
0,0,0.944444444444444
0,0,0.527777777777778
0,0,0.861111111111111
0,0,0.888888888888889
0,0,0.944444444444444
0,0,0.805555555555556
0,0,0.888888888888889
0,0,0.694444444444444
0,0,0.527777777777778
0,0,0.541666666666667
0,0,0.888888888888889
0,0,0.666666666666667
0,0,0.541666666666667
0,0,1
0,0,0.541666666666667
0,0,0.652777777777778
0,0,0.916666666666667
0,0,0.847222222222222
0,0,0.791666666666667
0,0,0.680555555555556
0,0,0.585858585858586
1,0,0.527272727272727
0,0,0.791666666666667
0,0,0.648989898989899
0,0,0.944444444444444
0,0,0.722222222222222
0,0,0.888888888888889
0,0,0.962962962962963
0,0,0.930555555555556
0,0,0.763888888888889
1,0,0.608333333333333
0,0,0.972222222222222
0,0,0.694444444444444
0,0,0.833333333333333
0,0,0.722222222222222
1,0,0.8
0,0,0.430555555555556
0,0,0.615740740740741
0,0,0.763888888888889
0,0,0.638888888888889
0,0,0.800925925925926
0,0,0.569444444444444
0,0,0.638888888888889
0,0,0.769444444444444
0,0,0.962962962962963
0,0,0.611111111111111
0,0,0.652777777777778
0,0,0.944444444444444
0,0,0.814814814814815
0,0,0.763888888888889
0,0,0.916666666666667
0,0,0.819444444444444
1,0,0.675
1,0,0.466666666666667
0,0,0.518518518518518
0,0,0.800925925925926
0,0,0.583333333333333
0,0,0.486111111111111
0,0,0.666666666666667
1,0,0.5125
0,0,0.791666666666667
1,0,0.59
0,0,0.833333333333333
0,0,0.592592592592593
0,0,0.916666666666667
0,0,0.722222222222222
0,0,0.566666666666667
0,0,0.916666666666667
0,0,0.666666666666667
0,0,0.944444444444444
0,0,0.763888888888889
0,0,0.805555555555556
0,0,0.805555555555556
0,0,0.722222222222222
0,0,0.833333333333333
0,0,0.5
0,0,0.916666666666667
0,0,0.916666666666667
0,0,1
0,0,0.810185185185185
0,0,0.962962962962963
0,0,0.921296296296296
0,0,0.611111111111111
0,0,0.833333333333333
0,0,0.888888888888889
0,0,0.916666666666667
0,0,0.583333333333333
1,0,0.766666666666667
0,0,0.805555555555556
0,0,0.9375
0,0,0.763888888888889
0,0,0.847222222222222
0,0,0.916666666666667
0,0,0.861111111111111
0,0,0.597222222222222
0,0,0.777777777777778
1,0,0.75
0,0,0.805555555555556
0,0,0.712962962962963
1,0,0.6375
0,0,0.944444444444444
0,0,0.875
1,0,0.7
0,0,0.888888888888889
0,0,0.875
0,0,0.717592592592593
0,0,0.888888888888889
0,0,0.925925925925926
0,0,0.916666666666667
0,0,0.938271604938272
0,0,0.875
0,0,0.625
0,0,0.861111111111111
0,0,0.888888888888889
0,0,0.833333333333333
0,0,0.944444444444444
0,0,0.833333333333333
0,0,0.835858585858586
1,0,0.5625
0,0,0.717592592592593
0,0,0.791666666666667
0,0,0.847222222222222
0,0,0.722222222222222
0,0,0.800925925925926
1,0,0.4375
0,0,0.722222222222222
1,0,0.5375
0,0,0.777777777777778
1,0,0.425
1,0,0.65
0,0,0.722222222222222
0,0,0.814814814814815
0,0,0.791666666666667
0,0,0.763888888888889
0,0,0.888888888888889
0,0,0.944444444444444
0,0,0.763888888888889
0,0,0.888888888888889
0,0,0.75
0,0,1
0,0,0.804292929292929
1,0,0.625
0,0,0.805555555555556
0,0,0.777777777777778
0,0,0.736111111111111
0,0,0.657407407407407
0,0,0.888888888888889
0,0,0.555555555555556
0,0,0.851851851851852
0,0,0.888888888888889
0,0,0.75
0,0,0.75
1,0,0.8
0,0,0.717592592592593
0,0,0.888888888888889
0,0,0.666666666666667
0,0,0.819444444444444
1,0,0.7375
0,0,0.861111111111111
0,0,0.722222222222222
0,0,0.875
1,0,0.641666666666667
0,0,0.530555555555556
0,0,0.763888888888889
0,0,0.652777777777778
0,0,0.652777777777778
0,0,0.583333333333333
0,0,0.916666666666667
0,0,0.856060606060606
0,0,0.638888888888889
0,0,0.545454545454545
0,0,0.763888888888889
1,0,0.5
0,0,0.763888888888889
0,0,0.888888888888889
0,0,0.694444444444444
0,0,0.638888888888889
0,0,0.671296296296296
0,0,0.925925925925926
0,0,0.916666666666667
0,0,0.916666666666667
0,0,0.805555555555556
0,0,0.833333333333333
1,0,0.8
0,0,0.861111111111111
0,0,0.962962962962963
1,0,0.872727272727273
0,0,0.819444444444444
0,0,0.833333333333333
0,0,0.638888888888889
0,0,0.861111111111111
1,0,0.725
0,0,0.888888888888889
1,0,0.8125
0,0,0.777777777777778
1,0,0.508333333333333
1,0,0.404166666666667
1,0,0.7625
0,0,0.833333333333333
0,0,0.972222222222222
1,0,0.725
0,0,0.667929292929293
0,0,1
0,0,0.666666666666667
0,0,0.636363636363636
0,0,0.842592592592593
0,0,0.833333333333333
0,0,0.777777777777778
0,0,0.722222222222222
0,0,0.736111111111111
0,0,0.611111111111111
1,0,0.525
1,0,0.55
0,0,0.936111111111111
0,0,0.652777777777778
0,0,0.925925925925926
0,0,0.888888888888889
1,0,0.5375
1,0,0.6125
0,0,0.888888888888889
0,0,0.763888888888889
0,0,0.583333333333333
0,0,0.763888888888889
1,0,0.85
1,0,0.8125
1,0,0.575
1,0,0.7375
1,0,0.795833333333333
0,0,0.916666666666667
0,0,0.916666666666667
0,0,0.763888888888889
0,0,0.611111111111111
0,0,0.736111111111111
1,0,0.6125
1,0,0.5125
0,0,0.527777777777778
0,0,0.652777777777778
0,0,0.652777777777778
0,0,0.652777777777778
0,0,0.708333333333333
0,0,0.944444444444444
0,0,0.634259259259259
0,0,0.708333333333333
0,0,0.777777777777778
0,0,0.972222222222222
0,0,0.694444444444444
0,0,0.597222222222222
0,0,0.583333333333333
0,0,0.694444444444444
0,0,0.791666666666667
0,0,0.833333333333333
0,0,0.791666666666667
0,0,0.972222222222222
0,0,0.416666666666667
0,0,0.722222222222222
0,0,0.527777777777778
0,0,0.555555555555556
0,0,0.5
0,0,0.555555555555556
0,0,0.680555555555556
0,0,0.777777777777778
0,0,0.916666666666667
0,0,0.652777777777778
0,0,0.527777777777778
0,0,0.736111111111111
1,0,0.554545454545455
1,0,0.75
0,0,0.763888888888889
1,0,0.75
0,0,0.625
0,0,0.597222222222222
0,0,0.597222222222222
0,0,0.833333333333333
0,0,0.763888888888889
1,0,0.525
1,0,0.4
0,0,0.916666666666667
0,0,0.805555555555556
0,0,0.875
0,0,0.916666666666667
0,0,0.916666666666667
0,0,0.888888888888889
0,0,0.888888888888889
0,0,0.866666666666667
0,0,0.736111111111111
0,0,0.847222222222222
0,0,0.763888888888889
1,0,0.5375
0,0,0.944444444444444
1,0,0.5875
0,0,0.861111111111111
1,0,0.7375
1,0,0.6125
1,0,0.5875
0,0,0.833333333333333
0,0,0.5
0,0,0.569444444444444
0,0,0.925925925925926
0,0,0.875
1,0,0.6
0,0,0.708333333333333
0,0,0.449074074074074
0,0,0.569444444444444
0,0,0.555555555555556
0,0,0.575757575757576
0,0,0.560185185185185
0,0,0.569444444444444
0,0,0.569444444444444
0,0,0.652777777777778
0,0,0.944444444444444
0,0,0.888888888888889
0,0,0.919191919191919
0,0,0.944444444444444
0,0,0.583333333333333
1,0,0.325
0,0,0.837962962962963
1,0,0.466666666666667
0,0,0.597222222222222
0,0,0.847222222222222
0,0,0.861111111111111
0,0,0.515151515151515
0,0,0.944444444444444
0,0,0.388888888888889
1,0,0.735227272727273
1,0,0.55
1,0,0.75
0,0,0.708333333333333
1,0,0.775
0,0,0.597222222222222
1,0,0.75
0,0,0.652777777777778
0,0,0.675925925925926
0,0,0.583333333333333
0,0,0.791666666666667
0,0,1
0,0,0.652777777777778
0,0,0.740740740740741
0,0,0.847222222222222
0,0,0.722222222222222
0,0,0.518518518518518
0,0,0.902777777777778
0,0,0.805555555555556
0,0,0.888888888888889
1,0,0.725
0,0,0.944444444444444
0,0,0.833333333333333
0,0,0.833333333333333
1,0,0.775
1,0,0.775
1,0,0.75
0,0,0.861111111111111
1,0,0.75
0,0,0.833333333333333
0,0,0.75
0,0,0.94949494949495
0,0,0.888888888888889
0,0,0.685185185185185
0,0,0.611111111111111
0,0,0.962962962962963
0,0,0.666666666666667
0,0,0.666666666666667
0,0,0.916666666666667
0,0,0.592592592592593
0,0,0.472222222222222
0,0,0.888888888888889
0,0,0.944444444444444
0,0,0.555555555555556
0,0,0.888888888888889
0,0,0.625
0,0,0.583333333333333
0,0,0.555555555555556
0,0,0.916666666666667
0,0,0.916666666666667
0,0,0.916666666666667
0,0,0.875
0,0,0.925925925925926
0,0,0.518518518518518
0,0,0.842592592592593
0,0,0.694444444444444
0,0,0.791666666666667
0,0,0.625
0,0,0.583333333333333
1,0,0.5
0,0,0.888888888888889
0,0,0.888888888888889
0,0,0.888888888888889
0,0,1
1,0,0.7
0,0,0.861111111111111
0,0,0.75
1,0,0.525
1,0,0.579166666666667
0,0,0.652777777777778
0,0,0.902777777777778
0,0,0.805555555555556
0,0,0.819444444444444
0,0,0.833333333333333
0,0,0.888888888888889
0,0,0.694444444444444
0,0,0.888888888888889
0,0,0.722222222222222
0,0,0.680555555555556
0,0,0.416666666666667
0,0,0.944444444444444
0,0,0.805555555555556
1,0,0.75
0,0,0.861111111111111
0,0,0.833333333333333
0,0,0.833333333333333
0,0,0.833333333333333
1,0,0.75
0,0,0.652777777777778
0,0,0.916666666666667
0,0,0.82449494949495
0,0,0.694444444444444
0,0,0.916666666666667
0,0,0.791666666666667
0,0,0.916666666666667
1,0,0.570833333333333
0,0,0.486111111111111
0,0,0.842592592592593
0,0,0.768518518518518
0,0,0.805555555555556
1,0,0.5625
0,0,0.71969696969697
0,0,0.888888888888889
0,0,0.888888888888889
0,0,0.888888888888889
0,0,0.833333333333333
0,0,0.555555555555556
0,0,0.611111111111111
0,0,0.652777777777778
0,0,0.877525252525252
1,0,0.65
0,0,0.888888888888889
0,0,0.875
0,0,0.597222222222222
0,0,0.888888888888889
0,0,0.75
0,0,0.833333333333333
0,0,0.94949494949495
0,0,0.680555555555556
0,0,0.569444444444444
1,0,0.8
1,0,0.5875
0,0,0.925925925925926
0,0,0.925925925925926
0,0,0.736111111111111
0,0,0.634259259259259
0,0,0.944444444444444
0,0,0.875
0,0,0.972222222222222
0,0,0.972222222222222
0,0,0.944444444444444
0,0,0.972222222222222
0,0,0.819444444444444
0,0,0.777777777777778
0,0,0.916666666666667
0,0,0.861111111111111
0,0,0.708333333333333
0,0,0.708333333333333
0,0,0.708333333333333
0,0,0.777777777777778
1,0,0.5625
0,0,0.652777777777778
0,0,0.833333333333333
0,0,0.925925925925926
1,0,0.8
1,0,0.85
0,0,0.672222222222222
0,0,0.972222222222222
1,0,0.5625
1,0,0.775
1,0,0.4875
0,0,0.541666666666667
1,0,0.7625
0,0,0.705555555555556
0,0,0.805555555555556
1,0,0.564772727272727
1,0,0.8
1,0,0.7
1,0,0.7625
0,0,0.680555555555556
0,0,0.652777777777778
0,0,0.847222222222222
1,0,0.6875
0,0,0.75
0,0,1
0,0,0.722222222222222
0,0,0.722222222222222
0,0,0.666666666666667
1,0,0.5125
1,0,0.754166666666667
0,0,1
0,0,0.847222222222222
0,0,0.736111111111111
0,0,0.652777777777778
0,0,0.569444444444444
0,0,0.638888888888889
1,0,0.6375
0,0,0.888888888888889
0,0,0.555555555555556
0,0,0.805555555555556
1,0,0.8
0,0,0.805555555555556
0,0,0.902777777777778
0,0,0.861111111111111
0,0,0.575757575757576
0,0,0.861111111111111
0,0,0.597222222222222
1,0,0.8
1,0,0.5625
0,0,0.583333333333333
0,0,0.694444444444444
0,0,0.925925925925926
0,0,0.888888888888889
0,0,0.902777777777778
0,0,0.925925925925926
0,0,0.625
1,0,0.8
0,0,0.777777777777778
0,0,0.833333333333333
0,0,0.736111111111111
1,0,0.7375
0,0,0.791666666666667
1,0,0.8
0,0,0.944444444444444
0,0,0.861111111111111
0,0,0.944444444444444
0,0,0.851851851851852
0,0,0.875
0,0,0.833333333333333
0,0,0.96969696969697
0,0,0.805555555555556
1,0,0.825
0,0,0.722222222222222
0,0,0.861111111111111
0,0,0.861111111111111
1,0,0.75
1,0,0.75
0,0,0.597222222222222
1,0,0.725
1,0,0.7625
0,0,0.861111111111111
0,0,0.675925925925926
0,0,0.875
1,0,0.725
0,0,0.800925925925926
0,0,0.962962962962963
0,0,0.972222222222222
0,0,0.922222222222222
1,0,0.872727272727273
1,0,0.8
1,0,0.8
1,0,0.625
0,0,0.569444444444444
0,0,0.527777777777778
0,0,0.555555555555556
1,0,0.475
0,0,0.736111111111111
0,0,0.555555555555556
1,0,0.6125
0,0,0.555555555555556
0,0,0.805555555555556
1,0,0.5875
0,0,0.888888888888889
0,0,0.944444444444444
0,0,0.888888888888889
0,0,0.888888888888889
1,0,0.7125
1,0,0.829166666666667
0,0,0.606481481481482
0,0,0.888888888888889
0,0,0.833333333333333
1,0,0.7875
0,0,0.680555555555556
0,0,0.611111111111111
1,0,0.6875
0,0,0.925925925925926
0,0,0.888888888888889
0,0,0.805555555555556
1,0,0.55
0,0,0.763888888888889
0,0,0.638888888888889
0,0,0.916666666666667
0,0,0.861111111111111
0,0,0.671296296296296
0,0,0.625
0,0,0.597222222222222
1,0,0.620833333333333
1,0,0.725
0,0,0.805555555555556
0,0,0.560185185185185
1,0,0.775
1,0,0.75
1,0,0.6
0,0,0.962962962962963
0,0,0.680555555555556
0,0,0.75
0,0,0.861111111111111
0,0,0.638888888888889
0,0,0.888888888888889
0,0,0.916666666666667
0,0,0.743686868686869
1,0,0.825
0,0,0.722222222222222
0,0,0.666666666666667
0,0,0.722222222222222
0,0,0.833333333333333
0,0,0.680555555555556
0,0,0.819444444444444
0,0,0.555555555555556
1,0,0.625
0,0,0.694444444444444
1,0,0.6375
0,0,0.861111111111111
0,0,0.875
0,0,0.861111111111111
0,0,0.638888888888889
0,0,0.851851851851852
1,0,0.789772727272727
1,0,0.725
1,0,0.579166666666667
1,0,0.5875
0,0,0.708333333333333
0,0,0.902777777777778
0,0,0.625
0,0,0.5
1,0,0.7375
0,0,0.777777777777778
1,0,0.8
0,0,0.805555555555556
0,0,0.861111111111111
0,0,0.763888888888889
1,0,0.475
0,0,0.861111111111111
0,0,0.652777777777778
1,0,0.5
0,0,0.861111111111111
0,1,0.402777777777778
1,1,0.575
0,1,0.652777777777778
0,1,0.722222222222222
0,1,0.694444444444445
0,1,0.694444444444445
0,1,0.472222222222222
1,1,0.4625
0,1,0.666666666666667
0,1,0.472222222222222
0,1,0.75
1,1,0.475
0,1,0.722222222222222
0,1,0.416666666666667
0,1,0.694444444444445
0,1,0.625
0,1,0.666666666666667
0,1,0.722222222222222
0,1,0.652777777777778
0,1,0.347222222222222
0,1,0.430555555555556
0,1,0.597222222222222
1,1,0.475
1,1,0.5125
0,1,0.569444444444445
0,1,0.430555555555556
0,1,0.527777777777778
1,1,0.7
0,1,0.736111111111111
0,1,0.666666666666667
1,1,0.635227272727273
1,1,0.6875
0,1,0.75
0,1,0.708333333333333
1,1,0.554166666666667
0,1,0.731481481481482
0,1,0.583333333333333
1,1,0.75
0,1,0.641414141414141
1,1,0.675
0,1,0.726851851851852
0,1,0.833333333333333
1,1,0.6
0,1,0.541666666666667
0,1,0.75
0,1,0.680555555555556
1,1,0.551136363636364
0,1,0.833333333333333
1,1,0.65
0,1,0.814814814814815
0,1,0.666666666666667
0,1,0.694444444444445
1,1,0.725
0,1,0.722222222222222
0,1,0.819444444444444
0,1,0.5
1,1,0.625
1,1,0.6125
0,1,0.805555555555556
1,1,0.633333333333333
1,1,0.6375
0,1,0.680555555555556
0,1,0.851851851851852
0,1,0.689814814814815
0,1,0.777777777777778
1,1,0.652272727272727
0,1,0.472222222222222
1,1,0.6375
0,1,0.680555555555556
0,1,0.638888888888889
1,1,0.575
0,1,0.680555555555556
0,1,0.763888888888889
1,1,0.55
0,1,0.713888888888889
0,1,0.666666666666667
1,1,0.5625
0,1,0.694444444444445
1,1,0.725
1,1,0.8
1,1,0.6125
0,1,0.592171717171717
0,1,0.738888888888889
0,1,0.851851851851852
0,1,0.763888888888889
0,1,0.787878787878788
0,1,0.574074074074074
0,1,0.888888888888889
1,1,0.7
0,1,0.625
1,1,0.525
0,1,0.662878787878788
0,1,0.666666666666667
0,1,0.703703703703704
0,1,0.583333333333333
0,1,0.825
0,1,0.477777777777778
0,1,0.708333333333333
0,1,0.666666666666667
0,1,0.527777777777778
0,1,0.662878787878788
0,1,0.430555555555556
0,1,0.564814814814815
0,1,0.694444444444445
0,1,0.454545454545455
0,1,0.513888888888889
0,1,0.608585858585859
0,1,0.641414141414141
0,1,0.444444444444444
0,1,0.805555555555556
0,1,0.777777777777778
0,1,0.388888888888889
0,1,0.513888888888889
0,1,0.625
0,1,0.384259259259259
0,1,0.568181818181818
0,1,0.805555555555556
1,1,0.275
0,1,0.703703703703704
0,1,0.541666666666667
0,1,0.555555555555556
0,1,0.694444444444445
0,1,0.833333333333333
0,1,0.861111111111111
0,1,0.402777777777778
0,1,0.569444444444445
0,1,0.541666666666667
1,1,0.5125
0,1,0.444444444444444
0,1,0.861111111111111
0,1,0.75
0,1,0.777777777777778
0,1,0.680555555555556
0,1,0.833333333333333
0,1,0.722222222222222
0,1,0.703703703703704
0,1,0.580808080808081
0,1,0.444444444444444
0,1,0.569444444444445
0,1,0.569444444444445
0,1,0.458333333333333
0,1,0.708333333333333
0,1,0.541666666666667
0,1,0.763888888888889
0,1,0.652777777777778
0,1,0.694444444444445
0,1,0.726010101010101
0,1,0.652777777777778
1,1,0.675
0,1,0.680555555555556
0,1,0.888888888888889
0,1,0.632575757575758
0,1,0.625
0,1,0.527777777777778
0,1,0.75
0,1,0.611111111111111
1,1,0.6125
0,1,0.694444444444445
1,1,0.7
0,1,0.765151515151515
0,1,0.736111111111111
0,1,0.611111111111111
0,1,0.75
0,1,0.777777777777778
0,1,0.611111111111111
0,1,0.541666666666667
1,1,0.5375
1,1,0.615909090909091
0,1,0.722222222222222
0,1,0.833333333333333
1,1,0.5875
0,1,0.847222222222222
0,1,0.814814814814815
0,1,0.625
0,1,0.583333333333333
0,1,0.75
1,1,0.55
0,1,0.694444444444445
1,1,0.629166666666667
1,1,0.7
0,1,0.611111111111111
0,1,0.703703703703704
0,1,0.625
1,1,0.45
0,1,0.777777777777778
1,1,0.675
0,1,0.791666666666667
0,1,0.625
0,1,0.611111111111111
1,1,0.733333333333333
0,1,0.569444444444445
0,1,0.680555555555556
0,1,0.694444444444445
0,1,0.703703703703704
0,1,0.513888888888889
1,1,0.775
0,1,0.527777777777778
1,1,0.623863636363636
1,1,0.4625
0,1,0.722222222222222
0,1,0.736111111111111
0,1,0.694444444444445
0,1,0.541666666666667
1,1,0.49
0,1,0.569444444444445
1,1,0.729166666666667
1,1,0.561363636363636
0,1,0.766666666666667
0,1,0.773148148148148
1,1,0.75
0,1,0.666666666666667
0,1,0.736111111111111
1,1,0.666666666666667
0,1,0.75
1,1,0.4075
0,1,0.777777777777778
0,1,0.888888888888889
0,1,0.570707070707071
0,1,0.708333333333333
0,1,0.814814814814815
0,1,0.722222222222222
0,1,0.722222222222222
0,1,0.722222222222222
0,1,0.791666666666667
0,1,0.569444444444445
0,1,0.666666666666667
1,1,0.775
0,1,0.416666666666667
0,1,0.75
0,1,0.652777777777778
0,1,0.736111111111111
0,1,0.847222222222222
0,1,0.722222222222222
0,1,0.638888888888889
1,1,0.6
0,1,0.416666666666667
0,1,0.694444444444445
0,1,0.777777777777778
0,1,0.694444444444445
1,1,0.8
0,1,0.680555555555556
0,1,0.763888888888889
0,1,0.861111111111111
0,1,0.611111111111111
0,1,0.736111111111111
0,1,0.583333333333333
0,1,0.666666666666667
0,1,0.787878787878788
1,1,0.506818181818182
0,1,0.708333333333333
0,1,0.888888888888889
0,1,0.666666666666667
0,1,0.583333333333333
0,1,0.75
0,1,0.569444444444445
1,1,0.658333333333333
0,1,0.75
0,1,0.888888888888889
0,1,0.680555555555556
0,1,0.777777777777778
0,1,0.777777777777778
0,1,0.694444444444445
1,1,0.6625
0,1,0.777777777777778
1,1,0.625
1,1,0.625
1,1,0.625
0,1,0.777777777777778
0,1,0.694444444444445
1,1,0.7
0,1,0.777777777777778
0,1,0.694444444444445
0,1,0.694444444444445
0,1,0.694444444444445
0,1,0.638888888888889
1,1,0.6
0,1,0.75
1,1,0.575
1,1,0.6
0,1,0.75
0,1,0.722222222222222
0,1,0.75
0,1,0.75
0,1,0.680555555555556
1,1,0.575
0,1,0.755050505050505
0,1,0.680555555555556
0,1,0.666666666666667
1,1,0.675
0,1,0.643939393939394
0,1,0.638888888888889
0,1,0.513888888888889
0,1,0.75
0,1,0.694444444444445
0,1,0.638888888888889
0,1,0.666666666666667
0,1,0.75
0,1,0.722222222222222
0,1,0.638888888888889
0,1,0.638888888888889
0,1,0.638888888888889
0,1,0.724747474747475
0,1,0.666666666666667
0,1,0.648148148148148
0,1,0.814814814814815
0,1,0.651515151515151
0,1,0.680555555555556
0,1,0.714646464646465
0,1,0.744949494949495
0,1,0.75
0,1,0.75
0,1,0.722222222222222
1,1,0.606818181818182
0,1,0.75
0,1,0.714646464646465
0,1,0.828282828282828
0,1,0.638888888888889
0,1,0.638888888888889
0,1,0.680555555555556
0,1,0.828282828282828
0,1,0.680555555555556
1,1,0.6625
0,1,0.736111111111111
0,1,0.680555555555556
1,1,0.6
0,1,0.652777777777778
0,1,0.583333333333333
1,1,0.675
0,1,0.680555555555556
1,1,0.6125
1,1,0.575
1,1,0.575
0,1,0.638888888888889
0,1,0.638888888888889
0,1,0.638888888888889
1,1,0.575
1,1,0.652272727272727
0,1,0.638888888888889
1,1,0.575
0,1,0.638888888888889
0,1,0.638888888888889
0,1,0.638888888888889
1,1,0.575
0,1,0.756313131313131
0,1,0.638888888888889
0,1,0.638888888888889
0,1,0.638888888888889
0,1,0.638888888888889
0,1,0.638888888888889
0,1,0.638888888888889
1,1,0.575
0,1,0.638888888888889
0,1,0.638888888888889
0,1,0.638888888888889
0,1,0.703703703703704
0,1,0.638888888888889
0,1,0.638888888888889
0,1,0.722222222222222
0,1,0.638888888888889
1,1,0.575
0,1,0.888888888888889
0,1,0.638888888888889
1,1,0.3625
0,1,0.638888888888889
0,1,0.638888888888889
1,1,0.575
1,1,0.575
0,1,0.638888888888889
0,1,0.638888888888889
0,1,0.638888888888889
0,1,0.638888888888889
0,1,0.638888888888889
0,1,0.638888888888889
0,1,0.638888888888889
1,1,0.6125
1,1,0.6125
0,1,0.638888888888889
0,1,0.680555555555556
1,1,0.6125
0,1,0.638888888888889
0,1,0.680555555555556
0,1,0.680555555555556
0,1,0.638888888888889
0,1,0.638888888888889
1,1,0.6125
1,1,0.6125
1,1,0.6125
1,1,0.6125
1,1,0.575
1,1,0.561363636363636
1,1,0.575
1,1,0.575
0,1,0.638888888888889
0,1,0.714646464646465
0,1,0.638888888888889
0,1,0.638888888888889
0,1,0.638888888888889
1,1,0.575
1,1,0.643181818181818
1,1,0.575
1,1,0.575
1,1,0.575
0,1,0.763888888888889
0,1,0.638888888888889
0,1,0.638888888888889
1,1,0.625
0,1,0.638888888888889
1,1,0.575
1,1,0.575
1,1,0.575
1,1,0.575
0,1,0.638888888888889
0,1,0.638888888888889
0,1,0.638888888888889
1,1,0.575
0,1,0.638888888888889
1,1,0.6125
0,1,0.638888888888889
1,1,0.575
1,1,0.575
0,1,0.638888888888889
1,1,0.575
1,1,0.575
1,1,0.575
1,1,0.575
0,1,0.638888888888889
1,1,0.575
1,1,0.625
1,1,0.65
1,1,0.65
1,1,0.6125
0,1,0.680555555555556
0,1,0.680555555555556
0,1,0.680555555555556
1,1,0.438636363636364
1,1,0.6625
1,1,0.6125
0,1,0.680555555555556
1,1,0.6125
0,1,0.680555555555556
0,1,0.736111111111111
1,1,0.6125
0,1,0.680555555555556
0,1,0.680555555555556
0,1,0.888888888888889
0,1,0.763888888888889
1,1,0.6875
1,1,0.6625
1,1,0.6625
1,1,0.6125
0,1,0.708333333333333
0,1,0.694444444444445
1,1,0.6125
0,1,0.680555555555556
1,1,0.6125
0,1,0.680555555555556
1,1,0.6125
1,1,0.65
0,1,0.722222222222222
0,1,0.375
0,1,0.638888888888889
0,1,0.625
1,1,0.35
0,1,0.708333333333333
1,1,0.345454545454546
0,1,0.833333333333333
0,1,0.472222222222222
1,1,0.464772727272727
0,1,0.541666666666667
0,1,0.541666666666667
0,1,0.513888888888889
0,1,0.527777777777778
0,1,0.375
0,1,0.527777777777778
0,1,0.736111111111111
0,1,0.694444444444445
0,1,0.486111111111111
0,1,0.75
0,1,0.861111111111111
0,1,0.513888888888889
0,1,0.527777777777778
0,1,0.833333333333333
0,1,0.666666666666667
0,1,0.638888888888889
0,1,0.688888888888889
1,1,0.375
0,1,0.708333333333333
0,1,0.672979797979798
0,1,0.652777777777778
0,1,0.714646464646465
0,1,0.569444444444444
1,1,0.475
1,1,0.35
0,1,0.597222222222222
0,1,0.75
0,1,0.402777777777778
0,1,0.416666666666667
1,1,0.45
0,1,0.666666666666667
0,1,0.641666666666667
0,1,0.680555555555556
0,1,0.513888888888889
0,1,0.486111111111111
0,1,0.513888888888889
0,1,0.805555555555556
0,1,0.666666666666667
1,1,0.7
1,1,0.5
0,1,0.805555555555556
0,1,0.740740740740741
0,1,0.513888888888889
0,1,0.805555555555556
1,1,0.520833333333333
0,1,0.638888888888889
0,1,0.449074074074074
0,1,0.777777777777778
0,1,0.694444444444445
0,1,0.277777777777778
0,1,0.847222222222222
0,1,0.529040404040404
0,1,0.606481481481482
1,1,0.5875
1,1,0.65
0,1,0.541666666666667
1,1,0.666666666666667
0,1,0.694444444444445
0,1,0.708333333333333
1,1,0.4625
0,1,0.597222222222222
0,1,0.527777777777778
1,1,0.725
0,1,0.347222222222222
0,1,0.787878787878788
0,1,0.740740740740741
0,1,0.888888888888889
0,1,0.666666666666667
1,1,0.597727272727273
0,1,0.694444444444445
0,1,0.458333333333333
0,1,0.805555555555556
0,1,0.814814814814815
0,1,0.541666666666667
0,1,0.583333333333333
0,1,0.833333333333333
1,1,0.725
0,1,0.527777777777778
0,1,0.555555555555556
0,1,0.486111111111111
1,1,0.725
0,1,0.579545454545455
0,1,0.838383838383838
1,1,0.579166666666667
0,1,0.708333333333333
0,1,0.719135802469136
0,1,0.527777777777778
0,1,0.722222222222222
0,1,0.705555555555556
0,1,0.777777777777778
0,1,0.680555555555556
0,1,0.75
0,1,0.625
0,1,0.611111111111111
0,1,0.777777777777778
0,1,0.263888888888889
0,1,0.805555555555556
0,1,0.833333333333333
0,1,0.497474747474747
0,1,0.597222222222222
0,1,0.583333333333333
0,1,0.888888888888889
0,1,0.569444444444445
0,1,0.305555555555556
1,1,0.6375
0,1,0.611111111111111
1,1,0.540909090909091
0,1,0.652777777777778
0,1,0.652777777777778
1,1,0.525
0,1,0.777777777777778
0,1,0.736111111111111
1,1,0.6375
0,1,0.707070707070707
0,1,0.805555555555556
0,1,0.683080808080808
0,1,0.797979797979798
0,1,0.861111111111111
1,1,0.4
0,1,0.666666666666667
0,1,0.805555555555556
1,1,0.5375
0,1,0.680555555555556
0,1,0.777777777777778
0,1,0.75
0,1,0.527777777777778
0,1,0.861111111111111
0,1,0.597222222222222
1,1,0.65
0,1,0.736111111111111
0,1,0.666666666666667
0,1,0.689814814814815
0,1,0.513888888888889
0,1,0.625
0,1,0.611111111111111
0,1,0.555555555555556
0,1,0.625
0,1,0.609848484848485
0,1,0.666666666666667
0,1,0.513888888888889
1,1,0.4625
0,1,0.777777777777778
0,1,0.777777777777778
1,1,0.3875
0,1,0.601010101010101
0,1,0.722222222222222
0,1,0.819444444444444
0,1,0.592592592592593
0,1,0.666666666666667
1,1,0.4875
0,1,0.666666666666667
0,1,0.652777777777778
0,1,0.583333333333333
0,1,0.708333333333333
0,1,0.694444444444445
0,1,0.305555555555556
0,1,0.833333333333333
0,1,0.805555555555556
0,1,0.736111111111111
1,1,0.4875
0,1,0.652777777777778
0,1,0.805555555555556
0,1,0.625
1,1,0.620833333333333
0,1,0.625
0,1,0.833333333333333
0,1,0.588383838383838
0,1,0.833333333333333
0,1,0.652777777777778
0,1,0.569444444444445
0,1,0.8
1,1,0.5125
0,1,0.740740740740741
1,1,0.725
1,1,0.45
0,1,0.805555555555556
0,1,0.722222222222222
0,1,0.722222222222222
1,1,0.7
0,1,0.611111111111111
0,1,0.652777777777778
0,1,0.388888888888889
0,1,0.555555555555556
0,1,0.75
0,1,0.541666666666667
1,1,0.6125
0,1,0.776515151515151
0,1,0.756313131313131
0,1,0.569444444444445
0,1,0.652777777777778
0,1,0.766666666666667
0,1,0.517676767676768
0,1,0.486111111111111
0,1,0.722222222222222
0,1,0.559343434343434
0,1,0.541666666666667
0,1,0.625
0,1,0.625
0,1,0.694444444444445
0,1,0.736111111111111
0,1,0.569444444444445
0,1,0.513888888888889
0,1,0.611111111111111
1,1,0.492045454545455
0,1,0.513888888888889
0,1,0.532407407407407
0,1,0.527777777777778
0,1,0.861111111111111
1,1,0.5375
0,1,0.630050505050505
0,1,0.722222222222222
0,1,0.680555555555556
0,1,0.694444444444445
0,1,0.722222222222222
0,1,0.529040404040404
0,1,0.694444444444444
0,1,0.564814814814815
0,1,0.833333333333333
0,1,0.777777777777778
0,1,0.805555555555556
0,1,0.805555555555556
0,1,0.814814814814815
0,1,0.851851851851852
0,1,0.694444444444445
1,1,0.275
0,1,0.666666666666667
0,1,0.555555555555556
0,1,0.833333333333333
0,1,0.722222222222222
0,1,0.546717171717172
1,1,0.454545454545455
0,1,0.722222222222222
0,1,0.652777777777778
0,1,0.5
1,1,0.75
0,1,0.819444444444444
0,1,0.412037037037037
0,1,0.868686868686869
0,1,0.888888888888889
0,1,0.536616161616162
0,1,0.777777777777778
1,1,0.729166666666667
1,1,0.75
0,1,0.694444444444444
1,1,0.625
0,1,0.75
0,1,0.833333333333333
0,1,0.773148148148148
1,1,0.766666666666667
1,1,0.5875
1,1,0.763636363636364
0,1,0.777777777777778
0,1,0.736111111111111
1,1,0.5325
0,1,0.388888888888889
0,1,0.527777777777778
0,1,0.486111111111111
0,1,0.444444444444444
1,1,0.35
0,1,0.666666666666667
0,1,0.472222222222222
1,1,0.629166666666667
0,1,0.527777777777778
0,1,0.805555555555556
1,1,0.316666666666667
0,1,0.458333333333333
1,1,0.625
0,1,0.611111111111111
0,1,0.541666666666667
0,1,0.497222222222222
0,1,0.555555555555556
0,1,0.541666666666667
0,1,0.708333333333333
0,1,0.722222222222222
0,1,0.805555555555556
0,1,0.810185185185185
0,1,0.75
1,1,0.75
0,1,0.805555555555556
0,1,0.805555555555556
0,1,0.763888888888889
0,1,0.694444444444445
0,1,0.6
0,1,0.722222222222222
0,1,0.777777777777778
0,1,0.627777777777778
0,1,0.486111111111111
0,1,0.481481481481481
0,1,0.652777777777778
0,1,0.722222222222222
0,1,0.569444444444444
0,1,0.381313131313131
0,1,0.472222222222222
0,1,0.402777777777778
0,1,0.55
0,1,0.291666666666667
0,1,0.638888888888889
0,1,0.722222222222222
0,1,0.569444444444444
0,1,0.569444444444444
0,1,0.541666666666667
0,1,0.597222222222222
1,1,0.65
0,1,0.458333333333333
0,1,0.833333333333333
0,1,0.375
0,1,0.736111111111111
0,1,0.777777777777778
1,1,0.675
1,1,0.4625
1,1,0.65
1,1,0.7375
0,1,0.722222222222222
1,1,0.775
0,1,0.486111111111111
0,1,0.651515151515151
0,1,0.611111111111111
0,1,0.599747474747475
0,1,0.630050505050505
0,1,0.402777777777778
0,1,0.625
0,1,0.708333333333333
0,1,0.777777777777778
0,1,0.694444444444444
0,1,0.671717171717172
0,1,0.681818181818182
0,1,0.888888888888889
0,1,0.583333333333333
0,1,0.611111111111111
0,1,0.5
0,1,0.527777777777778
0,1,0.430555555555556
1,1,0.4875
0,1,0.569444444444445
0,1,0.638888888888889
1,1,0.5375
0,1,0.694444444444444
0,1,0.597222222222222
0,1,0.583333333333333
0,1,0.722222222222222
0,1,0.833333333333333
0,1,0.638888888888889
0,1,0.472222222222222
0,1,0.694444444444445
1,1,0.525
1,1,0.557954545454545
0,1,0.5
0,1,0.625
0,1,0.75
0,1,0.597222222222222
0,1,0.513888888888889
0,1,0.516414141414141
0,1,0.472222222222222
0,1,0.689814814814815
0,1,0.609848484848485
0,1,0.666666666666667
1,1,0.5875
0,1,0.666666666666667
0,1,0.375
0,1,0.666666666666667
0,1,0.472222222222222
0,1,0.582070707070707
0,1,0.666666666666667
0,1,0.597222222222222
1,1,0.4
0,1,0.472222222222222
0,1,0.529040404040404
0,1,0.594444444444444
0,1,0.564814814814815
0,1,0.476010101010101
1,1,0.5875
0,1,0.523148148148148
0,1,0.527777777777778
1,1,0.65
0,1,0.680555555555556
0,1,0.708333333333333
0,1,0.444444444444444
1,1,0.525
0,1,0.597222222222222
0,1,0.597222222222222
1,1,0.4625
0,1,0.638888888888889
0,1,0.625
0,1,0.822222222222222
0,1,0.694444444444445
0,1,0.583333333333333
1,1,0.4375
1,1,0.540909090909091
0,1,0.402777777777778
0,1,0.708333333333333
1,1,0.576136363636364
0,1,0.736111111111111
1,1,0.475
1,1,0.625
0,1,0.819444444444444
0,1,0.572222222222222
0,1,0.708333333333333
0,1,0.404040404040404
1,1,0.725
0,1,0.638888888888889
0,1,0.777777777777778
0,1,0.589646464646465
1,1,0.666666666666667
1,1,0.625
0,1,0.541666666666667
0,1,0.805555555555556
0,1,0.666666666666667
0,1,0.722222222222222
0,1,0.777777777777778
0,1,0.472222222222222
0,1,0.694444444444445
0,1,0.684343434343434
0,1,0.611111111111111
0,1,0.791666666666667
0,1,0.458333333333333
0,1,0.611111111111111
0,1,0.611111111111111
0,1,0.680555555555556
0,1,0.888888888888889
0,1,0.611111111111111
1,1,0.5
0,1,0.513888888888889
0,1,0.541666666666667
0,1,0.545454545454546
0,1,0.722222222222222
0,1,0.513888888888889
0,1,0.569444444444445
0,1,0.486111111111111
0,1,0.333333333333333
0,1,0.680555555555556
1,1,0.4775
0,1,0.625
0,1,0.680555555555556
0,1,0.662037037037037
0,1,0.625
0,1,0.625
0,1,0.805555555555556
0,1,0.388888888888889
1,1,0.508333333333333
1,1,0.425
0,1,0.808080808080808
1,1,0.6875
1,1,0.545833333333333
0,1,0.430555555555556
0,1,0.555555555555556
0,1,0.650252525252525
0,1,0.736111111111111
0,1,0.652777777777778
0,1,0.578282828282828
0,1,0.5
0,1,0.708333333333333
1,1,0.5
0,1,0.638888888888889
1,1,0.4125
0,1,0.666666666666667
0,1,0.777777777777778
0,1,0.722222222222222
0,1,0.814814814814815
0,1,0.472222222222222
0,1,0.763888888888889
1,1,0.4375
0,1,0.583333333333333
0,1,0.666666666666667
0,1,0.666666666666667
0,1,0.444444444444444
0,1,0.583333333333333
0,1,0.861111111111111
0,1,0.694444444444444
0,1,0.652777777777778
0,1,0.527777777777778
0,1,0.582070707070707
1,1,0.475
0,1,0.555555555555556
0,1,0.638888888888889
1,1,0.526388888888889
1,1,0.4575
0,1,0.402777777777778
0,1,0.527777777777778
0,1,0.569444444444445
1,1,0.6875
1,1,0.318181818181818
0,1,0.648148148148148
0,1,0.388888888888889
0,1,0.611111111111111
0,1,0.680555555555556
0,1,0.513888888888889
0,1,0.569444444444445
0,1,0.75
0,1,0.347222222222222
0,1,0.638888888888889
0,1,0.569444444444445
0,1,0.740740740740741
0,1,0.666666666666667
0,1,0.5
0,1,0.416666666666667
0,1,0.513888888888889
0,1,0.583333333333333
0,1,0.527777777777778
0,1,0.444444444444444
0,1,0.444444444444444
0,1,0.671717171717172
0,1,0.541666666666667
0,1,0.583333333333333
0,1,0.523148148148148
0,1,0.699074074074074
0,1,0.513888888888889
1,1,0.4875
0,1,0.486111111111111
0,1,0.444444444444444
0,1,0.638888888888889
0,1,0.337962962962963
0,1,0.833333333333333
1,1,0.57
0,1,0.666666666666667
0,1,0.472222222222222
0,1,0.638888888888889
0,1,0.621212121212121
0,1,0.625
1,1,0.547727272727273
0,1,0.833333333333333
0,1,0.597222222222222
1,1,0.525
0,1,0.590909090909091
1,1,0.45
0,1,0.833333333333333
0,1,0.777777777777778
0,1,0.708333333333333
0,1,0.777777777777778
0,1,0.777777777777778
0,1,0.819444444444444
0,1,0.791666666666667
0,1,0.597222222222222
1,1,0.525
0,1,0.537878787878788
1,1,0.5375
0,1,0.662037037037037
0,1,0.736111111111111
1,1,0.55
0,1,0.638888888888889
1,1,0.6625
0,1,0.819444444444444
0,1,0.661616161616162
0,1,0.736111111111111
1,1,0.5875
1,1,0.3625
0,1,0.694444444444445
0,1,0.583333333333333
0,1,0.583333333333333
0,1,0.652777777777778
0,1,0.621212121212121
0,1,0.722222222222222
0,1,0.666666666666667
0,1,0.568181818181818
0,1,0.763888888888889
0,1,0.722222222222222
0,1,0.555555555555556
0,1,0.513888888888889
0,1,0.694444444444445
0,1,0.333333333333333
0,1,0.537878787878788
1,1,0.275
1,1,0.775
0,1,0.805555555555556
0,1,0.541666666666667
0,1,0.625
1,1,0.58
0,1,0.638888888888889
0,1,0.587962962962963
0,1,0.486111111111111
0,1,0.638888888888889
1,1,0.5125
0,1,0.458333333333333
0,1,0.75
0,1,0.319444444444444
0,1,0.638888888888889
1,1,0.35
0,1,0.472222222222222
0,1,0.822222222222222
0,1,0.652777777777778
0,1,0.561868686868687
1,1,0.494318181818182
0,1,0.513888888888889
0,1,0.666666666666667
0,1,0.654040404040404
0,1,0.763888888888889
0,1,0.555555555555556
1,1,0.625
0,1,0.814814814814815
0,1,0.888888888888889
0,1,0.527777777777778
1,1,0.579166666666667
1,1,0.4875
0,1,0.731481481481482
0,1,0.666666666666667
1,1,0.559090909090909
0,1,0.746212121212121
0,1,0.583333333333333
0,1,0.444444444444444
1,1,0.6625
0,1,0.446969696969697
0,1,0.527777777777778
0,1,0.444444444444444
0,1,0.513888888888889
0,1,0.680555555555556
0,1,0.608585858585859
0,1,0.506313131313131
0,1,0.638888888888889
0,1,0.805555555555556
0,1,0.527777777777778
0,1,0.375
0,1,0.458333333333333
0,1,0.611111111111111
0,1,0.683080808080808
0,1,0.541666666666667
0,1,0.527777777777778
0,1,0.652777777777778
0,1,0.527777777777778
0,1,0.5
0,1,0.444444444444444
1,1,0.4625
0,1,0.555555555555556
0,1,0.430555555555556
0,1,0.694444444444445
0,1,0.541666666666667
0,1,0.513888888888889
0,1,0.763888888888889
0,1,0.402777777777778
0,1,0.611111111111111
0,1,0.666666666666667
0,1,0.756313131313131
0,1,0.888888888888889
0,1,0.763888888888889
0,1,0.791666666666667
0,1,0.611111111111111
0,1,0.680555555555556
0,1,0.680555555555556
0,1,0.541666666666667
0,1,0.638888888888889
0,1,0.694444444444445
1,1,0.6625
0,1,0.444444444444444
0,1,0.608333333333333
1,1,0.575
0,1,0.643518518518518
0,1,0.597222222222222
1,1,0.275
1,1,0.5375
0,1,0.486111111111111
0,1,0.434343434343434
0,1,0.833333333333333
0,1,0.569444444444445
0,1,0.694444444444445
0,1,0.434343434343434
0,1,0.5
1,1,0.6225
0,1,0.819444444444444
1,1,0.446590909090909
0,1,0.533333333333333
1,1,0.65
0,1,0.375
0,1,0.430555555555556
1,1,0.5875
1,1,0.5875
1,1,0.465909090909091
0,1,0.348484848484848
0,1,0.722222222222222
0,1,0.5
0,1,0.472222222222222
0,1,0.736111111111111
0,1,0.458333333333333
0,1,0.462121212121212
0,1,0.494949494949495
0,1,0.813131313131313
0,1,0.541666666666667
0,1,0.513888888888889
0,1,0.611111111111111
0,1,0.625
1,1,0.4
0,1,0.638888888888889
1,1,0.304545454545455
0,1,0.625
0,1,0.5
1,1,0.546590909090909
0,1,0.597222222222222
0,1,0.291666666666667
0,1,0.393518518518519
0,1,0.5
0,1,0.8
0,1,0.444444444444444
0,1,0.277777777777778
1,1,0.575
0,1,0.486111111111111
0,1,0.359848484848485
0,1,0.5
0,1,0.777777777777778
1,1,0.4625
0,1,0.482323232323232
0,1,0.398989898989899
0,1,0.681818181818182
0,1,0.472222222222222
0,1,0.440656565656566
0,1,0.351851851851852
0,1,0.652777777777778
0,1,0.680555555555556
0,1,0.430555555555556
1,1,0.254166666666667
0,1,0.333333333333333
0,1,0.577020202020202
1,1,0.55
0,1,0.444444444444444
0,1,0.444444444444444
0,1,0.569444444444444
0,1,0.308080808080808
0,1,0.611111111111111
0,1,0.777777777777778
0,1,0.611111111111111
0,1,0.472222222222222
0,1,0.597222222222222
0,1,0.333333333333333
0,1,0.527777777777778
0,1,0.388888888888889
0,1,0.513888888888889
0,1,0.583333333333333
0,1,0.388888888888889
0,1,0.375
1,1,0.375
0,1,0.5
0,1,0.5
0,1,0.597222222222222
0,1,0.661111111111111
0,1,0.625
1,1,0.6125
0,1,0.472222222222222
0,1,0.617424242424242
0,1,0.347222222222222
0,1,0.319444444444444
0,1,0.791666666666667
0,1,0.444444444444444
0,1,0.541666666666667
0,1,0.569444444444444
0,1,0.430555555555556
0,1,0.398148148148148
0,1,0.660353535353535
1,1,0.25
0,1,0.686111111111111
0,1,0.772727272727273
0,1,0.452020202020202
1,1,0.4875
1,1,0.4125
0,1,0.680555555555556
0,1,0.444444444444444
0,1,0.611111111111111
0,1,0.583333333333333
0,1,0.652777777777778
0,1,0.666666666666667
0,1,0.75
1,1,0.2375
1,1,0.4
1,1,0.35
0,1,0.694444444444444
0,1,0.569444444444444
0,1,0.694444444444444
0,1,0.545454545454545
0,1,0.527777777777778
1,1,0.625
0,1,0.722222222222222
0,1,0.75
0,1,0.513888888888889
1,1,0.4625
0,1,0.523148148148148
0,1,0.45
0,1,0.308333333333333
0,1,0.390151515151515
0,1,0.611111111111111
1,1,0.4375
0,1,0.318181818181818
1,1,0.470454545454545
0,1,0.569444444444444
0,1,0.527777777777778
1,1,0.4625
1,1,0.506944444444445
1,1,0.528409090909091
1,1,0.395833333333333
1,1,0.3475
1,1,0.3375
0,1,0.666666666666667
1,1,0.371590909090909
0,1,0.708333333333333
0,1,0.416666666666667
1,1,0.325
1,1,0.436363636363636
0,1,0.541666666666667
0,1,0.777777777777778
0,1,0.638888888888889
0,1,0.416666666666667
0,1,0.541666666666667
1,1,0.4875
0,1,0.615740740740741
0,1,0.597222222222222
0,1,0.694444444444445
1,1,0.3875
0,1,0.777777777777778
0,1,0.527777777777778
0,1,0.833333333333333
0,1,0.583333333333333
0,1,0.513888888888889
0,1,0.361111111111111
0,1,0.666666666666667
0,1,0.611111111111111
0,1,0.625
0,1,0.430555555555556
1,1,0.4
0,1,0.680555555555556
0,1,0.611111111111111
1,1,0.3875
0,1,0.597222222222222
0,1,0.625
0,1,0.694444444444445
1,1,0.3
0,1,0.444444444444444
0,1,0.828282828282828
0,1,0.694444444444444
0,1,0.541666666666667
0,1,0.777777777777778
0,1,0.486111111111111
1,1,0.3875
0,1,0.486111111111111
0,1,0.587962962962963
1,1,0.429166666666667
0,1,0.736111111111111
0,1,0.375
0,1,0.666666666666667
0,1,0.833333333333333
0,1,0.569444444444445
0,1,0.694444444444445
0,1,0.763888888888889
0,1,0.611111111111111
0,1,0.541666666666667
0,1,0.736111111111111
0,1,0.444444444444444
0,1,0.486111111111111
0,1,0.541666666666667
0,1,0.722222222222222
0,1,0.611111111111111
0,1,0.569444444444445
1,1,0.625
0,1,0.75
0,1,0.513888888888889
1,1,0.652272727272727
0,1,0.777777777777778
0,1,0.777777777777778
0,1,0.795454545454546
1,1,0.404166666666667
0,1,0.833333333333333
1,1,0.3875
0,1,0.725
0,1,0.680555555555556
0,1,0.611111111111111
0,1,0.694444444444444
0,1,0.666666666666667
0,1,0.615740740740741
0,1,0.756313131313131
0,1,0.805555555555556
1,1,0.4125
0,1,0.75
1,1,0.7125
0,1,0.583333333333333
0,1,0.513888888888889
1,1,0.475
0,1,0.694444444444445
1,1,0.4625
NA,1,NA
0,1,0.814814814814815
1,1,0.6125
1,1,0.625
0,1,0.694444444444445
0,1,0.644444444444444
0,1,0.537878787878788
0,1,0.601851851851852
1,1,0.4775
0,1,0.763888888888889
0,1,0.430555555555556
0,1,0.777777777777778
0,1,0.611111111111111
0,1,0.684343434343434
0,1,0.583333333333333
0,1,0.652777777777778
0,1,0.666666666666667
0,1,0.638888888888889
0,1,0.527777777777778
0,1,0.652777777777778
1,1,0.475
0,1,0.5
0,1,0.541666666666667
1,1,0.775
0,1,0.652777777777778
0,1,0.694444444444445
0,1,0.725
0,1,0.430555555555556
0,1,0.680555555555556
0,1,0.611111111111111
0,1,0.597222222222222
1,1,0.65
0,1,0.496212121212121
0,1,0.527777777777778
1,1,0.5375
0,1,0.773148148148148
0,1,0.601851851851852
0,1,0.777777777777778
1,1,0.5875
0,1,0.736111111111111
1,1,0.355555555555556
0,1,0.430555555555556
0,1,0.416666666666667
0,1,0.694444444444445
0,1,0.666666666666667
1,1,0.4875
0,1,0.75
0,1,0.638888888888889
1,1,0.6125
0,1,0.416666666666667
1,1,0.4625
0,1,0.666666666666667
1,1,0.5125
0,1,0.851851851851852
0,1,0.703703703703704
0,1,0.75
0,1,0.8
0,1,0.583333333333333
1,1,0.2
0,1,0.569444444444445
0,1,0.672979797979798
0,1,0.558080808080808
0,1,0.694444444444445
0,1,0.805555555555556
0,1,0.694444444444445
0,1,0.736111111111111
0,1,0.640151515151515
0,1,0.630050505050505
0,1,0.430555555555556
0,1,0.694444444444445
0,1,0.777777777777778
0,1,0.861111111111111
0,1,0.75
0,1,0.529040404040404
1,1,0.725
0,1,0.569444444444445
0,1,0.777777777777778
0,1,0.638888888888889
0,1,0.888888888888889
0,1,0.458333333333333
0,1,0.611111111111111
0,1,0.444444444444444
0,1,0.638888888888889
0,1,0.486111111111111
1,1,0.7
0,1,0.430555555555556
0,1,0.652777777777778
0,1,0.888888888888889
0,1,0.611111111111111
1,1,0.375
0,1,0.638888888888889
0,1,0.694444444444444
0,1,0.722222222222222
0,1,0.618686868686869
1,1,0.2875
1,1,0.75
1,1,0.490909090909091
0,1,0.722222222222222
0,1,0.5
1,1,0.45
1,1,0.5125
0,1,0.666666666666667
0,1,0.805555555555556
0,1,0.597222222222222
0,1,0.631313131313131
0,1,0.509259259259259
0,1,0.458333333333333
0,1,0.458333333333333
0,1,0.388888888888889
0,1,0.458333333333333
0,1,0.380050505050505
0,1,0.5
0,1,0.574074074074074
1,1,0.4625
0,1,0.388888888888889
0,1,0.555555555555556
1,1,0.675
0,1,0.722222222222222
1,1,0.5275
0,1,0.722222222222222
0,1,0.666666666666667
1,1,0.325
0,1,0.694444444444444
0,1,0.638888888888889
0,1,0.416666666666667
0,1,0.597222222222222
1,1,0.4
0,1,0.564814814814815
1,1,0.4375
0,1,0.486111111111111
1,1,0.508333333333333
0,1,0.444444444444444
0,1,0.5
0,1,0.611111111111111
1,1,0.435227272727273
1,1,0.325
0,1,0.711111111111111
1,1,0.25
0,1,0.708333333333333
0,1,0.638888888888889
0,1,0.722222222222222
0,1,0.580555555555556
0,1,0.680555555555556
0,1,0.541666666666667
0,1,0.5
1,1,0.556818181818182
0,1,0.512626262626263
1,1,0.454166666666667
0,1,0.363636363636364
0,1,0.777777777777778
0,1,0.430555555555556
0,1,0.777777777777778
0,1,0.402777777777778
0,1,0.694444444444444
0,1,0.388888888888889
0,1,0.458333333333333
1,1,0.3875
0,1,0.388888888888889
0,1,0.666666666666667
0,1,0.833333333333333
0,1,0.75
0,1,0.777777777777778
0,1,0.777777777777778
1,1,0.705
0,1,0.736111111111111
0,1,0.805555555555556
1,1,0.425
0,1,0.597222222222222
1,1,0.554166666666667
0,1,0.805555555555556
1,1,0.6875
1,1,0.675
1,1,0.75
0,1,0.694444444444444
0,1,0.652777777777778
1,1,0.5875
1,1,0.583333333333333
0,1,0.791666666666667
0,1,0.777777777777778
0,1,0.75
1,1,0.633333333333333
1,1,0.675
0,1,0.416666666666667
1,1,0.5875
0,1,0.777777777777778
0,1,0.597222222222222
0,1,0.569444444444444
0,1,0.694444444444444
0,1,0.75
0,1,0.509259259259259
0,1,0.777777777777778
0,1,0.75
0,1,0.611111111111111
0,1,0.680555555555556
0,1,0.722222222222222
0,1,0.833333333333333
0,1,0.472222222222222
0,1,0.713888888888889
0,1,0.694444444444444
0,1,0.742424242424242
0,1,0.680555555555556
0,1,0.833333333333333
1,1,0.433333333333333
0,1,0.666666666666667
0,1,0.638888888888889
0,1,0.666666666666667
0,1,0.777777777777778
0,1,0.597222222222222
0,1,0.388888888888889
0,1,0.761363636363636
0,1,0.652777777777778
1,1,0.4875
1,1,0.532954545454545
1,1,0.4
1,1,0.4625
0,1,0.347222222222222
0,1,0.755555555555556
0,1,0.314814814814815
1,1,0.475
0,1,0.402777777777778
0,1,0.666666666666667
0,1,0.7
0,1,0.361111111111111
0,1,0.765151515151515
1,1,0.604545454545455
0,1,0.611111111111111
1,1,0.7
0,1,0.652777777777778
0,1,0.583333333333333
0,1,0.444444444444444
0,1,0.828282828282828
1,1,0.675
1,1,0.575
0,1,0.805555555555556
1,1,0.65
0,1,0.684343434343434
1,1,0.530681818181818
0,1,0.611111111111111
0,1,0.597222222222222
0,1,0.722222222222222
0,1,0.768518518518518
0,1,0.638888888888889
0,1,0.796717171717172
0,1,0.643518518518518
0,1,0.527777777777778
0,1,0.791666666666667
1,1,0.472727272727273
1,1,0.666666666666667
1,1,0.725
0,1,0.777777777777778
1,1,0.6
0,1,0.75
0,1,0.638888888888889
1,1,0.575
0,1,0.777777777777778
0,1,0.777777777777778
0,1,0.569444444444445
0,1,0.833333333333333
1,1,0.673611111111111
1,1,0.643181818181818
0,1,0.777777777777778
0,1,0.777777777777778
1,1,0.6125
0,1,0.847222222222222
1,1,0.7
0,1,0.740740740740741
0,1,0.625
0,1,0.736111111111111
0,1,0.555555555555556
0,1,0.795454545454546
0,1,0.858585858585859
0,1,0.768518518518518
0,1,0.662037037037037
0,1,0.763888888888889
0,1,0.722222222222222
0,1,0.652777777777778
1,1,0.575
0,1,0.722222222222222
1,1,0.4875
0,1,0.708333333333333
0,1,0.763888888888889
0,1,0.75
0,1,0.555555555555556
0,1,0.722222222222222
0,1,0.833333333333333
1,1,0.6625
0,1,0.708333333333333
0,1,0.402777777777778
0,1,0.777777777777778
0,1,0.680555555555556
0,1,0.810185185185185
1,1,0.775
0,1,0.736111111111111
0,1,0.611111111111111
0,1,0.652777777777778
0,1,0.777777777777778
1,1,0.6875
1,1,0.65
0,1,0.694444444444445
0,1,0.786616161616162
0,1,0.777777777777778
0,1,0.75
0,1,0.838383838383838
0,1,0.888888888888889
0,1,0.694444444444445
0,1,0.583333333333333
0,1,0.611111111111111
0,1,0.805555555555556
1,1,0.6
0,1,0.641414141414141
0,1,0.791666666666667
1,1,0.8
0,1,0.722222222222222
1,1,0.425
0,1,0.723484848484849
0,1,0.486111111111111
0,1,0.847222222222222
0,1,0.657407407407407
0,1,0.833333333333333
0,1,0.888888888888889
0,1,0.805555555555556
0,1,0.833333333333333
0,1,0.833333333333333
0,1,0.625
0,1,0.472222222222222
0,1,0.736111111111111
0,1,0.722222222222222
1,1,0.733333333333333
0,1,0.744949494949495
0,1,0.638888888888889
0,1,0.763888888888889
0,1,0.833333333333333
0,1,0.805555555555556
0,1,0.861111111111111
0,1,0.833333333333333
0,1,0.851851851851852
0,1,0.851851851851852
1,1,0.6625
0,1,0.722222222222222
0,1,0.652777777777778
0,1,0.722222222222222
0,1,0.5
0,1,0.472222222222222
1,1,0.725
0,1,0.458333333333333
0,1,0.777777777777778
1,1,0.5
0,1,0.861111111111111
1,1,0.591666666666667
1,1,0.6875
0,1,0.666666666666667
1,1,0.7
0,1,0.833333333333333
0,1,0.851851851851852
0,1,0.708333333333333
0,1,0.75
0,1,0.666666666666667
0,1,0.888888888888889
0,1,0.75
0,1,0.777777777777778
0,1,0.694444444444445
0,1,0.651515151515151
0,1,0.722222222222222
0,1,0.763888888888889
0,1,0.666666666666667
0,1,0.833333333333333
1,1,0.675
1,1,0.65
0,1,0.833333333333333
0,1,0.625
1,1,0.725
1,1,0.55
0,1,0.655555555555556
0,1,0.805555555555556
0,1,0.861111111111111
0,1,0.805555555555556
1,1,0.6875
0,1,0.814814814814815
0,1,0.694444444444445
0,1,0.805555555555556
0,1,0.555555555555556
0,1,0.736111111111111
0,1,0.847222222222222
0,1,0.805555555555556
0,1,0.722222222222222
0,1,0.62962962962963
0,1,0.847222222222222
0,1,0.444444444444444
0,1,0.763888888888889
1,1,0.511363636363636
0,1,0.805555555555556
0,1,0.75
0,1,0.861111111111111
1,1,0.425
0,1,0.694444444444445
0,1,0.347222222222222
1,1,0.5875
0,1,0.75
0,1,0.666666666666667
1,1,0.575
1,1,0.4125
0,1,0.694444444444445
0,1,0.805555555555556
0,1,0.833333333333333
0,1,0.388888888888889
0,1,0.693181818181818
0,1,0.75
0,1,0.777777777777778
0,1,0.777777777777778
0,1,0.763888888888889
1,1,0.663636363636364
0,1,0.5
0,1,0.814814814814815
0,1,0.768518518518518
0,1,0.638888888888889
0,1,0.777777777777778
0,1,0.625
1,1,0.425
0,1,0.388888888888889
0,1,0.736111111111111
0,1,0.888888888888889
1,1,0.5375
1,1,0.658333333333333
0,1,0.777777777777778
0,1,0.736111111111111
0,1,0.851851851851852
0,1,0.5
1,1,0.4625
0,1,0.5
0,1,0.777777777777778
1,1,0.55
0,1,0.689814814814815
0,1,0.680555555555556
0,1,0.722222222222222
0,1,0.416666666666667
0,1,0.777777777777778
0,1,0.625
0,1,0.861111111111111
0,1,0.75
0,1,0.680555555555556
0,1,0.652777777777778
0,1,0.652777777777778
0,1,0.777777777777778
0,1,0.657407407407407
0,1,0.833333333333333
0,1,0.638888888888889
0,1,0.699074074074074
0,1,0.680555555555556
0,1,0.430555555555556
1,1,0.5375
0,1,0.768518518518518
0,1,0.486111111111111
0,1,0.666666666666667
0,1,0.791666666666667
0,1,0.611111111111111
0,1,0.797979797979798
0,1,0.777777777777778
0,1,0.777777777777778
0,1,0.62037037037037
0,1,0.805555555555556
0,1,0.708333333333333
0,1,0.680555555555556
1,1,0.7375
0,1,0.740740740740741
0,1,0.694444444444445
0,1,0.833333333333333
0,1,0.708333333333333
0,1,0.694444444444445
0,1,0.808080808080808
0,1,0.714646464646465
0,1,0.861111111111111
0,1,0.75
1,1,0.3
0,1,0.805555555555556
0,1,0.638888888888889
0,1,0.797979797979798
0,1,0.736111111111111
0,1,0.597222222222222
0,1,0.861111111111111
0,1,0.66540404040404
0,1,0.652777777777778
0,1,0.777777777777778
0,1,0.527777777777778
1,1,0.520454545454546
0,1,0.560185185185185
0,1,0.722222222222222
1,1,0.6375
0,1,0.833333333333333
0,1,0.861111111111111
0,1,0.694444444444445
1,1,0.5375
0,1,0.777777777777778
0,1,0.736111111111111
0,1,0.555555555555556
0,1,0.597222222222222
0,1,0.75
0,1,0.819444444444444
0,1,0.805555555555556
0,1,0.625
0,1,0.888888888888889
0,1,0.648148148148148
1,1,0.375
0,1,0.833333333333333
0,1,0.805555555555556
0,1,0.666666666666667
0,1,0.722222222222222
0,1,0.731481481481482
0,1,0.319444444444444
1,1,0.6875
0,1,0.597222222222222
1,1,0.5375
0,1,0.740740740740741
0,1,0.666666666666667
0,1,0.763888888888889
0,1,0.416666666666667
0,1,0.777777777777778
0,1,0.722222222222222
0,1,0.736111111111111
0,1,0.541666666666667
0,1,0.527777777777778
0,1,0.597222222222222
0,1,0.597222222222222
0,1,0.777777777777778
0,1,0.583333333333333
0,1,0.527777777777778
0,1,0.5
0,1,0.708333333333333
0,1,0.708333333333333
0,1,0.430555555555556
0,1,0.527777777777778
0,1,0.722222222222222
0,1,0.652777777777778
0,1,0.666666666666667
1,1,0.475
0,1,0.638888888888889
0,1,0.486111111111111
0,1,0.569444444444445
0,1,0.569444444444445
0,1,0.486111111111111
0,1,0.666666666666667
0,1,0.611111111111111
0,1,0.583333333333333
0,1,0.407407407407407
0,1,0.736111111111111
0,1,0.638888888888889
0,1,0.691919191919192
0,1,0.569444444444445
0,1,0.625
0,1,0.786616161616162
0,1,0.819444444444444
1,1,0.425
1,1,0.464772727272727
1,1,0.446590909090909
0,1,0.527777777777778
0,1,0.666666666666667
0,1,0.638888888888889
0,1,0.611111111111111
0,1,0.611111111111111
0,1,0.838383838383838
0,1,0.763888888888889
0,1,0.630050505050505
0,1,0.722222222222222
0,1,0.661616161616162
0,1,0.680555555555556
0,1,0.661616161616162
0,1,0.5
0,1,0.699074074074074
0,1,0.652777777777778
0,1,0.689814814814815
1,1,0.441666666666667
0,1,0.606481481481482
1,1,0.35
0,1,0.731481481481482
0,1,0.486111111111111
0,1,0.805555555555556
1,1,0.325
1,1,0.595833333333333
0,1,0.481481481481482
0,1,0.574074074074074
0,1,0.689814814814815
0,1,0.814814814814815
0,1,0.555555555555556
0,1,0.666666666666667
0,1,0.652777777777778
0,1,0.666666666666667
0,1,0.527777777777778
0,1,0.444444444444444
0,1,0.589646464646465
0,1,0.472222222222222
0,1,0.416666666666667
0,1,0.597222222222222
0,1,0.356481481481481
1,1,0.3875
1,1,0.6625
0,1,0.736111111111111
0,1,0.694444444444444
1,1,0.640909090909091
0,1,0.652777777777778
0,1,0.685185185185185
1,1,0.55
0,1,0.513888888888889
0,1,0.625
0,1,0.569444444444444
0,1,0.597222222222222
0,1,0.583333333333333
0,1,0.5
0,1,0.569444444444444
0,1,0.527777777777778
1,1,0.4725
1,1,0.4875
0,1,0.611111111111111
NA,1,NA
1,1,0.4
0,1,0.388888888888889
0,1,0.460858585858586
1,1,0.5125
1,1,0.5125
1,1,0.4
0,1,0.583333333333333
0,1,0.236111111111111
0,1,0.736111111111111
1,1,0.333333333333333
0,1,0.777777777777778
1,1,0.4125
0,1,0.597222222222222
0,1,0.597222222222222
0,1,0.611111111111111
0,1,0.402777777777778
0,1,0.5
0,1,0.435185185185185
0,1,0.541666666666667
1,1,0.4
0,1,0.680555555555556
0,1,0.777777777777778
0,1,0.555555555555556
0,1,0.803030303030303
0,1,0.569444444444444
0,1,0.75
0,1,0.666666666666667
0,1,0.486111111111111
0,1,0.708333333333333
0,1,0.638888888888889
0,1,0.472222222222222
0,1,0.638888888888889
0,1,0.430555555555556
0,1,0.416666666666667
0,1,0.512626262626263
0,1,0.680555555555556
0,1,0.569444444444444
0,1,0.430555555555556
0,1,0.556818181818182
0,1,0.75
0,1,0.722222222222222
0,1,0.492424242424242
0,1,0.5
0,1,0.777777777777778
0,1,0.736111111111111
0,1,0.694444444444444
1,1,0.5125
0,1,0.461111111111111
0,1,0.611111111111111
0,1,0.722222222222222
0,1,0.75
1,1,0.3375
0,1,0.777777777777778
0,1,0.611111111111111
1,1,0.3875
1,1,0.423863636363636
0,1,0.388888888888889
0,1,0.751262626262626
0,1,0.458333333333333
0,1,0.472222222222222
1,1,0.470833333333333
0,1,0.402777777777778
0,1,0.638888888888889
0,1,0.759259259259259
0,1,0.652777777777778
0,1,0.611111111111111
0,1,0.601851851851852
0,1,0.611111111111111
0,1,0.782828282828283
1,1,0.6125
0,1,0.305555555555556
0,1,0.304292929292929
0,1,0.638888888888889
0,1,0.625
0,1,0.252777777777778
0,1,0.294191919191919
0,1,0.361111111111111
0,1,0.263888888888889
0,1,0.611111111111111
0,1,0.5
0,1,0.472222222222222
0,1,0.777777777777778
0,1,0.597222222222222
0,1,0.513888888888889
1,1,0.405681818181818
1,1,0.396590909090909
0,1,0.585858585858586
0,1,0.513888888888889
0,1,0.359848484848485
0,1,0.472222222222222
1,1,0.5
0,1,0.513888888888889
0,1,0.680555555555556
0,1,0.652777777777778
1,1,0.45
0,1,0.777777777777778
0,1,0.782828282828283
0,1,0.680555555555556
0,1,0.444444444444444
0,1,0.472222222222222
0,1,0.527777777777778
0,1,0.523148148148148
1,1,0.6875
1,1,0.216666666666667
0,1,0.541666666666667
0,1,0.555555555555556
0,1,0.430555555555556
1,1,0.4375
1,1,0.4375
1,1,0.3775
0,1,0.444444444444444
0,1,0.486111111111111
1,1,0.490909090909091
0,1,0.45
1,1,0.4875
0,1,0.472222222222222
0,1,0.777777777777778
0,1,0.583333333333333
0,1,0.401515151515152
0,1,0.625
1,1,0.65
0,1,0.565656565656566
1,1,0.602272727272727
1,1,0.375
0,1,0.502525252525252
0,1,0.680555555555556
0,1,0.796296296296296
1,1,0.369318181818182
0,1,0.458333333333333
0,1,0.444444444444444
0,1,0.430555555555556
0,1,0.659090909090909
0,1,0.388888888888889
1,1,0.4375
0,1,0.368686868686869
0,1,0.3
0,1,0.555555555555556
0,1,0.569444444444444
0,1,0.416666666666667
0,1,0.611111111111111
0,1,0.595959595959596
0,1,0.597222222222222
1,1,0.575
0,1,0.638888888888889
0,1,0.583333333333333
0,1,0.509259259259259
0,1,0.402777777777778
0,1,0.583333333333333
0,1,0.416666666666667
0,1,0.525
0,1,0.333333333333333
1,1,0.489772727272727
0,1,0.305555555555556
0,1,0.666666666666667
0,1,0.666666666666667
0,1,0.444444444444444
0,1,0.291666666666667
0,1,0.544191919191919
0,1,0.541666666666667
0,1,0.555555555555556
1,1,0.454166666666667
1,1,0.475
0,1,0.777777777777778
0,1,0.710858585858586
1,1,0.2875
1,1,0.5125
0,1,0.541666666666667
0,1,0.398148148148148
0,1,0.24537037037037
0,1,0.416666666666667
0,1,0.578282828282828
0,1,0.375
0,1,0.513888888888889
0,1,0.722222222222222
0,1,0.541666666666667
0,1,0.527777777777778
0,1,0.611111111111111
0,1,0.541666666666667
1,1,0.453409090909091
0,1,0.638888888888889
1,1,0.225
0,1,0.402777777777778
1,1,0.429166666666667
0,1,0.402777777777778
0,1,0.666666666666667
0,1,0.460858585858586
1,1,0.6
0,1,0.440656565656566
0,1,0.643518518518518
1,1,0.5
0,1,0.805555555555556
0,1,0.555555555555556
0,1,0.545454545454545
0,1,0.656565656565657
1,1,0.6375
1,1,0.4375
1,1,0.4625
0,1,0.671296296296296
0,1,0.309343434343434
0,1,0.638888888888889
0,1,0.444444444444444
0,1,0.583333333333333
1,1,0.45
0,1,0.6
0,1,0.833333333333333
1,1,0.525
1,1,0.325
0,1,0.5
0,1,0.486111111111111
0,1,0.763888888888889
0,1,0.527777777777778
1,1,0.525
0,1,0.611111111111111
1,1,0.4125
0,1,0.666666666666667
1,1,0.7125
0,1,0.328703703703704
1,1,0.5625
0,1,0.691666666666667
0,1,0.402777777777778
0,1,0.625
0,1,0.361111111111111
0,1,0.375
0,1,0.75
0,1,0.333333333333333
1,1,0.4
0,1,0.611111111111111
0,1,0.513888888888889
0,1,0.416666666666667
0,1,0.375
0,1,0.606481481481482
1,1,0.433333333333333
0,1,0.527777777777778
0,1,0.347222222222222
0,1,0.444444444444444
0,1,0.319444444444444
0,1,0.402777777777778
1,1,0.313636363636364
0,1,0.458333333333333
1,1,0.3
0,1,0.625
0,1,0.555555555555556
0,1,0.263888888888889
0,1,0.297979797979798
0,1,0.555555555555556
1,1,0.5625
1,1,0.5375
0,1,0.375
0,1,0.759259259259259
0,1,0.666666666666667
1,1,0.331818181818182
0,1,0.430555555555556
0,1,0.416666666666667
0,1,0.527777777777778
1,1,0.369318181818182
0,1,0.408333333333333
0,1,0.523989898989899
1,1,0.4625
1,1,0.533333333333333
1,1,0.4
0,1,0.461111111111111
0,1,0.402777777777778
0,1,0.527777777777778
0,1,0.443181818181818
0,1,0.444444444444444
0,1,0.708333333333333
0,1,0.694444444444444
0,1,0.388888888888889
0,1,0.569444444444444
0,1,0.444444444444444
0,1,0.777777777777778
0,1,0.694444444444444
0,1,0.452020202020202
0,1,0.458333333333333
0,1,0.569444444444444
0,1,0.722222222222222
0,1,0.388888888888889
0,1,0.75
0,1,0.359848484848485
0,1,0.481060606060606
1,1,0.25
0,1,0.666666666666667
0,1,0.361111111111111
0,1,0.430555555555556
0,1,0.347222222222222
0,1,0.416666666666667
1,1,0.247727272727273
0,1,0.611111111111111
0,1,0.478535353535354
0,1,0.569444444444444
0,1,0.583333333333333
1,1,0.5125
0,1,0.166666666666667
1,1,0.365909090909091
0,1,0.444444444444444
0,1,0.481060606060606
0,1,0.383333333333333
1,1,0.4125
1,1,0.2375
1,1,0.175
0,1,0.396464646464646
0,1,0.416666666666667
1,1,0.575
0,1,0.343434343434343
0,1,0.313131313131313
0,1,0.625
0,1,0.262626262626263
0,1,0.263888888888889
0,1,0.396464646464646
1,1,0.45
1,1,0.35
0,1,0.305555555555556
1,1,0.319318181818182
0,1,0.319444444444444
0,1,0.295454545454545
0,1,0.708333333333333
1,1,0.228409090909091
0,1,0.402777777777778
0,1,0.25
0,1,0.305555555555556
0,1,0.45959595959596
1,1,0.4875
0,1,0.333333333333333
0,1,0.388888888888889
0,1,0.666666666666667
1,1,0.4
1,1,0.5625
1,1,0.338636363636364
0,1,0.387626262626263
0,1,0.717171717171717
1,1,0.2
0,1,0.333333333333333
0,1,0.353535353535354
1,1,0.225
0,1,0.429292929292929
0,1,0.513888888888889
0,1,0.611111111111111
0,1,0.486111111111111
0,1,0.361111111111111
0,1,0.527777777777778
0,1,0.5
0,1,0.67550505050505
0,1,0.430555555555556
1,1,0.45
1,1,0.3375
0,1,0.141414141414141
0,1,0.375
0,1,0.527777777777778
0,1,0.291666666666667
1,1,0.3875
0,1,0.444444444444444
0,1,0.513888888888889
0,1,0.333333333333333
0,1,0.560606060606061
0,1,0.522727272727273
0,1,0.569444444444444
0,1,0.319444444444444
0,1,0.222222222222222
0,1,0.397727272727273
0,1,0.486111111111111
1,1,0.422727272727273
0,1,0.486111111111111
0,1,0.305555555555556
0,1,0.444444444444444
0,1,0.680555555555556
0,1,0.527777777777778
0,1,0.66540404040404
0,1,0.582070707070707
0,1,0.740740740740741
0,1,0.518518518518518
0,1,0.611111111111111
0,1,0.625
0,1,0.416666666666667
0,1,0.523989898989899
0,1,0.388888888888889
0,1,0.458333333333333
0,1,0.458333333333333
0,1,0.569444444444444
0,1,0.347222222222222
0,1,0.263888888888889
0,1,0.55050505050505
0,1,0.472222222222222
0,1,0.513888888888889
0,1,0.680555555555556
0,1,0.458333333333333
0,1,0.694444444444444
0,1,0.55
0,1,0.577777777777778
0,1,0.791666666666667
0,1,0.541666666666667
0,1,0.375
0,1,0.796296296296296
0,1,0.472222222222222
0,1,0.430555555555556
0,1,0.670454545454545
0,1,0.25
0,1,0.333333333333333
1,1,0.465
0,1,0.472222222222222
0,1,0.416666666666667
0,1,0.375
0,1,0.486111111111111
0,1,0.666666666666667
0,1,0.527777777777778
0,1,0.416666666666667
0,1,0.611111111111111
0,1,0.438131313131313
0,1,0.444444444444444
0,1,0.611111111111111
1,1,0.270833333333333
0,1,0.438131313131313
1,1,0.6625
1,1,0.5375
0,1,0.75
0,1,0.319444444444444
0,1,0.5
0,1,0.680555555555556
0,1,0.652777777777778
1,1,0.7
0,1,0.708333333333333
1,1,0.3
0,1,0.513888888888889
0,1,0.444444444444444
1,1,0.5125
0,1,0.409090909090909
0,1,0.402777777777778
0,1,0.472222222222222
1,1,0.517045454545455
1,1,0.413636363636364
1,1,0.725
0,1,0.777777777777778
0,1,0.555555555555556
0,1,0.814814814814815
0,1,0.541666666666667
0,1,0.481481481481482
0,1,0.532407407407407
0,1,0.541666666666667
1,1,0.273863636363636
0,1,0.50462962962963
0,1,0.472222222222222
0,1,0.430555555555556
0,1,0.694444444444445
1,1,0.775
0,1,0.625
0,1,0.652777777777778
0,1,0.527777777777778
0,1,0.416666666666667
1,1,0.5
0,1,0.708333333333333
0,1,0.662037037037037
0,1,0.375
0,1,0.75
0,1,0.763888888888889
1,1,0.4125
1,1,0.65
0,1,0.578282828282828
0,1,0.833333333333333
0,1,0.597222222222222
0,1,0.777777777777778
0,1,0.805555555555556
1,1,0.5375
0,1,0.611111111111111
0,1,0.632575757575758
0,1,0.861111111111111
0,1,0.625
1,1,0.6875
0,1,0.888888888888889
1,1,0.733333333333333
0,1,0.777777777777778
0,1,0.888888888888889
1,1,0.7
0,1,0.666666666666667
0,1,0.740740740740741
0,1,0.851851851851852
1,1,0.6625
0,1,0.75
1,1,0.503409090909091
0,1,0.722222222222222
0,1,0.404040404040404
0,1,0.694444444444445
1,1,0.6
0,1,0.458333333333333
0,1,0.680555555555556
0,1,0.597222222222222
0,1,0.777777777777778
0,1,0.736111111111111
0,1,0.513888888888889
0,1,0.625
0,1,0.597222222222222
0,1,0.666666666666667
0,1,0.722222222222222
0,1,0.541666666666667
0,1,0.555555555555556
0,1,0.597222222222222
1,1,0.5125
1,1,0.6375
1,1,0.5875
0,1,0.342171717171717
1,1,0.5375
0,1,0.625
0,1,0.736111111111111
0,1,0.564814814814815
1,1,0.388636363636364
1,1,0.575
0,1,0.666666666666667
1,1,0.55
0,1,0.541666666666667
0,1,0.486111111111111
0,1,0.597222222222222
0,1,0.375
0,1,0.569444444444444
0,1,0.722222222222222
0,1,0.722222222222222
0,1,0.458333333333333
1,1,0.4
0,1,0.75
0,1,0.75
0,1,0.569444444444444
0,1,0.5
1,1,0.432954545454545
0,1,0.444444444444444
0,1,0.597222222222222
0,1,0.805555555555556
0,1,0.759259259259259
0,1,0.430555555555556
0,1,0.472222222222222
0,1,0.555555555555556
0,1,0.458333333333333
0,1,0.446969696969697
1,1,0.1
0,1,0.223484848484849
0,1,0.430555555555556
0,1,0.622474747474748
0,1,0.402777777777778
1,1,0.5625
0,1,0.291666666666667
0,1,0.319444444444444
0,1,0.555555555555556
0,1,0.347222222222222
1,1,0.35
0,1,0.476851851851852
1,1,0.461363636363636
0,1,0.328282828282828
0,1,0.777777777777778
0,1,0.666666666666667
0,1,0.708333333333333
0,1,0.347222222222222
0,1,0.708333333333333
1,1,0.325
0,1,0.742424242424242
0,1,0.742424242424242
0,1,0.666666666666667
0,1,0.555555555555556
0,1,0.722222222222222
1,1,0.236363636363636
0,1,0.375
1,1,0.688888888888889
0,1,0.333333333333333
0,1,0.48989898989899
0,1,0.694444444444444
0,1,0.638888888888889
0,1,0.777777777777778
0,1,0.444444444444444
0,1,0.625
1,1,0.2875
0,1,0.347222222222222
0,1,0.583333333333333
1,1,0.375
1,1,0.5
1,1,0.675
0,1,0.569444444444445
0,1,0.694444444444445
0,1,0.722222222222222
0,1,0.744949494949495
0,1,0.638888888888889
0,1,0.638888888888889
1,1,0.675
0,1,0.75
0,1,0.621212121212121
1,1,0.652272727272727
0,1,0.611111111111111
0,1,0.555555555555556
0,1,0.430555555555556
0,1,0.611111111111111
0,1,0.638888888888889
0,1,0.583333333333333
0,1,0.523989898989899
1,1,0.6
0,1,0.607323232323232
0,1,0.638888888888889
0,1,0.555555555555556
0,1,0.527777777777778
1,1,0.475
1,1,0.525
0,1,0.402777777777778
0,1,0.607323232323232
1,1,0.668181818181818
1,1,0.575
0,1,0.555555555555556
0,1,0.583333333333333
0,1,0.638888888888889
1,1,0.3875
0,1,0.472222222222222
1,1,0.65
1,1,0.283333333333333
0,1,0.611111111111111
0,1,0.638888888888889
0,1,0.513888888888889
0,1,0.472222222222222
0,1,0.625
0,1,0.634259259259259
0,1,0.583333333333333
0,1,0.263888888888889
0,1,0.583333333333333
0,1,0.458333333333333
0,1,0.583333333333333
0,1,0.638888888888889
0,1,0.611111111111111
0,1,0.527777777777778
1,1,0.575
1,1,0.55
0,1,0.583333333333333
1,1,0.475
0,1,0.638888888888889
0,1,0.5
0,1,0.444444444444444
1,1,0.35
0,1,0.527777777777778
0,1,0.611111111111111
0,1,0.333333333333333
0,1,0.638888888888889
1,1,0.45
0,1,0.513888888888889
0,1,0.694444444444444
1,1,0.4875
0,1,0.333333333333333
0,1,0.416666666666667
0,1,0.375
0,1,0.430555555555556
0,1,0.347222222222222
0,1,0.486111111111111
0,1,0.194444444444444
0,1,0.319444444444444
0,1,0.611111111111111
0,1,0.359848484848485
0,1,0.566919191919192
0,1,0.694444444444444
0,1,0.555555555555556
1,1,0.475
1,1,0.55
0,1,0.621212121212121
0,1,0.625
0,1,0.402777777777778
1,1,0.469318181818182
1,1,0.725
0,1,0.722222222222222
0,1,0.777777777777778
1,1,0.5625
0,1,0.631313131313131
1,1,0.35
0,1,0.888888888888889
0,1,0.486111111111111
0,1,0.583333333333333
0,1,0.888888888888889
0,1,0.808080808080808
0,1,0.472222222222222
0,1,0.666666666666667
0,1,0.861111111111111
0,1,0.777777777777778
0,1,0.694444444444445
0,1,0.541666666666667
0,1,0.625
1,1,0.681818181818182
0,1,0.638888888888889
0,1,0.740740740740741
0,1,0.805555555555556
1,1,0.5625
0,1,0.666666666666667
0,1,0.808080808080808
0,1,0.819444444444444
0,1,0.888888888888889
0,1,0.694444444444445
0,1,0.680555555555556
0,1,0.777777777777778
0,1,0.805555555555556
1,1,0.65
1,1,0.39
1,1,0.55
0,1,0.652777777777778
1,1,0.625
1,1,0.345833333333333
0,1,0.638888888888889
0,1,0.805555555555556
0,1,0.444444444444444
1,1,0.3375
0,1,0.75
0,1,0.657407407407407
0,1,0.666666666666667
1,1,0.6625
0,1,0.694444444444445
1,1,0.65
1,1,0.7
0,1,0.375
0,1,0.426767676767677
0,1,0.680555555555556
0,1,0.597222222222222
0,1,0.763888888888889
1,1,0.425
0,1,0.666666666666667
1,1,0.691666666666667
0,1,0.722222222222222
0,1,0.814814814814815
0,1,0.736111111111111
0,1,0.689814814814815
0,1,0.763888888888889
0,1,0.475
0,1,0.527777777777778
0,1,0.611111111111111
0,1,0.575
0,1,0.833333333333333
0,1,0.347222222222222
0,1,0.833333333333333
0,1,0.708333333333333
0,1,0.416666666666667
0,1,0.756313131313131
0,1,0.755050505050505
0,1,0.53030303030303
0,1,0.777777777777778
1,1,0.653409090909091
0,1,0.638888888888889
0,1,0.375
1,1,0.403409090909091
1,1,0.475
0,1,0.506313131313131
1,1,0.25
0,1,0.597222222222222
0,1,0.611111111111111
0,1,0.305555555555556
0,1,0.611111111111111
0,1,0.513888888888889
1,1,0.5
0,1,0.569444444444444
0,1,0.611111111111111
0,1,0.638888888888889
1,1,0.425
0,1,0.472222222222222
1,1,0.55
1,1,0.575
1,1,0.425
1,1,0.4125
0,1,0.416666666666667
0,1,0.247474747474747
0,1,0.666666666666667
1,1,0.2875
0,1,0.305555555555556
1,1,0.4375
1,1,0.4125
1,1,0.675
0,1,0.722222222222222
0,1,0.722222222222222
0,1,0.527777777777778
0,1,0.5
1,1,0.6375
1,1,0.492045454545455
0,1,0.648148148148148
0,1,0.590909090909091
0,1,0.472222222222222
0,1,0.666666666666667
0,1,0.638888888888889
0,1,0.666666666666667
1,1,0.675
0,1,0.666666666666667
0,1,0.638888888888889
0,1,0.319444444444444
0,1,0.486111111111111
0,1,0.759259259259259
0,1,0.722222222222222
1,1,0.5
0,1,0.638888888888889
0,1,0.583333333333333
0,1,0.752525252525252
0,1,0.611111111111111
0,1,0.722222222222222
0,1,0.732323232323232
1,1,0.6
0,1,0.611111111111111
0,1,0.762626262626263
0,1,0.722222222222222
0,1,0.416666666666667
0,1,0.583333333333333
0,1,0.625
1,1,0.525
1,1,0.4625
0,1,0.503787878787879
0,1,0.492424242424242
1,1,0.6
0,1,0.486111111111111
0,1,0.440656565656566
0,1,0.486111111111111
0,1,0.597222222222222
0,1,0.627525252525252
0,1,0.277777777777778
0,1,0.486111111111111
0,1,0.569444444444444
0,1,0.458333333333333
0,1,0.585858585858586
0,1,0.463383838383838
0,1,0.694444444444444
0,1,0.736111111111111
0,1,0.361111111111111
0,1,0.416666666666667
0,1,0.361111111111111
1,1,0.388636363636364
0,1,0.5
0,1,0.597222222222222
0,1,0.597222222222222
0,1,0.722222222222222
0,1,0.638888888888889
0,1,0.777777777777778
0,1,0.638888888888889
0,1,0.666666666666667
0,1,0.583333333333333
0,1,0.402777777777778
0,1,0.455808080808081
0,1,0.402777777777778
1,1,0.355
0,1,0.630555555555556
1,1,0.325
0,1,0.680555555555556
1,1,0.395833333333333
1,1,0.45
0,1,0.541666666666667
1,1,0.35
0,1,0.611111111111111
0,1,0.492424242424242
0,1,0.648148148148148
0,1,0.444444444444444
0,1,0.430555555555556
0,1,0.652777777777778
0,1,0.498737373737374
0,1,0.430555555555556
0,1,0.458333333333333
0,1,0.680555555555556
0,1,0.492424242424242
0,1,0.388888888888889
0,1,0.791666666666667
0,1,0.430555555555556
1,1,0.4875
0,1,0.638888888888889
0,1,0.5
1,1,0.290909090909091
0,1,0.375
0,1,0.555555555555556
1,1,0.3375
0,1,0.333333333333333
0,1,0.677777777777778
0,1,0.291666666666667
0,1,0.680555555555556
1,1,0.225
0,1,0.694444444444444
1,1,0.475
0,1,0.608333333333333
0,1,0.438131313131313
0,1,0.62962962962963
0,1,0.375
0,1,0.446969696969697
0,1,0.666666666666667
0,1,0.458333333333333
0,1,0.555555555555556
0,1,0.513888888888889
0,1,0.466049382716049
0,1,0.569444444444444
0,1,0.583333333333333
0,1,0.592592592592593
0,1,0.513888888888889
0,1,0.486111111111111
0,1,0.796296296296296
0,1,0.541666666666667
0,1,0.409090909090909
0,1,0.75
1,1,0.554545454545455
0,1,0.351851851851852
0,1,0.458333333333333
1,1,0.2
0,1,0.361111111111111
0,1,0.319444444444444
0,1,0.416666666666667
1,1,0.285227272727273
0,1,0.40530303030303
0,1,0.583333333333333
0,1,0.638888888888889
0,1,0.430555555555556
1,1,0.267045454545455
0,1,0.333333333333333
0,1,0.75
0,1,0.533333333333333
0,1,0.361111111111111
0,1,0.75
1,1,0.3625
0,1,0.652777777777778
0,1,0.513888888888889
0,1,0.444444444444444
0,1,0.555555555555556
0,1,0.680555555555556
0,1,0.666666666666667
0,1,0.416666666666667
1,1,0.5025
1,1,0.593181818181818
0,1,0.611111111111111
1,1,0.3125
0,1,0.463383838383838
0,1,0.638888888888889
0,1,0.638888888888889
0,1,0.694444444444444
1,1,0.45
0,1,0.388888888888889
0,1,0.513888888888889
1,1,0.15
0,1,0.638888888888889
1,1,0.4125
0,1,0.444444444444444
1,1,0.575
1,1,0.325
0,1,0.486111111111111
0,1,0.236111111111111
0,1,0.352777777777778
0,1,0.34469696969697
0,1,0.611111111111111
1,1,0.275
0,1,0.555555555555556
1,1,0.2
0,1,0.666666666666667
0,1,0.694444444444444
0,1,0.625
0,1,0.611111111111111
0,1,0.656565656565657
0,1,0.444444444444444
1,1,0.3375
0,1,0.351851851851852
1,1,0.25
0,1,0.388888888888889
1,1,0.625
0,1,0.347222222222222
0,1,0.652777777777778
0,1,0.597222222222222
0,1,0.563131313131313
0,1,0.5
0,1,0.597222222222222
0,1,0.583333333333333
0,1,0.344444444444444
0,1,0.272727272727273
0,1,0.333333333333333
0,1,0.376262626262626
0,1,0.722222222222222
0,1,0.377525252525253
1,1,0.5
0,1,0.532407407407407
1,1,0.1875
0,1,0.402777777777778
0,1,0.358585858585859
1,1,0.2625
1,1,0.25
0,1,0.486111111111111
0,1,0.569444444444444
1,1,0.3625
1,1,0.426136363636364
1,1,0.4
1,1,0.270454545454545
0,1,0.207070707070707
0,1,0.25
0,1,0.444444444444444
1,1,0.286363636363636
0,1,0.424242424242424
1,1,0.4125
0,1,0.392676767676768
1,1,0.3875
0,1,0.291666666666667
0,1,0.152777777777778
0,1,0.305555555555556
0,1,0.505050505050505
0,1,0.359848484848485
1,1,0.428409090909091
0,1,0.583333333333333
1,1,0.32
1,1,0.3825
0,1,0.412878787878788
1,1,0.3
0,1,0.555555555555556
0,1,0.5
1,1,0.304545454545455
0,1,0.263888888888889
0,1,0.643518518518518
0,1,0.208333333333333
0,1,0.381313131313131
0,1,0.166666666666667
0,1,0.25
1,1,0.5325
1,1,0.1375
0,1,0.222222222222222
0,1,0.297979797979798
1,1,0.35
1,1,0.3875
1,1,0.298863636363636
0,1,0.694444444444444
0,1,0.166666666666667
0,1,0.361111111111111
0,1,0.680555555555556
0,1,0.583333333333333
0,1,0.388888888888889
0,1,0.666666666666667
1,1,0.2625
0,1,0.361111111111111
0,1,0.611111111111111
0,1,0.597222222222222
1,1,0.290909090909091
0,1,0.411111111111111
0,1,0.277777777777778
1,1,0.33
0,1,0.638888888888889
0,1,0.527777777777778
0,1,0.689393939393939
0,1,0.541666666666667
0,1,0.611111111111111
0,1,0.555555555555556
0,1,0.472222222222222
1,1,0.5
0,1,0.757575757575758
0,1,0.527777777777778
0,1,0.277777777777778
0,1,0.277777777777778
0,1,0.652777777777778
0,1,0.388888888888889
0,1,0.248737373737374
0,1,0.593434343434343
0,1,0.638888888888889
1,1,0.325
1,1,0.278409090909091
0,1,0.196969696969697
0,1,0.458333333333333
0,1,0.180555555555556
0,1,0.486111111111111
0,1,0.638888888888889
0,1,0.666666666666667
0,1,0.416666666666667
0,1,0.736111111111111
0,1,0.597222222222222
1,1,0.4
1,1,0.296590909090909
0,1,0.208333333333333
0,1,0.388888888888889
0,1,0.5
0,1,0.472222222222222
0,1,0.652777777777778
0,1,0.638888888888889
1,1,0.625
1,1,0.525
0,1,0.630555555555556
1,1,0.425
0,1,0.513888888888889
0,1,0.5
0,1,0.625
0,1,0.777777777777778
0,1,0.458333333333333
0,1,0.611111111111111
0,1,0.777777777777778
0,1,0.75
0,1,0.469444444444444
0,1,0.513888888888889
1,1,0.6875
0,1,0.75
0,1,0.777777777777778
0,1,0.777777777777778
1,1,0.6625
0,1,0.666666666666667
0,1,0.694444444444445
0,1,0.777777777777778
0,1,0.694444444444445
0,1,0.722222222222222
0,1,0.708333333333333
0,1,0.694444444444445
0,1,0.805555555555556
0,1,0.694444444444445
0,1,0.666666666666667
1,1,0.4875
0,1,0.444444444444444
0,1,0.513888888888889
0,1,0.666666666666667
1,1,0.625
0,1,0.833333333333333
0,1,0.49537037037037
1,1,0.425
0,1,0.638888888888889
0,1,0.611111111111111
0,1,0.694444444444444
0,1,0.472222222222222
0,1,0.611111111111111
0,1,0.722222222222222
0,1,0.513888888888889
0,1,0.694444444444444
0,1,0.694444444444444
0,1,0.555555555555556
0,1,0.527777777777778
0,1,0.458333333333333
1,1,0.475
1,1,0.475
1,1,0.525
0,1,0.583333333333333
0,1,0.583333333333333
0,1,0.555555555555556
1,1,0.5
0,1,0.638888888888889
1,1,0.4
1,1,0.4125
1,1,0.525
1,1,0.55
1,1,0.575
1,1,0.425
0,1,0.611111111111111
0,1,0.583333333333333
1,1,0.4375
0,1,0.638888888888889
1,1,0.475
0,1,0.611111111111111
1,1,0.5
1,1,0.4625
0,1,0.444444444444444
0,1,0.722222222222222
0,1,0.541666666666667
0,1,0.541666666666667
0,1,0.666666666666667
0,1,0.638888888888889
0,1,0.5
0,1,0.75
1,1,0.6
0,1,0.583333333333333
0,1,0.555555555555556
0,1,0.527777777777778
1,1,0.5125
0,1,0.666666666666667
0,1,0.777777777777778
0,1,0.638888888888889
0,1,0.555555555555556
0,1,0.277777777777778
0,1,0.611111111111111
1,1,0.3375
0,1,0.611111111111111
1,1,0.475
1,1,0.55
0,1,0.666666666666667
0,1,0.611111111111111
1,1,0.4125
0,1,0.513888888888889
1,1,0.5
1,1,0.575
0,1,0.486111111111111
1,1,0.5
0,1,0.583333333333333
0,1,0.444444444444444
0,1,0.486111111111111
0,1,0.666666666666667
0,1,0.361111111111111
0,1,0.416666666666667
1,1,0.55
0,1,0.444444444444444
0,1,0.555555555555556
0,1,0.444444444444444
0,1,0.583333333333333
0,1,0.527777777777778
0,1,0.611111111111111
0,1,0.805555555555556
1,1,0.575
1,1,0.375
0,1,0.611111111111111
0,1,0.569444444444444
0,1,0.583333333333333
0,1,0.611111111111111
1,1,0.4375
0,1,0.351851851851852
0,1,0.402777777777778
0,1,0.722222222222222
1,1,0.325
0,1,0.638888888888889
1,1,0.4375
1,1,0.45
0,1,0.458333333333333
0,1,0.694444444444444
0,1,0.444444444444444
0,1,0.65530303030303
1,1,0.3875
0,1,0.638888888888889
1,1,0.3875
0,1,0.430555555555556
0,1,0.616161616161616
0,1,0.722222222222222
0,1,0.361111111111111
1,1,0.625
0,1,0.345679012345679
1,1,0.625
1,1,0.5375
1,1,0.75
0,1,0.555555555555556
0,1,0.5
0,1,0.347222222222222
0,1,0.222222222222222
0,1,0.481481481481482
0,1,0.638888888888889
0,1,0.555555555555556
0,1,0.388888888888889
1,1,0.575
0,1,0.555555555555556
1,1,0.2875
0,1,0.671717171717172
0,1,0.555555555555556
0,1,0.426767676767677
0,1,0.277777777777778
1,1,0.525
1,1,0.6375
0,1,0.611111111111111
0,1,0.541666666666667
1,1,0.15
0,1,0.155555555555556
1,1,0.6125
0,1,0.608585858585859
0,1,0.458333333333333
0,1,0.35
0,1,0.208333333333333
0,1,0.5
0,1,0.652777777777778
0,1,0.625
0,1,0.75
0,1,0.638888888888889
1,1,0.2875
0,1,0.611111111111111
1,1,0.375
0,1,0.305555555555556
1,1,0.629166666666667
0,1,0.5
0,1,0.484848484848485
0,1,0.513888888888889
0,1,0.597222222222222
0,1,0.611111111111111
0,1,0.611111111111111
0,1,0.361111111111111
0,1,0.527777777777778
1,1,0.275
1,1,0.3375
0,1,0.555555555555556
0,1,0.236111111111111
0,1,0.708333333333333
0,1,0.5
0,1,0.555555555555556
1,1,0.2
0,1,0.40530303030303
0,1,0.194444444444444
1,1,0.475
1,1,0.4
0,1,0.539141414141414
0,1,0.777777777777778
1,1,0.425
0,1,0.444444444444444
0,1,0.65
0,1,0.527777777777778
0,1,0.666666666666667
0,1,0.402777777777778
0,1,0.314393939393939
0,1,0.611111111111111
0,1,0.638888888888889
1,1,0.539772727272727
0,1,0.527777777777778
0,1,0.564814814814815
0,1,0.333333333333333
0,1,0.888888888888889
0,1,0.703703703703704
0,1,0.5
0,1,0.513888888888889
0,1,0.680555555555556
0,1,0.888888888888889
0,1,0.666666666666667
0,1,0.708333333333333
0,1,0.583333333333333
0,1,0.569444444444445
0,1,0.666666666666667
0,1,0.597222222222222
0,1,0.819444444444444
1,1,0.3125
0,1,0.888888888888889
0,1,0.756313131313131
0,1,0.657407407407407
0,1,0.666666666666667
0,1,0.47979797979798
0,1,0.888888888888889
0,1,0.444444444444444
1,1,0.6875
0,1,0.527777777777778
0,1,0.652777777777778
0,1,0.888888888888889
0,1,0.694444444444445
0,1,0.638888888888889
0,1,0.75
0,1,0.699074074074074
1,1,0.4
0,1,0.694444444444445
0,1,0.722222222222222
0,1,0.805555555555556
0,1,0.472222222222222
1,1,0.525
0,1,0.638888888888889
0,1,0.694444444444445
0,1,0.722222222222222
0,1,0.555555555555556
0,1,0.833333333333333
1,1,0.45
0,1,0.694444444444445
1,1,0.35
0,1,0.666666666666667
0,1,0.75
0,1,0.694444444444445
0,1,0.736111111111111
0,1,0.530555555555556
0,1,0.611111111111111
1,1,0.7
0,1,0.814814814814815
0,1,0.694444444444445
0,1,0.694444444444445
0,1,0.694444444444445
0,1,0.766414141414141
0,1,0.818181818181818
0,1,0.625
0,1,0.805555555555556
0,1,0.472222222222222
0,1,0.722222222222222
0,1,0.680555555555556
0,1,0.722222222222222
1,1,0.725
0,1,0.416666666666667
1,1,0.4625
1,1,0.45
0,1,0.638888888888889
1,1,0.75
0,1,0.638888888888889
0,1,0.833333333333333
0,1,0.541666666666667
0,1,0.527777777777778
0,1,0.694444444444445
0,1,0.555555555555556
0,1,0.472222222222222
0,1,0.722222222222222
1,1,0.5375
1,1,0.559090909090909
0,1,0.569444444444445
0,1,0.703703703703704
0,1,0.722222222222222
0,1,0.736111111111111
0,1,0.555555555555556
0,1,0.541666666666667
0,1,0.611111111111111
0,1,0.75
0,1,0.652777777777778
0,1,0.666666666666667
0,1,0.75
0,1,0.666666666666667
0,1,0.736111111111111
0,1,0.828282828282828
0,1,0.704545454545455
0,1,0.513888888888889
0,1,0.833333333333333
0,1,0.833333333333333
1,1,0.8
1,1,0.7
0,1,0.861111111111111
0,1,0.722222222222222
0,1,0.736111111111111
0,1,0.736111111111111
0,1,0.680555555555556
0,1,0.736111111111111
0,1,0.805555555555556
0,1,0.361111111111111
0,1,0.814814814814815
0,1,0.722222222222222
0,1,0.805555555555556
0,1,0.722222222222222
0,1,0.722222222222222
0,1,0.513888888888889
0,1,0.694444444444445
0,1,0.486111111111111
0,1,0.680555555555556
0,1,0.722222222222222
0,1,0.888888888888889
0,1,0.652777777777778
0,1,0.527777777777778
0,1,0.75
0,1,0.694444444444445
0,1,0.611111111111111
1,1,0.766666666666667
0,1,0.5
0,1,0.708333333333333
0,1,0.805555555555556
1,1,0.5
0,1,0.648148148148148
0,1,0.699074074074074
0,1,0.666666666666667
0,1,0.694444444444445
0,1,0.666666666666667
0,1,0.777777777777778
0,1,0.722222222222222
0,1,0.666666666666667
0,1,0.722222222222222
0,1,0.569444444444445
0,1,0.75
0,1,0.638888888888889
1,1,0.7125
0,1,0.814814814814815
0,1,0.777777777777778
0,1,0.527777777777778
0,1,0.683080808080808
0,1,0.75
1,1,0.6625
0,1,0.767676767676768
1,1,0.7025
0,1,0.611111111111111
0,1,0.638888888888889
1,1,0.465909090909091
0,1,0.777777777777778
0,1,0.633333333333333
0,1,0.648148148148148
0,1,0.666666666666667
0,1,0.805555555555556
0,1,0.486111111111111
0,1,0.560606060606061
0,1,0.5
0,1,0.847222222222222
1,1,0.6625
0,1,0.785353535353535
0,1,0.638888888888889
1,1,0.425
0,1,0.513888888888889
0,1,0.416666666666667
0,1,0.416666666666667
1,1,0.625
0,1,0.361111111111111
0,1,0.611111111111111
0,1,0.583333333333333
1,1,0.2875
0,1,0.583333333333333
0,1,0.611111111111111
0,1,0.638888888888889
1,1,0.425
1,1,0.45
0,1,0.388888888888889
0,1,0.458333333333333
1,1,0.5375
0,1,0.611111111111111
0,1,0.458333333333333
0,1,0.486111111111111
1,1,0.325
1,1,0.3125
0,1,0.583333333333333
0,1,0.555555555555556
0,1,0.589646464646465
0,1,0.75
0,1,0.717592592592593
0,1,0.527777777777778
1,1,0.4375
0,1,0.5
0,1,0.611111111111111
1,1,0.375
0,1,0.661616161616162
0,1,0.611111111111111
0,1,0.555555555555556
0,1,0.638888888888889
0,1,0.722222222222222
0,1,0.75
1,1,0.575
0,1,0.708333333333333
0,1,0.564814814814815
1,1,0.45
1,1,0.4425
0,1,0.611111111111111
0,1,0.267676767676768
0,1,0.430555555555556
1,1,0.65
0,1,0.75
1,1,0.481818181818182
1,1,0.498863636363636
0,1,0.527777777777778
0,1,0.722222222222222
0,1,0.472222222222222
0,1,0.555555555555556
0,1,0.559343434343434
0,1,0.638888888888889
0,1,0.763888888888889
0,1,0.694444444444444
1,1,0.325
0,1,0.625
0,1,0.611111111111111
0,1,0.458333333333333
0,1,0.433080808080808
0,1,0.708333333333333
0,1,0.694444444444444
0,1,0.694444444444444
0,1,0.65
0,1,0.691919191919192
0,1,0.777777777777778
0,1,0.751262626262626
0,1,0.75
0,1,0.611111111111111
0,1,0.416666666666667
0,1,0.777777777777778
0,1,0.777777777777778
0,1,0.75
0,1,0.666666666666667
1,1,0.625
0,1,0.691666666666667
0,1,0.666666666666667
0,1,0.49537037037037
1,1,0.481818181818182
0,1,0.736111111111111
0,1,0.5
1,1,0.5125
1,1,0.417045454545455
0,1,0.5
0,1,0.694444444444444
1,1,0.315909090909091
0,1,0.680555555555556
0,1,0.638888888888889
0,1,0.597222222222222
0,1,0.638888888888889
0,1,0.527777777777778
1,1,0.583333333333333
0,1,0.583333333333333
0,1,0.527777777777778
0,1,0.611111111111111
0,1,0.555555555555556
0,1,0.513888888888889
0,1,0.569444444444444
0,1,0.458333333333333
0,1,0.597222222222222
0,1,0.666666666666667
0,1,0.638888888888889
0,1,0.712121212121212
0,1,0.583333333333333
0,1,0.638888888888889
0,1,0.513888888888889
0,1,0.733333333333333
0,1,0.744444444444444
0,1,0.555555555555556
0,1,0.666666666666667
1,1,0.4375
1,1,0.65
1,1,0.575
0,1,0.685185185185185
0,1,0.666666666666667
0,1,0.597222222222222
0,1,0.5
0,1,0.347222222222222
0,1,0.694444444444444
0,1,0.375
0,1,0.638888888888889
0,1,0.583333333333333
0,1,0.486111111111111
1,1,0.25
0,1,0.597222222222222
0,1,0.523989898989899
0,1,0.402777777777778
0,1,0.583333333333333
0,1,0.361111111111111
0,1,0.583333333333333
0,1,0.284090909090909
0,1,0.486111111111111
0,1,0.694444444444444
0,1,0.625
0,1,0.75
1,1,0.579166666666667
0,1,0.595959595959596
0,1,0.680555555555556
1,1,0.4
1,1,0.425
0,1,0.606481481481482
0,1,0.305555555555556
0,1,0.5
1,1,0.470833333333333
0,1,0.5
0,1,0.486111111111111
0,1,0.75
0,1,0.236111111111111
1,1,0.675
1,1,0.375
0,1,0.388888888888889
0,1,0.54040404040404
0,1,0.527777777777778
0,1,0.527777777777778
1,1,0.4
0,1,0.478535353535354
0,1,0.444444444444444
1,1,0.367045454545455
0,1,0.32449494949495
1,1,0.483333333333333
0,1,0.222222222222222
0,1,0.722222222222222
0,1,0.777777777777778
0,1,0.291666666666667
0,1,0.305555555555556
0,1,0.47979797979798
0,1,0.541666666666667
1,1,0.575
0,1,0.361111111111111
0,1,0.277777777777778
1,1,0.3625
0,1,0.62962962962963
0,1,0.652777777777778
0,1,0.666666666666667
0,1,0.688888888888889
0,1,0.375
1,1,0.3075
1,1,0.35
0,1,0.488636363636364
0,1,0.625
0,1,0.722222222222222
0,1,0.703703703703704
0,1,0.583333333333333
0,1,0.402777777777778
1,1,0.246590909090909
1,1,0.395833333333333
0,1,0.402777777777778
0,1,0.5
0,1,0.458333333333333
0,1,0.597222222222222
0,1,0.291666666666667
1,1,0.4375
0,1,0.569444444444444
0,1,0.583333333333333
0,1,0.666666666666667
0,1,0.722222222222222
0,1,0.458333333333333
0,1,0.722222222222222
0,1,0.611111111111111
0,1,0.351851851851852
0,1,0.67550505050505
0,1,0.611111111111111
0,1,0.481060606060606
0,1,0.375
0,1,0.375
0,1,0.305555555555556
0,1,0.458333333333333
0,1,0.347222222222222
0,1,0.513888888888889
1,1,0.384090909090909
0,1,0.361111111111111
1,1,0.2375
0,1,0.652777777777778
0,1,0.666666666666667
0,1,0.393939393939394
0,1,0.363636363636364
0,1,0.583333333333333
0,1,0.447222222222222
0,1,0.416666666666667
0,1,0.527777777777778
0,1,0.583333333333333
0,1,0.625
0,1,0.563131313131313
0,1,0.319444444444444
0,1,0.51010101010101
0,1,0.40530303030303
0,1,0.430555555555556
0,1,0.342592592592593
1,1,0.6875
0,1,0.25
0,1,0.5
0,1,0.75
1,1,0.575
0,1,0.555555555555556
0,1,0.583333333333333
0,1,0.805555555555556
0,1,0.722222222222222
1,1,0.443181818181818
0,1,0.277777777777778
0,1,0.25
0,1,0.694444444444444
0,1,0.333333333333333
1,1,0.625
0,1,0.481060606060606
1,1,0.488636363636364
0,1,0.347222222222222
0,1,0.430555555555556
0,1,0.611111111111111
0,1,0.448232323232323
0,1,0.388888888888889
0,1,0.388888888888889
0,1,0.694444444444444
0,1,0.402777777777778
0,1,0.508838383838384
0,1,0.439814814814815
0,1,0.39520202020202
1,1,0.310227272727273
0,1,0.25
0,1,0.243686868686869
0,1,0.611111111111111
1,1,0.5125
1,1,0.17
0,1,0.125
0,1,0.722222222222222
1,1,0.243181818181818
0,1,0.394444444444444
0,1,0.537037037037037
0,1,0.279040404040404
0,1,0.375
0,1,0.458333333333333
0,1,0.541666666666667
0,1,0.472222222222222
0,1,0.266666666666667
0,1,0.666666666666667
1,1,0.242045454545455
1,1,0.6
0,1,0.333333333333333
0,1,0.333333333333333
0,1,0.444444444444444
0,1,0.51010101010101
0,1,0.597222222222222
0,1,0.263888888888889
0,1,0.551767676767677
0,1,0.402777777777778
0,1,0.402777777777778
0,1,0.608585858585859
1,1,0.334090909090909
0,1,0.352777777777778
0,1,0.492424242424242
1,1,0.5375
0,1,0.531565656565657
0,1,0.583333333333333
1,1,0.266666666666667
0,1,0.621212121212121
1,1,0.325
0,1,0.75
0,1,0.777777777777778
0,1,0.569444444444444
1,1,0.525
0,1,0.625
0,1,0.722222222222222
0,1,0.381313131313131
0,1,0.466666666666667
0,1,0.472222222222222
1,1,0.454166666666667
0,1,0.486111111111111
0,1,0.638888888888889
0,1,0.66540404040404
0,1,0.652777777777778
0,1,0.527777777777778
1,1,0.376136363636364
0,1,0.62962962962963
0,1,0.527777777777778
1,1,0.6
0,1,0.375
0,1,0.388888888888889
0,1,0.638888888888889
0,1,0.430555555555556
1,1,0.318181818181818
1,1,0.125
0,1,0.319444444444444
0,1,0.380050505050505
0,1,0.496212121212121
0,1,0.402777777777778
1,1,0.4875
0,1,0.62962962962963
1,1,0.575
1,1,0.3625
0,1,0.438131313131313
0,1,0.25
0,1,0.611111111111111
0,1,0.194444444444444
0,1,0.541666666666667
1,1,0.5
0,1,0.430555555555556
0,1,0.263888888888889
0,1,0.333333333333333
1,1,0.375
0,0,0.930555555555556
0,1,0.592592592592593
0,1,0.828282828282828
0,1,0.410353535353535
1,1,0.525
1,1,0.525
0,1,0.388888888888889
0,1,0.722222222222222
1,1,0.5
0,1,0.402777777777778
0,1,0.222222222222222
0,1,0.291666666666667
0,1,0.5
0,1,0.53030303030303
0,1,0.555555555555556
0,1,0.361111111111111
0,1,0.5
0,1,0.680555555555556
1,1,0.65
0,1,0.569444444444445
1,1,0.35
0,1,0.75
0,1,0.652777777777778
0,1,0.648148148148148
0,1,0.777777777777778
0,1,0.638888888888889
0,1,0.400252525252525
0,1,0.694444444444444
0,1,0.611111111111111
0,1,0.638888888888889
0,1,0.375
0,1,0.638888888888889
0,1,0.347222222222222
0,1,0.597222222222222
0,1,0.569444444444444
1,1,0.425
0,1,0.458333333333333
1,1,0.5125
0,1,0.611111111111111
0,1,0.777777777777778
0,1,0.611111111111111
0,1,0.583333333333333
0,1,0.486111111111111
0,1,0.505050505050505
0,1,0.694444444444444
0,1,0.583333333333333
0,1,0.5
0,1,0.380050505050505
0,1,0.666666666666667
0,1,0.611111111111111
1,1,0.475
0,1,0.555555555555556
1,1,0.35
0,1,0.472222222222222
0,1,0.486111111111111
1,1,0.4125
0,1,0.347222222222222
0,1,0.666666666666667
0,1,0.638888888888889
0,1,0.638888888888889
0,1,0.513888888888889
0,1,0.527777777777778
0,1,0.319444444444444
0,1,0.5
0,1,0.555555555555556
0,1,0.513888888888889
0,1,0.638888888888889
0,1,0.0555555555555555
0,1,0.333333333333333
0,1,0.402777777777778
0,1,0.583333333333333
0,1,0.319444444444444
0,1,0.277777777777778
0,1,0.583333333333333
0,1,0.375
0,1,0.375
0,1,0.583333333333333
0,1,0.305555555555556
1,1,0.254545454545455
1,1,0.370454545454545
0,1,0.583333333333333
0,1,0.583333333333333
0,1,0.305555555555556
0,1,0.388888888888889
0,1,0.444444444444444
0,1,0.5
0,1,0.527777777777778
0,1,0.333333333333333
0,1,0.388888888888889
0,1,0.5
0,1,0.694444444444444
0,1,0.458333333333333
0,1,0.611111111111111
0,1,0.611111111111111
0,1,0.486111111111111
0,1,0.472222222222222
1,1,0.618181818181818
1,1,0.3125
0,1,0.593434343434343
1,1,0.45
0,1,0.402777777777778
0,1,0.611111111111111
1,1,0.3875
0,1,0.472222222222222
0,1,0.513888888888889
0,1,0.555555555555556
0,1,0.555555555555556
0,1,0.555555555555556
0,1,0.347222222222222
0,1,0.361111111111111
0,1,0.527777777777778
1,1,0.4
0,1,0.416666666666667
0,1,0.416666666666667
0,1,0.527777777777778
0,1,0.496212121212121
1,1,0.45
0,1,0.472222222222222
0,1,0.319444444444444
0,1,0.352272727272727
0,1,0.518939393939394
0,1,0.5
0,1,0.472222222222222
1,1,0.2
0,1,0.444444444444444
1,1,0.55
0,1,0.555555555555556
0,1,0.611111111111111
0,1,0.236111111111111
1,1,0.5
0,1,0.444444444444444
1,1,0.325
0,1,0.277777777777778
1,1,0.425
0,1,0.222222222222222
0,1,0.416666666666667
0,1,0.472222222222222
0,1,0.347222222222222
0,1,0.388888888888889
0,1,0.606060606060606
0,1,0.5
0,1,0.388888888888889
1,1,0.2625
0,1,0.5
0,1,0.345959595959596
0,1,0.444444444444444
0,1,0.5
0,1,0.472222222222222
0,1,0.444444444444444
1,1,0.475
0,1,0.555555555555556
1,1,0.3625
0,1,0.333333333333333
0,1,0.347222222222222
0,1,0.444444444444444
0,1,0.388888888888889
0,1,0.347222222222222
0,1,0.236111111111111
0,1,0.444444444444444
1,1,0.3875
0,1,0.444444444444444
0,1,0.416666666666667
0,1,0.178030303030303
0,1,0.444444444444444
0,1,0.319444444444444
0,1,0.527777777777778
0,1,0.347222222222222
1,1,0.45
0,1,0.277777777777778
0,1,0.555555555555556
0,1,0.416666666666667
0,1,0.444444444444444
0,1,0.555555555555556
0,1,0.194444444444444
0,1,0.5
1,1,0.375
0,1,0.472222222222222
0,1,0.337121212121212
0,1,0.305555555555556
0,1,0.138888888888889
0,1,0.444444444444444
0,1,0.358585858585859
1,1,0.45
0,1,0.263888888888889
1,1,0.45
0,1,0.444444444444444
0,1,0.453282828282828
0,1,0.565656565656566
0,1,0.444444444444444
0,1,0.263888888888889
0,1,0.444444444444444
0,1,0.472222222222222
1,1,0.4
0,1,0.555555555555556
0,1,0.527777777777778
0,1,0.416666666666667
0,1,0.5
0,1,0.25
0,1,0.483585858585859
0,1,0.388888888888889
0,1,0.388888888888889
0,1,0.388888888888889
1,1,0.5125
0,1,0.583333333333333
0,1,0.527777777777778
1,1,0.3875
1,1,0.475
1,1,0.5
1,1,0.5
0,1,0.5
0,1,0.583333333333333
0,1,0.569444444444444
1,1,0.2
1,1,0.45
1,1,0.5
1,1,0.4375
0,1,0.611111111111111
0,1,0.583333333333333
0,1,0.472222222222222
0,1,0.356060606060606
0,1,0.666666666666667
0,1,0.468434343434343
0,1,0.449074074074074
0,1,0.388888888888889
0,1,0.430555555555556
0,1,0.527777777777778
0,1,0.527777777777778
0,1,0.472222222222222
0,1,0.506313131313131
1,1,0.15
0,1,0.527777777777778
0,1,0.458333333333333
1,1,0.4
0,1,0.5
0,1,0.5
0,1,0.5
0,1,0.5
0,1,0.402777777777778
0,1,0.388888888888889
1,1,0.275
0,1,0.416666666666667
0,1,0.458333333333333
1,1,0.4125
0,1,0.458333333333333
0,1,0.416666666666667
0,1,0.433080808080808
0,1,0.472222222222222
1,1,0.275
0,1,0.472222222222222
0,1,0.472222222222222
0,1,0.5
0,1,0.5
0,1,0.305555555555556
1,1,0.3375
0,1,0.5
0,1,0.527777777777778
0,1,0.236111111111111
0,1,0.444444444444444
0,1,0.416666666666667
0,1,0.291666666666667
1,1,0.425
0,1,0.444444444444444
0,1,0.388888888888889
0,1,0.234848484848485
0,1,0.333333333333333
0,1,0.333333333333333
0,1,0.472222222222222
0,1,0.375
1,1,0.425
0,1,0.333333333333333
1,1,0.3875
0,1,0.291666666666667
1,1,0.2625
1,1,0.3125
0,1,0.555555555555556
0,1,0.194444444444444
0,1,0.585858585858586
0,1,0.268518518518519
0,1,0.138888888888889
0,1,0.555555555555556
0,1,0.333333333333333
0,1,0.444444444444444
0,1,0.433080808080808
1,1,0.257954545454545
1,1,0.3625
0,1,0.361111111111111
0,1,0.255050505050505
0,1,0.666666666666667
0,1,0.527777777777778
0,1,0.527777777777778
1,1,0.4625
0,1,0.517676767676768
0,1,0.347222222222222
0,1,0.676767676767677
0,1,0.583333333333333
0,1,0.583333333333333
0,1,0.583333333333333
0,1,0.388888888888889
0,1,0.513888888888889
0,1,0.611111111111111
0,1,0.333333333333333
0,1,0.388888888888889
0,1,0.583333333333333
0,1,0.527777777777778
0,1,0.5
1,1,0.3875
1,1,0.475
0,1,0.611111111111111
0,1,0.555555555555556
0,1,0.375
0,1,0.583333333333333
0,1,0.638888888888889
0,1,0.243686868686869
1,1,0.5
1,1,0.525
0,1,0.402777777777778
0,1,0.430555555555556
0,1,0.444444444444444
0,1,0.416666666666667
0,1,0.555555555555556
0,1,0.416666666666667
0,1,0.361111111111111
1,1,0.494318181818182
1,1,0.3
0,1,0.444444444444444
0,1,0.291666666666667
0,1,0.291666666666667
0,1,0.444444444444444
0,1,0.125
0,1,0.333333333333333
0,1,0.375
0,1,0.472222222222222
0,1,0.5
1,1,0.275
1,1,0.375
0,1,0.444444444444444
1,1,0.45
0,1,0.458333333333333
0,1,0.444444444444444
0,1,0.527777777777778
0,1,0.375
1,1,0.323863636363636
1,1,0.4
0,1,0.430555555555556
1,1,0.275
0,1,0.527777777777778
0,1,0.555555555555556
1,1,0.225
0,1,0.194444444444444
0,1,0.244444444444444
0,1,0.5
1,1,0.3375
0,1,0.333333333333333
0,1,0.5
1,1,0.425
0,1,0.421717171717172
0,1,0.333333333333333
0,1,0.5
1,1,0.3875
0,1,0.464646464646465
0,1,0.444444444444444
0,1,0.375
1,1,0.425
0,1,0.472222222222222
0,1,0.305555555555556
0,1,0.333333333333333
1,1,0.3625
1,1,0.125
0,1,0.388888888888889
0,1,0.305555555555556
0,1,0.5
0,1,0.388888888888889
0,1,0.416666666666667
0,1,0.472222222222222
0,1,0.333333333333333
0,1,0.416666666666667
0,1,0.5
0,1,0.152777777777778
0,1,0.416666666666667
1,1,0.475
1,1,0.125
0,1,0.513888888888889
0,1,0.583333333333333
0,1,0.527777777777778
0,1,0.375
0,1,0.375
0,1,0.638888888888889
0,1,0.626262626262626
0,1,0.5
0,1,0.527777777777778
0,1,0.388888888888889
1,1,0.275
0,1,0.527777777777778
0,1,0.555555555555556
1,1,0.35
0,1,0.527777777777778
0,1,0.527777777777778
0,1,0.486111111111111
1,1,0.4
0,1,0.333333333333333
0,1,0.388888888888889
0,1,0.372474747474747
0,1,0.444444444444444
0,1,0.472222222222222
1,1,0.35
0,1,0.416666666666667
0,1,0.388888888888889
0,1,0.416666666666667
0,1,0.361111111111111
0,1,0.416666666666667
0,1,0.580808080808081
0,1,0.5
0,1,0.444444444444444
0,1,0.472222222222222
0,1,0.472222222222222
0,1,0.263888888888889
0,1,0.472222222222222
0,1,0.444444444444444
1,1,0.325
1,1,0.4
1,1,0.45
0,1,0.388888888888889
0,1,0.388888888888889
1,1,0.05
0,1,0.291666666666667
0,1,0.291666666666667
1,1,0.4
0,1,0.444444444444444
0,1,0.277777777777778
0,1,0.5
0,1,0.402777777777778
0,1,0.5
1,1,0.375
0,1,0.416666666666667
0,1,0.444444444444444
0,1,0.597222222222222
1,1,0.175
0,1,0.198232323232323
0,1,0.375
1,1,0.5
0,1,0.194444444444444
0,1,0.347222222222222
0,1,0.388888888888889
0,1,0.194444444444444
0,1,0.25
1,1,0.3125
0,1,0.472222222222222
0,1,0.472222222222222
0,1,0.5
1,1,0.6
0,1,0.458333333333333
0,1,0.472222222222222
0,1,0.597222222222222
0,1,0.583333333333333
0,1,0.722222222222222
0,1,0.583333333333333
0,1,0.472222222222222
0,1,0.583333333333333
0,1,0.611111111111111
1,1,0.2375
1,1,0.4125
0,1,0.583333333333333
1,1,0.595833333333333
1,1,0.7
0,1,0.541666666666667
0,1,0.555555555555556
0,1,0.375
0,1,0.611111111111111
1,1,0.3075
0,1,0.569444444444445
0,1,0.541666666666667
0,1,0.75
0,1,0.583333333333333
0,1,0.708333333333333
1,1,0.35
0,1,0.555555555555556
0,1,0.611111111111111
0,1,0.467171717171717
0,1,0.296296296296296
0,1,0.736111111111111
1,1,0.6
1,1,0.55
1,1,0.625
0,1,0.708333333333333
0,1,0.333333333333333
0,1,0.861111111111111
0,1,0.805555555555556
0,1,0.737373737373737
0,1,0.319444444444444
1,1,0.65
1,1,0.4125
1,1,0.6625
0,1,0.472222222222222
1,1,0.55
0,1,0.555555555555556
0,1,0.805555555555556
0,1,0.638888888888889
0,1,0.75
0,1,0.555555555555556
0,1,0.722222222222222
0,1,0.805555555555556
1,1,0.575
0,1,0.638888888888889
1,1,0.495833333333333
0,1,0.638888888888889
0,1,0.75
0,1,0.587962962962963
0,1,0.666666666666667
0,1,0.555555555555556
0,1,0.847222222222222
0,1,0.888888888888889
0,1,0.536616161616162
0,1,0.734848484848485
0,1,0.597222222222222
0,1,0.625
0,1,0.694444444444445
0,1,0.527777777777778
0,1,0.777777777777778
1,1,0.5675
0,1,0.420454545454545
0,1,0.805555555555556
1,1,0.5125
0,1,0.501262626262626
0,1,0.541666666666667
0,1,0.513888888888889
1,1,0.575
0,1,0.560185185185185
0,1,0.75
1,1,0.45
0,1,0.467592592592593
0,1,0.5
0,1,0.666666666666667
0,1,0.611111111111111
0,1,0.5
1,1,0.573863636363636
1,1,0.3
0,1,0.458333333333333
1,1,0.55
1,1,0.510227272727273
0,1,0.777777777777778
0,1,0.460858585858586
0,1,0.625
0,1,0.541666666666667
1,1,0.554545454545455
1,1,0.6625
1,1,0.405681818181818
1,1,0.4625
0,1,0.75
0,1,0.75
0,1,0.694444444444444
1,1,0.2875
0,1,0.541666666666667
0,1,0.611111111111111
0,1,0.486111111111111
0,1,0.444444444444444
0,1,0.444444444444444
0,1,0.666666666666667
0,1,0.391414141414141
1,1,0.4375
1,1,0.556818181818182
1,1,0.55
0,1,0.621212121212121
1,1,0.55
0,1,0.569444444444444
0,1,0.541666666666667
0,1,0.5
1,1,0.3
1,1,0.575
0,1,0.513888888888889
0,1,0.527777777777778
0,1,0.472222222222222
0,1,0.638888888888889
0,1,0.291666666666667
0,1,0.388888888888889
0,1,0.666666666666667
0,1,0.666666666666667
1,1,0.659090909090909
0,1,0.638888888888889
1,1,0.584090909090909
0,1,0.634259259259259
0,1,0.222222222222222
1,1,0.713636363636364
0,1,0.435185185185185
0,1,0.560185185185185
0,1,0.777777777777778
0,1,0.416666666666667
0,1,0.569444444444444
0,1,0.431818181818182
0,1,0.611111111111111
0,1,0.430555555555556
0,1,0.375
0,1,0.472222222222222
0,1,0.75
0,1,0.472222222222222
0,1,0.388888888888889
0,1,0.638888888888889
0,1,0.400252525252525
0,1,0.444444444444444
1,1,0.525
0,1,0.319444444444444
0,1,0.625
0,1,0.430555555555556
1,1,0.5375
0,1,0.694444444444444
0,1,0.433080808080808
0,1,0.416666666666667
0,1,0.62962962962963
0,1,0.625
1,1,0.375
0,1,0.625
0,1,0.375
1,1,0.55
1,1,0.302272727272727
0,1,0.498737373737374
0,1,0.64520202020202
0,1,0.611111111111111
0,1,0.5
0,1,0.402777777777778
0,1,0.261111111111111
0,1,0.444444444444444
0,1,0.619444444444444
0,1,0.625
0,1,0.5
1,1,0.3125
0,1,0.263888888888889
1,1,0.292045454545455
0,1,0.625
0,1,0.592592592592593
0,1,0.416666666666667
0,1,0.472222222222222
0,1,0.555555555555556
1,1,0.4375
0,1,0.262626262626263
0,1,0.277777777777778
1,1,0.55
0,1,0.263888888888889
0,1,0.444444444444444
0,1,0.363888888888889
0,1,0.52020202020202
0,1,0.582070707070707
0,1,0.388888888888889
0,1,0.680555555555556
1,1,0.373863636363636
0,1,0.417929292929293
0,1,0.347222222222222
0,1,0.402777777777778
0,1,0.472222222222222
0,1,0.402777777777778
0,1,0.583333333333333
0,1,0.527777777777778
0,1,0.597222222222222
0,1,0.638888888888889
1,1,0.35
0,1,0.55050505050505
0,1,0.583333333333333
0,1,0.666666666666667
0,1,0.472222222222222
1,1,0.475
1,1,0.330681818181818
0,1,0.527777777777778
0,1,0.277777777777778
0,1,0.740740740740741
0,1,0.513888888888889
0,1,0.546296296296296
0,1,0.25
0,1,0.551767676767677
1,1,0.292045454545455
0,1,0.377525252525253
1,1,0.3625
0,1,0.580808080808081
0,1,0.217171717171717
0,1,0.167929292929293
0,1,0.382575757575758
0,1,0.458333333333333
0,1,0.694444444444444
1,1,0.525
0,1,0.75
0,1,0.583333333333333
0,1,0.625
0,1,0.736111111111111
0,1,0.513888888888889
0,1,0.458333333333333
0,1,0.722222222222222
0,1,0.544191919191919
0,1,0.527777777777778
0,1,0.565656565656566
0,1,0.324074074074074
0,1,0.666666666666667
0,1,0.375
1,1,0.5
0,1,0.444444444444444
1,1,0.279166666666667
0,1,0.611111111111111
1,1,0.6
1,1,0.292045454545455
1,1,0.475
0,1,0.527777777777778
1,1,0.6
0,1,0.694444444444444
1,1,0.4125
0,1,0.513888888888889
0,1,0.41540404040404
0,1,0.470959595959596
0,1,0.361111111111111
0,1,0.583333333333333
0,1,0.747474747474748
0,1,0.585858585858586
1,1,0.545454545454546
0,1,0.694444444444444
0,1,0.194444444444444
0,1,0.482323232323232
0,1,0.32449494949495
0,1,0.555555555555556
0,1,0.541666666666667
0,1,0.371212121212121
0,1,0.5
0,1,0.486111111111111
0,1,0.305555555555556
0,1,0.36489898989899
0,1,0.35479797979798
0,1,0.680555555555556
0,1,0.458333333333333
0,1,0.611111111111111
0,1,0.444444444444444
1,1,0.35
1,1,0.2475
0,1,0.472222222222222
0,1,0.611111111111111
1,1,0.435
0,1,0.638888888888889
1,1,0.395454545454545
0,1,0.396464646464646
0,1,0.430555555555556
0,1,0.666666666666667
0,1,0.305555555555556
0,1,0.5
0,1,0.648148148148148
1,1,0.25
0,1,0.375
1,1,0.165
1,1,0.235227272727273
0,1,0.430555555555556
0,1,0.194444444444444
0,1,0.555555555555556
1,1,0.2875
0,1,0.458333333333333
0,1,0.458333333333333
1,1,0.4125
0,1,0.272222222222222
0,1,0.680555555555556
1,1,0.178409090909091
0,1,0.33641975308642
0,1,0.527777777777778
0,1,0.291666666666667
0,1,0.388888888888889
0,1,0.666666666666667
0,1,0.643518518518518
1,1,0.3625
0,1,0.472222222222222
0,1,0.180555555555556
0,1,0.222222222222222
0,1,0.5
0,1,0.277777777777778
0,1,0.387345679012346
0,1,0.299242424242424
1,1,0.390909090909091
0,1,0.238636363636364
1,1,0.325
0,1,0.218434343434343
0,1,0.611111111111111
0,1,0.163888888888889
1,1,0.253409090909091
0,1,0.583333333333333
0,1,0.263888888888889
1,1,0.577272727272727
1,1,0.358333333333333
1,1,0.3425
1,1,0.160227272727273
1,1,0.45
0,1,0.472222222222222
0,1,0.291666666666667
0,1,0.5
0,1,0.138888888888889
1,1,0.225
0,1,0.263888888888889
0,1,0.527777777777778
0,1,0.527777777777778
0,1,0.458333333333333
0,1,0.486111111111111
0,1,0.416666666666667
0,1,0.402777777777778
1,1,0.196590909090909
0,1,0.305555555555556
0,1,0.416666666666667
0,1,0.458333333333333
0,1,0.611111111111111
0,1,0.319444444444444
1,1,0.5
0,1,0.222222222222222
0,1,0.486111111111111
0,1,0.625
0,1,0.444444444444444
0,1,0.513888888888889
0,1,0.373737373737374
0,1,0.541666666666667
0,1,0.633838383838384
0,1,0.472222222222222
0,1,0.597222222222222
0,1,0.375
1,1,0.25
0,1,0.464646464646465
1,1,0.3625
0,1,0.347222222222222
0,1,0.444444444444444
0,1,0.458333333333333
0,1,0.638888888888889
0,1,0.541666666666667
0,1,0.638888888888889
0,1,0.5
0,1,0.472222222222222
0,1,0.472222222222222
0,1,0.305555555555556
0,1,0.555555555555556
0,1,0.5
1,1,0.35
0,1,0.430555555555556
0,1,0.5
0,1,0.583333333333333
0,1,0.180555555555556
0,1,0.527777777777778
1,1,0.35
0,1,0.486111111111111
0,1,0.583333333333333
0,1,0.611111111111111
0,1,0.444444444444444
0,1,0.555555555555556
0,1,0.611111111111111
0,1,0.319444444444444
0,1,0.25
0,1,0.414141414141414
0,1,0.416666666666667
0,1,0.444444444444444
0,1,0.444444444444444
0,1,0.388888888888889
0,1,0.458333333333333
0,1,0.5
1,1,0.45
0,1,0.6
0,1,0.5
0,1,0.541666666666667
1,1,0.3625
0,1,0.236111111111111
0,1,0.327020202020202
0,1,0.5
0,1,0.277777777777778
0,1,0.486111111111111
0,1,0.555555555555556
0,1,0.444444444444444
0,1,0.472222222222222
0,1,0.208333333333333
0,1,0.388888888888889
0,1,0.180555555555556
0,1,0.266414141414141
0,1,0.316919191919192
0,1,0.525252525252525
1,1,0.3
0,1,0.388888888888889
0,1,0.444444444444444
0,1,0.472222222222222
0,1,0.180555555555556
0,1,0.388888888888889
0,1,0.337121212121212
0,1,0.402777777777778
0,1,0.347222222222222
1,1,0.2875
0,1,0.194444444444444
0,1,0.555555555555556
1,1,0.4
1,1,0.25
0,1,0.444444444444444
0,1,0.527777777777778
1,1,0.05
1,1,0.325
0,1,0.380555555555556
0,1,0.388888888888889
1,1,0.35
1,1,0.325
0,1,0.0833333333333333
0,1,0.541666666666667
1,1,0.181818181818182
1,1,0.3875
0,1,0.555555555555556
0,1,0.319444444444444
0,1,0.5
0,1,0.666666666666667
0,1,0.527777777777778
0,1,0.222222222222222
0,1,0.472222222222222
0,1,0.606481481481482
0,1,0.527777777777778
0,1,0.569444444444444
0,1,0.555555555555556
1,1,0.575
0,1,0.722222222222222
0,1,0.736111111111111
1,1,0.65
1,1,0.666666666666667
1,1,0.5875
0,1,0.5
0,1,0.291666666666667
0,1,0.388888888888889
0,1,0.638888888888889
0,1,0.686868686868687
0,1,0.611111111111111
0,1,0.430555555555556
0,1,0.430555555555556
0,1,0.333333333333333
0,1,0.327777777777778
0,1,0.527777777777778
0,1,0.375
0,1,0.5
0,1,0.573232323232323
0,1,0.277777777777778
0,1,0.36489898989899
1,1,0.2875
0,1,0.397727272727273
0,1,0.305555555555556
0,1,0.277777777777778
0,1,0.458333333333333
1,1,0.625
0,1,0.343434343434343
1,1,0.425
0,1,0.527777777777778
0,1,0.53030303030303
0,1,0.666666666666667
0,1,0.49537037037037
1,1,0.5
1,1,0.375
0,1,0.347222222222222
0,1,0.55050505050505
0,1,0.430555555555556
0,1,0.5
0,1,0.397222222222222
0,1,0.258838383838384
1,1,0.2875
0,1,0.281565656565657
1,1,0.280681818181818
0,1,0.157828282828283
0,1,0.477272727272727
1,1,0.375
1,1,0.234090909090909
0,1,0.527777777777778
1,1,0.325
0,1,0.329545454545455
0,1,0.5
0,1,0.180555555555556
0,1,0.138888888888889
0,1,0.527777777777778
1,1,0.45
1,1,0.222727272727273
0,1,0.416666666666667
0,1,0.412878787878788
0,1,0.287878787878788
1,1,0.4375
0,1,0.388888888888889
0,1,0.0833333333333333
0,1,0.208333333333333
0,1,0.416666666666667
0,1,0.416666666666667
0,1,0.361111111111111
0,1,0.412878787878788
0,1,0.392676767676768
0,1,0.333333333333333
0,1,0.546717171717172
0,1,0.575757575757576
1,1,0.35
0,1,0.555555555555556
0,1,0.472222222222222
0,1,0.527777777777778
0,1,0.472222222222222
1,1,0.0647727272727273
1,1,0.3
0,1,0.25
0,1,0.263888888888889
1,1,0.125
1,1,0.375
0,1,0.402777777777778
0,1,0.444444444444444
0,1,0.416666666666667
1,1,0.325
0,1,0.291666666666667
1,1,0.375
0,1,0.458333333333333
0,1,0.402777777777778
0,1,0.319444444444444
0,1,0.666666666666667
0,1,0.428030303030303
1,1,0.428409090909091
0,1,0.402777777777778
0,1,0.458333333333333
1,1,0.2375
0,1,0.444444444444444
0,1,0.454545454545455
0,1,0.375
1,1,0.344318181818182
0,1,0.416666666666667
0,1,0.51010101010101
1,1,0.525
0,1,0.436111111111111
0,1,0.2
0,1,0.375
0,1,0.222222222222222
0,1,0.263888888888889
0,1,0.472222222222222
0,1,0.5
0,1,0.347222222222222
1,1,0.225
0,1,0.347222222222222
0,1,0.242424242424242
0,1,0.291666666666667
0,1,0.416666666666667
0,1,0.597222222222222
0,1,0.388888888888889
0,1,0.352272727272727
0,1,0.166666666666667
1,1,0.425
0,1,0.369949494949495
0,1,0.402777777777778
0,1,0.194444444444444
0,1,0.25
0,1,0.208333333333333
0,1,0.388888888888889
0,1,0.388888888888889
0,1,0.472222222222222
0,1,0.398148148148148
1,1,0.342045454545455
0,1,0.277777777777778
0,1,0.555555555555556
1,1,0.35
0,1,0.305555555555556
1,1,0.25
0,1,0.347222222222222
1,1,0.536363636363636
0,1,0.111111111111111
0,1,0.481060606060606
0,1,0.625
1,1,0.25
0,1,0.472222222222222
0,1,0.555555555555556
0,1,0.361111111111111
0,1,0.5
0,1,0.472222222222222
1,1,0.255681818181818
0,1,0.25
1,1,0.25
0,1,0.430555555555556
0,1,0.472222222222222
0,1,0.25
1,1,0.173863636363636
0,1,0.138888888888889
0,1,0.305555555555556
1,1,0.2875
0,1,0.223484848484848
1,1,0.192045454545455
0,1,0.472222222222222
0,1,0.357323232323232
1,1,0.45
0,1,0.388888888888889
0,1,0.5
1,1,0.438888888888889
1,1,0.181818181818182
0,1,0.402777777777778
0,1,0.583333333333333
1,1,0.3625
0,1,0.375
0,1,0.342592592592593
1,1,0.154545454545455
1,1,0.2875
0,1,0.315656565656566
0,1,0.402777777777778
1,1,0.2875
0,1,0.330808080808081
0,1,0.414141414141414
1,1,0.275
1,1,0.175
0,1,0.541666666666667
0,1,0.611111111111111
0,1,0.583333333333333
0,1,0.236111111111111
0,1,0.416666666666667
0,1,0.646464646464647
0,1,0.555555555555556
0,1,0.416666666666667
0,1,0.208333333333333
0,1,0.384259259259259
0,1,0.305555555555556
0,1,0.208333333333333
0,1,0.375
0,1,0.472222222222222
0,1,0.304292929292929
0,1,0.356060606060606
1,1,0.285227272727273
0,1,0.5
0,1,0.193181818181818
0,1,0.347222222222222
0,1,0.486111111111111
0,1,0.481060606060606
1,1,0.221590909090909
0,1,0.277777777777778
0,1,0.622222222222222
0,1,0.361111111111111
0,1,0.236111111111111
0,1,0.361111111111111
0,1,0.583333333333333
0,1,0.25
0,1,0.0202020202020202
0,1,0.518518518518518
1,1,0.2125
0,1,0.236111111111111
0,1,0.291666666666667
0,1,0.34469696969697
0,1,0.244949494949495
0,1,0.5
0,1,0.555555555555556
0,1,0.666666666666667
0,1,0.569444444444444
0,1,0.518518518518518
0,1,0.402777777777778
1,1,0.136363636363636
0,1,0
0,1,0.5
0,1,0.481481481481481
0,1,0.555555555555556
0,1,0.375
0,1,0.277777777777778
0,1,0.592592592592593
1,1,0.4
0,1,0.333333333333333
1,1,0.3375
1,1,0.2625
0,1,0.486111111111111
0,1,0.180555555555556
0,1,0.569444444444444
1,1,0.388636363636364
1,1,0.418181818181818
0,1,0.583333333333333
1,1,0.5
0,1,0.595959595959596
0,1,0.388888888888889
0,1,0.305555555555556
0,1,0.5
0,1,0.333333333333333
0,1,0.518518518518518
0,1,0.375
0,1,0.388888888888889
0,1,0.428030303030303
0,1,0.180555555555556
0,1,0.166666666666667
0,1,0.232323232323232
0,1,0.308080808080808
0,1,0.263888888888889
0,1,0.583333333333333
0,1,0.611111111111111
0,1,0.611111111111111
0,1,0.611111111111111
0,1,0.59469696969697
0,1,0.361111111111111
0,1,0.203282828282828
0,1,0.166666666666667
0,1,0.0833333333333333
0,1,0.152777777777778
0,1,0.132575757575758
1,1,0.385227272727273
0,1,0.111111111111111
0,1,0.166666666666667
0,1,0.25
0,1,0.121212121212121
0,1,0.180555555555556
0,1,0.347222222222222
0,1,0.125
1,1,0.489772727272727
0,1,0.194444444444444
0,1,0.223484848484848
0,1,0.184343434343434
0,1,0.242424242424242
0,1,0.513888888888889
0,1,0.125
0,1,0.458333333333333
0,1,0.333333333333333
0,1,0.25
0,1,0.152777777777778
1,1,0.181818181818182
0,1,0.430555555555556
0,1,0.486111111111111
0,1,0.0808080808080808
1,1,0.1125
0,1,0.222222222222222
0,1,0.236111111111111
0,1,0.277777777777778
0,1,0.180555555555556
1,1,0.4125
1,1,0.1
0,1,0.513888888888889
0,1,0.138888888888889
0,1,0.402777777777778
1,1,0.4125
0,1,0.625
0,1,0.408333333333333
0,1,0.458333333333333
0,1,0.375
0,1,0.444444444444444
1,1,0.201136363636364
0,1,0.286111111111111
0,1,0.183080808080808
0,1,0.398148148148148
1,1,0.4125
0,1,0.138888888888889
0,1,0.5
0,1,0.444444444444444
1,1,0.45
0,1,0.273989898989899
0,1,0.214646464646465
0,1,0.441919191919192
0,1,0.513888888888889
0,1,0.527777777777778
1,1,0.55
1,1,0.11
0,1,0.347222222222222
1,1,0.3625
0,1,0.375
0,1,0.361111111111111
1,1,0.1875
0,1,0.527777777777778
0,1,0.625
1,1,0.45
0,1,0.180555555555556
0,1,0.208333333333333
0,1,0.388888888888889
0,1,0.541666666666667
0,1,0.222222222222222
0,1,0.277777777777778
0,1,0.503787878787879
0,1,0.0606060606060606
0,1,0.305555555555556
0,1,0.291666666666667
0,1,0.277777777777778
0,1,0.421717171717172
0,1,0.0555555555555556
0,1,0.319444444444444
0,1,0.180555555555556
0,1,0.263888888888889
0,1,0.402777777777778
1,1,0.264772727272727
0,1,0.319444444444444
0,1,0.527777777777778
0,1,0.347222222222222
0,1,0.273989898989899
0,1,0.359848484848485
1,1,0.35
0,1,0.233585858585859
0,1,0.388888888888889
1,1,0.0818181818181818
0,1,0.5
0,1,0.277777777777778
0,1,0.277777777777778
0,1,0.44949494949495
0,1,0.325757575757576
1,1,0.2725
0,1,0.122222222222222
0,1,0.291666666666667
0,1,0.482323232323232
1,1,0.405681818181818
0,1,0.45959595959596
1,1,0.264772727272727
1,1,0.3875
0,1,0.0833333333333333
1,1,0.32
0,1,0.666666666666667
0,1,0.638888888888889
0,1,0.550925925925926
0,1,0.393939393939394
0,1,0.517676767676768
0,1,0.222222222222222
1,1,0.4125
0,1,0.284090909090909
0,1,0.555555555555556
0,1,0.0972222222222223
0,1,0.236111111111111
0,1,0.430555555555556
0,1,0.356060606060606
0,1,0.375
0,1,0.421717171717172
0,1,0.291666666666667
0,1,0.152777777777778
0,1,0.0972222222222223
0,1,0.333333333333333
0,1,0.291666666666667
0,1,0.0833333333333333
1,1,0.436363636363636
0,1,0.222222222222222
0,1,0.243686868686869
0,1,0.224747474747475
0,1,0.263888888888889
0,1,0.236111111111111
0,1,0.222222222222222
0,1,0.308333333333333
0,1,0.348484848484848
0,1,0.666666666666667
0,1,0.583333333333333
0,1,0.253086419753086
0,1,0.236111111111111
1,1,0.225
0,1,0.388888888888889
0,1,0.305555555555556
0,1,0.402777777777778
1,1,0.2
0,1,0.380050505050505
0,1,0.416666666666667
0,1,0.61489898989899
0,1,0.458333333333333
0,1,0.263888888888889
1,1,0.2375
0,1,0.361111111111111
0,1,0.194444444444444
0,1,0.263888888888889
1,1,0.07
0,1,0.388888888888889
0,1,0.375
0,1,0.273989898989899
0,1,0.505050505050505
0,1,0.401515151515152
0,1,0.527777777777778
0,1,0.592592592592593
0,1,0.583333333333333
1,1,0.425
0,1,0.458333333333333
0,1,0.513888888888889
0,1,0.5
1,1,0.65
0,1,0.722222222222222
0,1,0.444444444444444
1,1,0.5
0,1,0.583333333333333
0,1,0.569444444444444
1,1,0.4875
0,1,0.555555555555556
1,1,0.45
0,1,0.388888888888889
1,1,0.318181818181818
0,1,0.527777777777778
0,1,0.638888888888889
0,1,0.430555555555556
0,1,0.527777777777778
0,1,0.416666666666667
0,1,0.416666666666667
0,1,0.409090909090909
0,1,0.305555555555556
0,1,0.444444444444444
0,1,0.533333333333333
0,1,0.472222222222222
0,1,0.291666666666667
0,1,0.5
0,1,0.575757575757576
0,1,0.402777777777778
1,1,0.375
1,1,0.3375
0,1,0.444444444444444
0,1,0.333333333333333
0,1,0.305555555555556
0,1,0.388888888888889
1,1,0.320833333333333
0,1,0.444444444444444
1,1,0.3375
1,1,0.2575
0,1,0.402777777777778
0,1,0.569444444444444
0,1,0.180555555555556
0,1,0.569444444444444
0,1,0.361111111111111
0,1,0.223484848484848
0,1,0.577020202020202
0,1,0.381313131313131
0,1,0.277777777777778
0,1,0.416666666666667
0,1,0.583333333333333
0,1,0.527777777777778
0,1,0.277777777777778
1,1,0.2125
0,1,0.291666666666667
0,1,0.166666666666667
0,1,0.194444444444444
0,1,0.111111111111111
0,1,0.416666666666667
0,1,0.319444444444444
0,1,0.486111111111111
0,1,0.277777777777778
0,1,0.291666666666667
0,1,0.267676767676768
0,1,0.458333333333333
0,1,0.342592592592593
0,1,0.5
1,1,0.45
0,1,0.595959595959596
0,1,0.638888888888889
0,1,0.708333333333333
1,1,0.4625
0,1,0.722222222222222
0,1,0.5
0,1,0.333333333333333
0,1,0.236111111111111
0,1,0.555555555555556
0,1,0.666666666666667
0,1,0.527777777777778
0,1,0.5
0,1,0.361111111111111
0,1,0.438131313131313
0,1,0.347222222222222
0,1,0.57449494949495
0,1,0.428030303030303
0,1,0.646464646464647
0,1,0.527777777777778
0,1,0.444444444444444
0,1,0.583333333333333
0,1,0.295454545454545
0,1,0.541666666666667
0,1,0.305555555555556
0,1,0.590909090909091
0,1,0.527777777777778
0,1,0.416666666666667
0,1,0.472222222222222
0,1,0.455808080808081
1,1,0.5875
1,1,0.531818181818182
1,1,0.288636363636364
1,1,0.375
0,1,0.380555555555556
0,1,0.583333333333333
1,1,0.5125
0,1,0.416666666666667
0,1,0.333333333333333
0,1,0.330808080808081
1,1,0.2375
0,1,0.472222222222222
0,1,0.402777777777778
0,1,0.666666666666667
0,1,0.5
0,1,0.5
0,1,0.411616161616162
1,1,0.325
1,1,0.4
0,1,0.111111111111111
0,1,0.305555555555556
0,1,0.375
0,1,0.444444444444444
0,1,0.291666666666667
0,1,0.545454545454545
0,1,0.305555555555556
0,1,0.166666666666667
1,1,0.2875
0,1,0.265151515151515
0,1,0.550925925925926
0,1,0.388888888888889
0,1,0.416666666666667
0,1,0.222222222222222
1,1,0.2375
0,1,0.284090909090909
1,1,0.25
0,1,0.375
0,1,0.430555555555556
0,1,0.513888888888889
0,1,0.375
0,1,0.472222222222222
0,1,0.33459595959596
0,1,0.666666666666667
1,1,0.1125
0,1,0.0694444444444445
0,1,0.611111111111111
0,1,0.583333333333333
1,1,0.2375
1,1,0.175
0,1,0.472222222222222
0,1,0.388888888888889
0,1,0.333333333333333
0,1,0.336111111111111
0,1,0.244949494949495
0,1,0.111111111111111
0,1,0.222222222222222
0,1,0.458333333333333
0,1,0.252525252525253
0,1,0.388888888888889
0,1,0.458333333333333
0,1,0.197222222222222
0,1,0.263888888888889
0,1,0.177777777777778
0,1,0.222222222222222
1,1,0.330681818181818
1,1,0.3875
0,1,0.131313131313131
0,1,0.5
0,1,0.532828282828283
0,1,0.5
0,1,0.111111111111111
0,1,0.375
1,1,0.1625
0,1,0.583333333333333
0,1,0.416666666666667
0,1,0.388888888888889
0,1,0.611111111111111
0,1,0.208333333333333
0,1,0.295454545454545
1,1,0.464772727272727
1,1,0.214772727272727
0,1,0.347222222222222
0,1,0.0555555555555556
0,1,0.444444444444444
1,1,0.295454545454545
0,1,0.375
0,1,0.513888888888889
0,1,0.324074074074074
0,1,0.305555555555556
0,1,0.305555555555556
1,1,0.163636363636364
1,1,0.279166666666667
1,1,0.175
0,1,0.333333333333333
0,1,0.458333333333333
0,1,0.522727272727273
1,1,0.0333333333333334
0,1,0.222222222222222
0,1,0.638888888888889
0,1,0.0101010101010101
0,1,0.5
0,1,0.361111111111111
0,1,0.194444444444444
0,1,0.434343434343434
1,1,0.342045454545455
0,1,0.333333333333333
0,1,0.378787878787879
0,1,0.648148148148148
0,1,0.444444444444444
0,1,0.472222222222222
1,1,0.525
0,1,0.472222222222222
0,1,0.291666666666667
1,1,0.175
0,1,0.555555555555556
0,1,0.62962962962963
1,1,0.4625
0,1,0.305555555555556
1,1,0.4875
0,1,0.638888888888889
1,1,0.229545454545455
0,1,0.527777777777778
0,1,0.112373737373737
0,1,0.263888888888889
0,1,0.430555555555556
0,1,0.319444444444444
0,1,0.295454545454545
0,1,0.253787878787879
0,1,0.555555555555556
0,1,0.527777777777778
0,1,0.472222222222222
0,1,0.597222222222222
0,1,0.0555555555555556
1,1,0.25
0,1,0.388888888888889
0,1,0.236111111111111
0,1,0.416666666666667
0,1,0.361111111111111
0,1,0.236111111111111
1,1,0.225
0,1,0.513888888888889
1,1,0.25
0,1,0.347222222222222
0,1,0.0833333333333333
0,1,0.388888888888889
0,1,0.583333333333333
0,1,0.625
0,1,0.41358024691358
0,1,0.366161616161616
0,1,0.347222222222222
0,1,0.263888888888889
1,1,0.55
0,1,0.458333333333333
1,1,0.375
0,1,0.611111111111111
1,1,0.4875
0,1,0.333333333333333
0,1,0.5
0,1,0.402777777777778
0,1,0.416666666666667
0,1,0.625
1,1,0.225
0,1,0.49537037037037
0,1,0.625
0,1,0.472222222222222
1,1,0.525
0,1,0.583333333333333
0,1,0.597222222222222
0,1,0.611111111111111
0,1,0.638888888888889
0,1,0.583333333333333
0,1,0.611111111111111
0,1,0.611111111111111
0,1,0.319444444444444
0,1,0.0833333333333333
1,1,0.518181818181818
1,1,0.127272727272727
0,1,0.691919191919192
0,1,0.121212121212121
0,1,0.402777777777778
1,1,0.075
0,1,0.361111111111111
0,1,0.652777777777778
0,1,0.166666666666667
0,1,0.291666666666667
0,1,0.333333333333333
1,1,0.295454545454545
0,1,0.132575757575758
0,1,0.597222222222222
0,1,0.416666666666667
0,1,0.611111111111111
0,1,0.458333333333333
0,1,0.611111111111111
0,1,0.305555555555556
0,1,0.513888888888889
0,1,0.611111111111111
0,1,0.234848484848485
1,1,0.452272727272727
0,1,0.555555555555556
1,1,0.190909090909091
1,1,0.118181818181818
0,1,0.541666666666667
0,1,0.0404040404040404
0,1,0.255050505050505
0,1,0.416666666666667
1,1,0.622727272727273
1,1,0.475
1,1,0.3875
1,1,0.666666666666667
0,1,0.597222222222222
0,1,0.472222222222222
0,1,0.314814814814815
0,1,0.5
1,1,0.389772727272727
1,1,0.675
1,1,0.566666666666667
0,1,0.75
0,1,0.833333333333333
0,1,0.505050505050505
0,1,0.662037037037037
0,1,0.851851851851852
0,1,0.75
0,1,0.666666666666667
0,1,0.621212121212121
0,1,0.805555555555556
0,1,0.666666666666667
0,1,0.597222222222222
0,1,0.708333333333333
0,1,0.777777777777778
0,1,0.861111111111111
0,1,0.666666666666667
0,1,0.777777777777778
0,1,0.666666666666667
0,1,0.611111111111111
1,1,0.7
0,1,0.805555555555556
0,1,0.833333333333333
1,1,0.545833333333333
0,1,0.652777777777778
0,1,0.680555555555556
0,1,0.5
1,1,0.572727272727273
0,1,0.75
0,1,0.516414141414141
1,1,0.35
0,1,0.75
0,1,0.583333333333333
1,1,0.525
0,1,0.805555555555556
1,1,0.65
0,1,0.527777777777778
0,1,0.555555555555556
1,1,0.475
0,1,0.694444444444444
0,1,0.583333333333333
1,1,0.5
0,1,0.666666666666667
0,1,0.555555555555556
0,1,0.402777777777778
0,1,0.583333333333333
0,1,0.472222222222222
0,1,0.458333333333333
0,1,0.453282828282828
0,1,0.536616161616162
1,1,0.3875
0,1,0.481060606060606
0,1,0.722222222222222
0,1,0.347222222222222
0,1,0.361111111111111
0,1,0.611111111111111
0,1,0.416666666666667
0,1,0.452020202020202
0,1,0.472222222222222
0,1,0.597222222222222
0,1,0.527777777777778
0,1,0.597222222222222
0,1,0.458333333333333
0,1,0.777777777777778
0,1,0.694444444444444
0,1,0.472222222222222
0,1,0.375
0,1,0.472222222222222
0,1,0.694444444444444
0,1,0.486111111111111
0,1,0.458333333333333
0,1,0.722222222222222
0,1,0.5
0,1,0.611111111111111
0,1,0.722222222222222
0,1,0.347222222222222
0,1,0.638888888888889
1,1,0.631818181818182
0,1,0.652777777777778
0,1,0.583333333333333
1,1,0.575
0,1,0.694444444444444
0,1,0.472222222222222
0,1,0.472222222222222
0,1,0.611111111111111
1,1,0.4
1,1,0.675
1,1,0.5
1,1,0.507954545454546
0,1,0.448232323232323
1,1,0.2375
0,1,0.406565656565657
0,1,0.194444444444444
0,1,0.585858585858586
1,1,0.434090909090909
0,1,0.388888888888889
1,1,0.558333333333333
0,1,0.62037037037037
0,1,0.569444444444444
0,1,0.406565656565657
0,1,0.303030303030303
0,1,0.638888888888889
0,1,0.351851851851852
0,1,0.583333333333333
0,1,0.513888888888889
0,1,0.429292929292929
1,1,0.225
0,1,0.527777777777778
0,1,0.363636363636364
0,1,0.597222222222222
0,1,0.25
0,1,0.305555555555556
0,1,0.25
0,1,0.694444444444444
0,1,0.805555555555556
1,1,0.361363636363636
0,1,0.486111111111111
0,1,0.416666666666667
1,1,0.625
0,1,0.462962962962963
0,1,0.686868686868687
0,1,0.696969696969697
0,1,0.541666666666667
0,1,0.445707070707071
0,1,0.388888888888889
0,1,0.652777777777778
1,1,0.3125
0,1,0.283333333333333
0,1,0.180555555555556
0,1,0.611111111111111
1,1,0.4125
1,1,0.3625
0,1,0.458333333333333
0,1,0.458333333333333
0,1,0.472222222222222
0,1,0.402777777777778
0,1,0.361111111111111
1,1,0.305681818181818
0,1,0.722222222222222
0,1,0.777777777777778
0,1,0.75
0,1,0.5
0,1,0.75
0,1,0.508838383838384
0,1,0.356060606060606
0,1,0.597222222222222
0,1,0.638888888888889
1,1,0.3875
0,1,0.347222222222222
0,1,0.333333333333333
1,1,0.3625
0,1,0.638888888888889
0,1,0.361111111111111
1,1,0.222727272727273
1,1,0.259090909090909
0,1,0.208333333333333
0,1,0.513888888888889
0,1,0.458333333333333
0,1,0.32449494949495
1,1,0.6
0,1,0.513888888888889
1,1,0.243181818181818
0,1,0.777777777777778
0,1,0.381313131313131
0,1,0.444444444444444
0,1,0.430555555555556
1,1,0.475
0,1,0.361111111111111
0,1,0.338383838383838
0,1,0.347222222222222
0,1,0.5
0,1,0.388888888888889
0,1,0.472222222222222
0,1,0.430555555555556
0,1,0.277777777777778
0,1,0.5
0,1,0.111111111111111
0,1,0.541666666666667
1,1,0.4
0,1,0.347222222222222
0,1,0.361111111111111
0,1,0.5
0,1,0.236111111111111
0,1,0.722222222222222
0,1,0.458333333333333
0,1,0.5
0,1,0.319444444444444
0,1,0.541666666666667
0,1,0.75
0,1,0.444444444444444
0,1,0.333333333333333
1,1,0.425
0,1,0.555555555555556
0,1,0.333333333333333
1,1,0.4625
0,1,0.319444444444444
0,1,0.319444444444444
0,1,0.333333333333333
0,1,0.236111111111111
1,1,0.483333333333333
0,1,0.347222222222222
0,1,0.375
0,1,0.555555555555556
0,1,0.430555555555556
0,1,0.555555555555556
0,1,0.625
0,1,0.416666666666667
0,1,0.361111111111111
0,1,0.5
0,1,0.277777777777778
0,1,0.309343434343434
0,1,0.430555555555556
0,1,0.305555555555556
0,1,0.263888888888889
0,1,0.345959595959596
0,1,0.402777777777778
0,1,0.555555555555556
0,1,0.291666666666667
0,1,0.5
0,1,0.222222222222222
1,1,0.125
0,1,0.193181818181818
1,1,0.310227272727273
1,1,0.0272727272727273
0,1,0.0833333333333333
0,1,0.444444444444444
0,1,0.5
0,1,0.277777777777778
0,1,0.407828282828283
0,1,0.527777777777778
0,1,0.5
0,1,0.702777777777778
0,1,0.472222222222222
0,1,0.527777777777778
0,1,0.555555555555556
1,1,0.45
0,1,0.555555555555556
0,1,0.583333333333333
1,1,0.25
0,1,0.430555555555556
0,1,0.388888888888889
0,1,0.5
0,1,0.5
1,1,0.598863636363636
0,1,0.555555555555556
0,1,0.5
0,1,0.727272727272727
0,1,0.361111111111111
0,1,0.62962962962963
1,1,0.5
1,1,0.4875
0,1,0.555555555555556
0,1,0.486111111111111
0,1,0.555555555555556
0,1,0.483585858585859
1,1,0.325
0,1,0.722222222222222
0,1,0.666666666666667
0,1,0.388888888888889
0,1,0.625
0,1,0.388888888888889
0,1,0.472222222222222
0,1,0.388888888888889
0,1,0.583333333333333
0,1,0.597222222222222
0,1,0.304292929292929
0,1,0.361111111111111
0,1,0.569444444444444
0,1,0.277777777777778
0,1,0.375
0,1,0.555555555555556
0,1,0.397727272727273
0,1,0.472222222222222
0,1,0.549242424242424
0,1,0.601010101010101
0,1,0.444444444444444
1,1,0.5125
0,1,0.372474747474747
0,1,0.536616161616162
0,1,0.333333333333333
1,1,0.45
0,1,0.333333333333333
1,1,0.5
0,1,0.527777777777778
0,1,0.486111111111111
1,1,0.418181818181818
0,1,0.444444444444444
1,1,0.485227272727273
1,1,0.3125
1,1,0.2375
0,1,0.380050505050505
0,1,0.152777777777778
1,1,0.202272727272727
0,1,0.361111111111111
0,1,0.486111111111111
0,1,0.541666666666667
0,1,0.513888888888889
0,1,0.444444444444444
0,1,0.236111111111111
0,1,0.606060606060606
1,1,0.4125
0,1,0.405555555555556
1,1,0.2625
0,1,0.361111111111111
0,1,0.263888888888889
0,1,0.305555555555556
0,1,0.361111111111111
0,1,0.276515151515152
0,1,0.583333333333333
0,1,0.555555555555556
0,1,0.361111111111111
0,1,0.222222222222222
0,1,0.527777777777778
0,1,0.273989898989899
0,1,0.0333333333333333
0,1,0.25
0,1,0.611111111111111
0,1,0.277777777777778
0,1,0.606060606060606
0,1,0.402777777777778
1,1,0.3875
1,1,0.3125
0,1,0.444444444444444
0,1,0.347222222222222
0,1,0.430555555555556
0,1,0.231481481481481
0,1,0.263888888888889
0,1,0.472222222222222
0,1,0.131313131313131
0,1,0.611111111111111
0,1,0.333333333333333
1,1,0.3425
0,1,0.388888888888889
0,1,0.388888888888889
0,1,0.444444444444444
1,1,0.325
0,1,0.416666666666667
0,1,0.347222222222222
0,1,0.361111111111111
1,1,0.275
1,1,0.568181818181818
0,1,0.5
0,1,0.402777777777778
1,1,0.325
0,1,0.464646464646465
0,1,0.416666666666667
1,1,0.475
0,1,0.0555555555555555
0,1,0.666666666666667
0,1,0.472222222222222
0,1,0.5
1,1,0.1875
0,1,0.319444444444444
0,1,0.333333333333333
0,1,0.375
0,1,0.319444444444444
0,1,0.347222222222222
1,1,0.2125
0,1,0.472222222222222
1,1,0.2125
0,1,0.319444444444444
0,1,0.347222222222222
0,1,0.444444444444444
0,1,0.422979797979798
0,1,0.5
0,1,0.361111111111111
0,1,0.416666666666667
1,1,0.227272727272727
0,1,0.388888888888889
0,1,0.388888888888889
0,1,0.444444444444444
0,1,0.175
1,1,0.336363636363636
0,1,0.263888888888889
0,1,0.430555555555556
0,1,0.5
0,1,0.458333333333333
0,1,0.5
0,1,0.583333333333333
0,1,0.375
0,1,0.555555555555556
0,1,0.696969696969697
0,1,0.555555555555556
0,1,0.513888888888889
0,1,0.375
0,1,0.555555555555556
0,1,0.46969696969697
0,1,0.527777777777778
0,1,0.347222222222222
0,1,0.416666666666667
0,1,0.583333333333333
0,1,0.527777777777778
0,1,0.417929292929293
0,1,0.430555555555556
0,1,0.555555555555556
0,1,0.319444444444444
0,1,0.555555555555556
0,1,0.527777777777778
1,1,0.2625
0,1,0.555555555555556
0,1,0.5
0,1,0.555555555555556
1,1,0.375
0,1,0.430555555555556
0,1,0.527777777777778
0,1,0.388888888888889
1,1,0.5875
0,1,0.5
0,1,0.583333333333333
1,1,0.175
0,1,0.416666666666667
0,1,0.388888888888889
0,1,0.486111111111111
0,1,0.5
0,1,0.402777777777778
0,1,0.361111111111111
0,1,0.388888888888889
0,1,0.388888888888889
0,1,0.416666666666667
0,1,0.472222222222222
0,1,0.444444444444444
0,1,0.372474747474747
0,1,0.3
0,1,0.472222222222222
0,1,0.611111111111111
0,1,0.25
0,1,0.388888888888889
0,1,0.416666666666667
0,1,0.5
0,1,0.333333333333333
0,1,0.472222222222222
0,1,0.333333333333333
0,1,0.444444444444444
0,1,0.125
0,1,0.236111111111111
0,1,0.357323232323232
0,1,0.460858585858586
0,1,0.421717171717172
0,1,0.25
0,1,0.462962962962963
0,1,0.388888888888889
0,1,0.5
1,1,0.125
0,1,0.472222222222222
1,1,0.15
0,1,0.0972222222222223
0,1,0.262626262626263
0,1,0.388888888888889
0,1,0.377525252525253
0,1,0.388888888888889
1,1,0.359090909090909
0,1,0.208333333333333
0,1,0.152777777777778
0,1,0.305555555555556
0,1,0.430555555555556
0,1,0.555555555555556
0,1,0.177777777777778
0,1,0.361111111111111
0,1,0.523989898989899
0,1,0.266666666666667
0,1,0.496212121212121
0,1,0.472222222222222
0,1,0.569444444444444
0,1,0.555555555555556
0,1,0.388888888888889
0,1,0.5
0,1,0.361111111111111
0,1,0.305555555555556
1,1,0.2775
0,1,0.263888888888889
0,1,0.208333333333333
1,1,0.15
0,1,0.555555555555556
0,1,0.291666666666667
0,1,0.296717171717172
0,1,0.208333333333333
0,1,0.277777777777778
0,1,0.277777777777778
0,1,0.152777777777778
0,1,0.305555555555556
0,1,0.291666666666667
0,1,0.430555555555556
1,1,0.4875
0,1,0.472222222222222
0,1,0.161616161616162
0,1,0.555555555555556
0,1,0.597222222222222
0,1,0.814814814814815
0,1,0.449074074074074
0,1,0.420454545454545
0,1,0.402777777777778
0,1,0.338383838383838
0,1,0.486111111111111
0,1,0.472222222222222
0,1,0.458333333333333
0,1,0.638888888888889
0,1,0.375
0,1,0.319444444444444
0,1,0.497474747474747
0,1,0.541666666666667
0,1,0.375
0,1,0.527777777777778
0,1,0.353535353535354
0,1,0.555555555555556
0,1,0.421296296296296
0,1,0.347222222222222
0,1,0.333333333333333
0,1,0.441666666666667
0,1,0.472222222222222
1,1,0.392045454545455
0,1,0.555555555555556
0,1,0.457070707070707
1,1,0.301136363636364
1,1,0.49
0,1,0.32449494949495
0,1,0.388888888888889
0,1,0.180555555555556
0,1,0.297222222222222
1,1,0.666666666666667
0,1,0.361111111111111
0,1,0.319444444444444
0,1,0.722222222222222
0,1,0.166666666666667
0,1,0.328282828282828
1,1,0.45
0,1,0.356481481481481
1,1,0.25
0,1,0.276234567901235
0,1,0.388888888888889
0,1,0.222222222222222
0,1,0.112373737373737
0,1,0.444444444444444
0,1,0.212121212121212
0,1,0.263888888888889
1,1,0.2375
0,1,0.277777777777778
1,1,0.3
0,1,0.305555555555556
0,1,0.247474747474747
0,1,0.333333333333333
1,1,0.3625
0,1,0.444444444444444
0,1,0.367424242424242
0,1,0.527777777777778
0,1,0.0972222222222222
0,1,0.541666666666667
0,1,0.736111111111111
0,1,0.401515151515151
0,1,0.412037037037037
0,1,0.579545454545455
0,1,0.291666666666667
0,1,0.208333333333333
1,1,0.4625
0,1,0.194444444444444
1,1,0.218181818181818
0,1,0.361111111111111
0,1,0.402777777777778
0,1,0.333333333333333
0,1,0.444444444444444
0,1,0.222222222222222
0,1,0.666666666666667
0,1,0.722222222222222
0,1,0.722222222222222
0,1,0.393518518518519
0,1,0.708333333333333
0,1,0.527777777777778
0,1,0.638888888888889
0,1,0.732323232323232
0,1,0.694444444444445
0,1,0.777777777777778
0,1,0.583333333333333
0,1,0.527777777777778
0,1,0.402777777777778
0,1,0.527777777777778
1,1,0.35
0,1,0.291666666666667
0,1,0.666666666666667
0,1,0.611111111111111
0,1,0.680555555555556
0,1,0.75
0,1,0.861111111111111
0,1,0.805555555555556
1,1,0.7625
0,1,0.611111111111111
1,1,0.625
1,1,0.65
0,1,0.805555555555556
0,1,0.75
0,1,0.703282828282828
0,1,0.814814814814815
0,1,0.703703703703704
1,1,0.4875
0,1,0.722222222222222
0,1,0.416666666666667
0,1,0.513888888888889
1,1,0.4
0,1,0.513888888888889
0,1,0.736111111111111
0,1,0.722222222222222
0,1,0.606481481481482
0,1,0.666666666666667
0,1,0.705555555555556
0,1,0.75
0,1,0.777777777777778
1,1,0.375
0,1,0.833333333333333
1,1,0.6375
0,1,0.833333333333333
0,1,0.458333333333333
0,1,0.611111111111111
0,1,0.787878787878788
0,1,0.434343434343434
0,1,0.303030303030303
0,1,0.430555555555556
0,1,0.361111111111111
0,1,0.555555555555556
0,1,0.694444444444445
1,1,0.479166666666667
0,1,0.444444444444444
0,1,0.305555555555556
0,1,0.722222222222222
0,1,0.527777777777778
0,1,0.407407407407407
0,1,0.513888888888889
0,1,0.377777777777778
0,1,0.263888888888889
0,1,0.541666666666667
1,1,0.683333333333333
0,1,0.527777777777778
0,1,0.472222222222222
0,1,0.611111111111111
0,1,0.555555555555556
0,1,0.611111111111111
1,1,0.279545454545455
0,1,0.625
0,1,0.708333333333333
0,1,0.75
0,1,0.388888888888889
0,1,0.833333333333333
0,1,0.5
1,1,0.375
0,1,0.420454545454545
0,1,0.475
0,1,0.277777777777778
0,1,0.5
1,1,0.5375
0,1,0.722222222222222
0,1,0.634259259259259
1,1,0.425
0,1,0.460858585858586
0,1,0.805555555555556
1,1,0.55
0,1,0.555555555555556
0,1,0.564393939393939
1,1,0.525
1,1,0.3375
1,1,0.4175
1,1,0.3625
0,1,0.666666666666667
0,1,0.619444444444444
0,1,0.569444444444444
0,1,0.590909090909091
1,1,0.25
0,1,0.637626262626263
0,1,0.694444444444444
1,1,0.6
0,1,0.722222222222222
0,1,0.648148148148148
0,1,0.666666666666667
0,1,0.638888888888889
0,1,0.648148148148148
1,1,0.354545454545455
0,1,0.625
0,1,0.486111111111111
0,1,0.527777777777778
0,1,0.685185185185185
1,1,0.34
0,1,0.574074074074074
0,1,0.630050505050505
0,1,0.75
1,1,0.725
0,1,0.5
1,1,0.4875
0,1,0.694444444444444
0,1,0.666666666666667
0,1,0.555555555555556
1,1,0.625
1,1,0.65
0,1,0.555555555555556
0,1,0.569444444444444
0,1,0.666666666666667
0,1,0.583333333333333
0,1,0.348484848484848
0,1,0.712962962962963
1,1,0.441666666666667
0,1,0.666666666666667
1,1,0.4875
0,1,0.590909090909091
0,1,0.652777777777778
0,1,0.680555555555556
0,1,0.535353535353535
0,1,0.722222222222222
0,1,0.685185185185185
0,1,0.625
0,1,0.486111111111111
0,1,0.700757575757576
0,1,0.652777777777778
0,1,0.583333333333333
0,1,0.541666666666667
1,1,0.4875
0,1,0.375
0,1,0.476851851851852
0,1,0.392676767676768
0,1,0.305555555555556
0,1,0.375
0,1,0.444444444444444
0,1,0.476851851851852
0,1,0.503787878787879
0,1,0.638888888888889
1,1,0.4875
0,1,0.708333333333333
1,1,0.406818181818182
0,1,0.777777777777778
0,1,0.484848484848485
0,1,0.569444444444444
1,1,0.583333333333333
0,1,0.388888888888889
0,1,0.486111111111111
0,1,0.796296296296296
0,1,0.569444444444444
0,1,0.722222222222222
0,1,0.555555555555556
1,1,0.625
1,1,0.35
1,1,0.4
1,1,0.625
0,1,0.472222222222222
1,1,0.470454545454545
0,1,0.805555555555556
1,1,0.45
0,1,0.263888888888889
0,1,0.547222222222222
0,1,0.592592592592593
1,1,0.25
1,1,0.4375
0,1,0.333333333333333
0,1,0.319444444444444
1,1,0.310227272727273
1,1,0.3125
0,1,0.527777777777778
0,1,0.402777777777778
0,1,0.263888888888889
0,1,0.333333333333333
0,1,0.472222222222222
0,1,0.333333333333333
0,1,0.391666666666667
0,1,0.375
0,1,0.277777777777778
0,1,0.583333333333333
1,1,0.365909090909091
1,1,0.3375
0,1,0.611111111111111
0,1,0.347222222222222
0,1,0.472222222222222
0,1,0.333333333333333
0,1,0.25
0,1,0.759259259259259
0,1,0.583333333333333
1,1,0.475
0,1,0.555555555555556
0,1,0.458333333333333
1,1,0.6
0,1,0.513888888888889
0,1,0.541666666666667
0,1,0.666666666666667
1,1,0.3
0,1,0.444444444444444
1,1,0.4
0,1,0.722222222222222
0,1,0.527777777777778
1,1,0.608333333333333
0,1,0.694444444444444
0,1,0.513888888888889
0,1,0.472222222222222
0,1,0.694444444444444
1,1,0.4875
0,1,0.291666666666667
0,1,0.333333333333333
0,1,0.406565656565657
0,1,0.34469696969697
1,1,0.275
0,1,0.305555555555556
1,1,0.543181818181818
1,1,0.6525
1,1,0.325
0,1,0.638888888888889
0,1,0.611111111111111
0,1,0.646464646464647
0,1,0.166666666666667
0,1,0.627777777777778
0,1,0.361111111111111
1,1,0.625
0,1,0.416666666666667
1,1,0.5525
1,1,0.3875
0,1,0.638888888888889
0,1,0.666666666666667
0,1,0.555555555555556
0,1,0.444444444444444
1,1,0.425
0,1,0.611111111111111
1,1,0.6
1,1,0.358333333333333
0,1,0.430555555555556
1,1,0.616666666666667
0,1,0.444444444444444
0,1,0.444444444444444
0,1,0.472222222222222
1,1,0.359090909090909
1,1,0.525
0,1,0.722222222222222
1,1,0.420833333333333
0,1,0.611111111111111
1,1,0.294318181818182
0,1,0.680555555555556
0,1,0.578703703703704
0,1,0.406565656565657
0,1,0.458333333333333
0,1,0.5
0,1,0.666666666666667
1,1,0.442045454545455
0,1,0.388888888888889
0,1,0.388888888888889
0,1,0.444444444444444
0,1,0.666666666666667
1,1,0.3625
0,1,0.611111111111111
0,1,0.268939393939394
0,1,0.611111111111111
0,1,0.388888888888889
0,1,0.458333333333333
1,1,0.13
1,1,0.2
0,1,0.444444444444444
1,1,0.4375
0,1,0.416666666666667
0,1,0.25
0,1,0.416666666666667
1,1,0.2625
0,1,0.375
0,1,0.383838383838384
0,1,0.402777777777778
0,1,0.330808080808081
0,1,0.560606060606061
1,1,0.3475
0,1,0.152777777777778
0,1,0.430555555555556
0,1,0.433080808080808
0,1,0.527777777777778
0,1,0.25
0,1,0.416666666666667
0,1,0.666666666666667
1,1,0.475
0,1,0.755555555555556
0,1,0.555555555555556
0,1,0.583333333333333
0,1,0.541666666666667
0,1,0.555555555555556
0,1,0.666666666666667
0,1,0.272727272727273
1,1,0.55
0,1,0.680555555555556
0,1,0.405555555555556
0,1,0.611111111111111
0,1,0.527777777777778
0,1,0.277777777777778
0,1,0.421717171717172
0,1,0.625
0,1,0.625
0,1,0.388888888888889
0,1,0.694444444444444
0,1,0.583333333333333
0,1,0.5
0,1,0.21969696969697
0,1,0.475
0,1,0.388888888888889
0,1,0.597222222222222
0,1,0.402777777777778
0,1,0.666666666666667
1,1,0.288636363636364
0,1,0.40530303030303
0,1,0.40530303030303
1,1,0.175
0,1,0.555555555555556
0,1,0.430555555555556
0,1,0.458333333333333
0,1,0.569444444444444
0,1,0.722222222222222
0,1,0.666666666666667
0,1,0.555555555555556
1,1,0.2625
0,1,0.611111111111111
0,1,0.506313131313131
0,1,0.472222222222222
0,1,0.75
0,1,0.583333333333333
0,1,0.611111111111111
1,1,0.375
0,1,0.472222222222222
0,1,0.527777777777778
0,1,0.263888888888889
0,1,0.5
0,1,0.5
0,1,0.472222222222222
0,1,0.5
0,1,0.472222222222222
0,1,0.472222222222222
0,1,0.152777777777778
0,1,0.5
0,1,0.472222222222222
0,1,0.416666666666667
0,1,0.472222222222222
0,1,0.305555555555556
0,1,0.541666666666667
0,1,0.527777777777778
0,1,0.611111111111111
0,1,0.722222222222222
0,1,0.722222222222222
0,1,0.583333333333333
0,1,0.448232323232323
1,1,0.445833333333333
0,1,0.583333333333333
0,1,0.5
1,1,0.4875
0,1,0.696969696969697
0,1,0.593434343434343
0,1,0.688888888888889
0,1,0.511363636363636
0,1,0.472222222222222
0,1,0.444444444444444
0,1,0.597222222222222
0,1,0.244444444444444
0,1,0.435606060606061
0,1,0.434343434343434
0,1,0.287878787878788
0,1,0.472222222222222
0,1,0.5
1,1,0.175
0,1,0.332070707070707
0,1,0.472222222222222
0,1,0.712121212121212
0,1,0.549242424242424
0,1,0.291666666666667
0,1,0.0555555555555555
0,1,0.472222222222222
0,1,0.382575757575758
1,1,0.0775
0,1,0.203282828282828
0,1,0.472222222222222
0,1,0.458333333333333
0,1,0.470959595959596
0,1,0.430555555555556
0,1,0.333333333333333
1,1,0.2625
0,1,0.305555555555556
1,1,0.4875
0,1,0.388888888888889
0,1,0.388888888888889
0,1,0.287878787878788
0,1,0.0921717171717172
0,1,0.626262626262626
0,1,0.166666666666667
1,1,0.05
0,1,0.25
0,1,0.4
0,1,0.222222222222222
1,1,0.05
0,1,0.380050505050505
0,1,0.555555555555556
0,1,0.486111111111111
1,1,0.25
0,1,0.486111111111111
0,1,0.5
1,1,0.1625
0,1,0.333333333333333
0,1,0.646464646464647
1,1,0.3875
0,1,0.337962962962963
0,1,0.205555555555556
0,1,0.569444444444444
0,1,0.316919191919192
0,1,0.277777777777778
0,1,0.408333333333333
1,1,0.125
0,1,0.246212121212121
0,1,0.183333333333333
0,1,0.513888888888889
0,1,0.0277777777777778
0,1,0.0416666666666667
0,1,0.166666666666667
0,1,0.361111111111111
0,1,0.388888888888889
0,1,0.444444444444444
0,1,0.25
1,1,0.375
0,1,0.0972222222222223
1,1,0.1375
0,1,0.402777777777778
1,1,0.3625
0,1,0.486111111111111
0,1,0.208333333333333
0,1,0.527777777777778
0,1,0.388888888888889
0,1,0.25
0,1,0.513888888888889
0,1,0.397727272727273
0,1,0.222222222222222
1,1,0.45
0,1,0.125
0,1,0.319444444444444
0,1,0.472222222222222
0,1,0.238636363636364
0,1,0.202020202020202
1,1,0.285227272727273
0,1,0.272222222222222
0,1,0.223484848484848
1,1,0.525
0,1,0.611111111111111
0,1,0.398989898989899
0,1,0.486111111111111
1,1,0.219318181818182
0,1,0.430555555555556
0,1,0.277777777777778
0,1,0.252525252525253
0,1,0.291666666666667
0,1,0.152777777777778
0,1,0.328282828282828
1,1,0.246590909090909
1,1,0.0818181818181818
1,1,0.109090909090909
0,1,0.416666666666667
1,1,0.3125
0,1,0.5
0,1,0.132575757575758
0,1,0.277777777777778
1,1,0.25
0,1,0.319444444444444
0,1,0.222222222222222
0,1,0.388888888888889
0,1,0.472222222222222
0,1,0.5
0,1,0.172979797979798
0,1,0.361111111111111
0,1,0.460858585858586
0,1,0.319444444444444
0,1,0.287037037037037
0,1,0.222222222222222
1,1,0.466666666666667
1,1,0.125
1,1,0.2625
0,1,0.121212121212121
1,1,0.388636363636364
0,1,0.0833333333333333
0,1,0.433080808080808
0,1,0.25
1,1,0.15
0,1,0.242424242424242
1,1,0.475
1,1,0.625
1,1,0.475
0,1,0.527777777777778
1,1,0.45
1,1,0.375
0,1,0.416666666666667
0,1,0.555555555555556
0,1,0.291666666666667
0,1,0.555555555555556
1,1,0.535227272727273
0,1,0.5
0,1,0.472222222222222
1,1,0.4625
0,1,0.347222222222222
0,1,0.277777777777778
0,1,0.166666666666667
0,1,0.277777777777778
0,1,0.416666666666667
0,1,0.388888888888889
1,1,0.4
0,1,0.142676767676768
1,1,0.270833333333333
0,1,0.595959595959596
1,1,0.25
0,1,0.527777777777778
0,1,0.481481481481481
1,1,0.35
0,1,0.291666666666667
0,1,0.416666666666667
0,1,0.541666666666667
1,1,0.294318181818182
0,1,0.0694444444444445
0,1,0.486111111111111
0,1,0.444444444444444
1,1,0.425
0,1,0.444444444444444
0,1,0.285353535353535
0,1,0.213383838383838
0,1,0.131313131313131
0,1,0.184343434343434
0,1,0.152777777777778
0,1,0.0618686868686869
0,1,0.5
0,1,0.444444444444444
0,1,0.5
0,1,0.416666666666667
0,1,0.125
0,1,0.606060606060606
0,1,0.236111111111111
0,1,0.541666666666667
0,1,0.666666666666667
1,1,0.525
0,1,0.375
0,1,0.388888888888889
1,1,0.4375
1,1,0.110227272727273
1,1,0.423863636363636
1,1,0.6
0,1,0.347222222222222
1,1,0.4075
0,1,0.388888888888889
0,1,0.151515151515152
0,1,0.212121212121212
1,1,0.1875
0,1,0.458333333333333
0,1,0.323232323232323
0,1,0.666666666666667
0,1,0.606481481481482
0,1,0.277777777777778
0,1,0.25
0,1,0.383838383838384
0,1,0.555555555555556
0,1,0.361111111111111
0,1,0.513888888888889
0,1,0.402777777777778
0,1,0.458333333333333
0,1,0.713888888888889
1,1,0.3375
0,1,0.652777777777778
0,1,0.694444444444444
0,1,0.712121212121212
0,1,0.583333333333333
0,1,0.371212121212121
0,1,0.492424242424242
0,1,0.652777777777778
1,1,0.5625
0,1,0.680555555555556
0,1,0.5
0,1,0.377525252525253
0,1,0.541666666666667
1,1,0.275
0,1,0.527777777777778
1,1,0.420833333333333
0,1,0.541666666666667
0,1,0.291666666666667
0,1,0.666666666666667
0,1,0.625
0,1,0.236111111111111
1,1,0.5125
0,1,0.402777777777778
1,1,0.145454545454545
0,1,0.375
1,1,0.276136363636364
0,1,0.347222222222222
0,1,0.430555555555556
1,1,0.3875
1,1,0.6
0,1,0.638888888888889
0,1,0.777777777777778
0,1,0.486111111111111
1,1,0.572727272727273
0,1,0.722222222222222
0,1,0.433333333333333
0,1,0.546296296296296
0,1,0.48989898989899
0,1,0.367424242424242
0,1,0.597222222222222
1,1,0.475
0,1,0.722222222222222
0,1,0.622474747474748
0,1,0.472222222222222
0,1,0.25
0,1,0.486111111111111
0,1,0.583333333333333
0,1,0.625
0,1,0.513888888888889
0,1,0.597222222222222
0,1,0.638888888888889
0,1,0.438131313131313
0,1,0.402777777777778
1,1,0.3625
0,1,0.625
0,1,0.513888888888889
0,1,0.666666666666667
0,1,0.597222222222222
0,1,0.305555555555556
0,1,0.347222222222222
0,1,0.527777777777778
0,1,0.472222222222222
0,1,0.666666666666667
0,1,0.736111111111111
0,1,0.592592592592593
0,1,0.472222222222222
0,1,0.569444444444444
0,1,0.509259259259259
0,1,0.387626262626263
0,1,0.5
0,1,0.416666666666667
0,1,0.569444444444444
0,1,0.666666666666667
0,1,0.569444444444444
0,1,0.478535353535354
0,1,0.236111111111111
0,1,0.583333333333333
0,1,0.277777777777778
0,1,0.416666666666667
0,1,0.583333333333333
0,1,0.5
0,1,0.486111111111111
1,1,0.2625
0,1,0.277777777777778
0,1,0.555555555555556
0,1,0.537878787878788
0,1,0.333333333333333
0,1,0.347222222222222
0,1,0.388888888888889
0,1,0.361111111111111
0,1,0.180555555555556
0,1,0.222222222222222
0,1,0.236111111111111
0,1,0.375
1,1,0.314772727272727
0,1,0.416666666666667
1,1,0.618181818181818
0,1,0.611111111111111
0,1,0.583333333333333
1,1,0.1
1,1,0.2375
1,1,0.538888888888889
1,1,0.4
0,1,0.472222222222222
0,1,0.472222222222222
0,1,0.277777777777778
0,1,0.444444444444444
0,1,0.196969696969697
1,1,0.2375
0,1,0.397222222222222
0,1,0.5
0,1,0.430555555555556
0,1,0.570707070707071
1,1,0.3625
0,1,0.333333333333333
0,1,0.319444444444444
0,1,0.638888888888889
1,1,0.2125
0,1,0.458333333333333
0,1,0.119444444444444
0,1,0.472222222222222
0,1,0.555555555555556
0,1,0.263888888888889
0,1,0.611111111111111
0,1,0.527777777777778
1,1,0.5
0,1,0.631172839506173
0,1,0.375
0,1,0.416666666666667
0,1,0.416666666666667
0,1,0.333333333333333
0,1,0.555555555555556
0,1,0.472222222222222
0,1,0.208333333333333
0,1,0.291666666666667
1,1,0.476136363636364
0,1,0.342171717171717
0,1,0.416666666666667
0,1,0.462962962962963
1,1,0.277272727272727
1,1,0.0181818181818182
0,1,0.111111111111111
0,1,0.101010101010101
0,1,0.309343434343434
1,1,0.6
1,1,0.475
0,1,0.535353535353535
0,1,0.388888888888889
0,1,0.416666666666667
0,1,0.388888888888889
0,1,0.444444444444444
1,1,0.360227272727273
0,1,0.375
1,1,0.325
0,1,0.597222222222222
1,1,0.3125
0,1,0.444444444444444
0,1,0.568181818181818
0,1,0.416666666666667
0,1,0.222222222222222
0,1,0.597222222222222
1,1,0.513636363636364
0,1,0.416666666666667
0,1,0.236111111111111
0,1,0.28030303030303
1,1,0.175
0,1,0.361111111111111
0,1,0.236111111111111
0,1,0.583333333333333
0,1,0.4
0,1,0.666666666666667
0,1,0.263888888888889
0,1,0.333333333333333
0,1,0.333333333333333
0,1,0.638888888888889
0,1,0.277777777777778
0,1,0.142676767676768
1,1,0.2125
0,1,0.527777777777778
0,1,0.291666666666667
1,1,0.25
0,1,0.611111111111111
0,1,0.166666666666667
0,1,0.333333333333333
0,1,0.444444444444444
0,1,0.388888888888889
0,1,0.367424242424242
0,1,0.441919191919192
0,1,0.285353535353535
1,1,0.35
0,1,0.194444444444444
0,1,0.291666666666667
0,1,0.361111111111111
0,1,0.236111111111111
0,1,0.272222222222222
1,1,0.3875
0,1,0.638888888888889
1,1,0.35
0,1,0.388888888888889
0,1,0.638888888888889
0,1,0.430555555555556
0,1,0.388888888888889
0,1,0.407828282828283
0,1,0.208333333333333
0,1,0.277777777777778
0,1,0.444444444444444
0,1,0.222222222222222
0,1,0.375
0,1,0.388888888888889
0,1,0.458333333333333
0,1,0.638888888888889
0,1,0.569444444444444
1,1,0.3125
0,1,0.263888888888889
0,1,0.458333333333333
0,1,0.444444444444444
0,1,0.555555555555556
0,1,0.444444444444444
0,1,0.611111111111111
0,1,0.319444444444444
0,1,0.342592592592593
0,1,0.666666666666667
0,1,0.243686868686869
0,1,0.208333333333333
0,1,0.319444444444444
0,1,0.25
0,1,0.347222222222222
1,1,0.1625
0,1,0.305555555555556
0,1,0.486111111111111
0,1,0.44949494949495
0,1,0.333333333333333
0,1,0.583333333333333
0,1,0.277777777777778
1,1,0.25
1,1,0.246590909090909
0,1,0.184343434343434
0,1,0.171717171717172
0,1,0.467592592592593
0,1,0.208333333333333
0,1,0.183080808080808
0,1,0.611111111111111
0,1,0.555555555555556
0,1,0.527777777777778
0,1,0.638888888888889
0,1,0.638888888888889
0,1,0.0972222222222223
0,1,0.194444444444444
0,1,0.205808080808081
0,1,0.291666666666667
0,1,0.328282828282828
0,1,0.263888888888889
0,1,0.361111111111111
1,1,0.475
0,1,0.527777777777778
0,1,0.333333333333333
0,1,0.513888888888889
1,1,0.175
1,1,0.2375
0,1,0.384259259259259
0,1,0.152777777777778
0,1,0.527777777777778
1,1,0.2
0,1,0.0555555555555556
0,1,0.277777777777778
0,1,0.444444444444444
1,1,0.145454545454545
0,1,0.263888888888889
0,1,0.348484848484848
0,1,0.272727272727273
0,1,0.273989898989899
0,1,0.25
1,1,0.4225
0,1,0.638888888888889
0,1,0.402777777777778
1,1,0.273863636363636
0,1,0.611111111111111
1,1,0.163636363636364
0,1,0.138888888888889
0,1,0.222222222222222
1,1,0.0727272727272727
0,1,0.0277777777777778
0,1,0.333333333333333
1,1,0.075
0,1,0.422222222222222
0,1,0.486111111111111
0,1,0.319444444444444
0,1,0.111111111111111
0,1,0.380050505050505
1,1,0.232954545454545
1,1,0.175
0,1,0.272727272727273
1,1,0.525
1,1,0.15
1,1,0.475
0,1,0.0606060606060606
0,1,0.472222222222222
1,1,0.1875
1,1,0.1875
1,1,0.3475
0,1,0.666666666666667
0,1,0.347222222222222
0,1,0.319444444444444
0,1,0.444444444444444
1,1,0.3875
0,1,0.444444444444444
1,1,0.375
1,1,0.516666666666667
0,1,0.638888888888889
0,1,0.454545454545455
0,1,0.477777777777778
0,1,0.236111111111111
0,1,0.611111111111111
0,1,0.430555555555556
0,1,0.472222222222222
0,1,0.472222222222222
0,1,0.583333333333333
0,1,0.486111111111111
1,1,0.475
0,1,0.302777777777778
0,1,0.555555555555556
0,1,0.277777777777778
0,1,0.523148148148148
1,1,0.2275
0,1,0.402777777777778
0,1,0.5
0,1,0.430555555555556
0,1,0.305555555555556
0,1,0.555555555555556
0,1,0.472222222222222
0,1,0.541666666666667
0,1,0.277777777777778
0,1,0.166666666666667
0,1,0.444444444444444
0,1,0.277777777777778
1,1,0.182954545454545
0,1,0.333333333333333
0,1,0.416666666666667
0,1,0.361111111111111
0,1,0.583333333333333
0,1,0.180555555555556
0,1,0.444444444444444
0,1,0.583333333333333
0,1,0.611111111111111
0,1,0.367424242424242
0,1,0.541666666666667
0,1,0.611111111111111
0,1,0.5
1,1,0.075
0,1,0.534090909090909
0,1,0.444444444444444
1,1,0.0738636363636364
1,1,0.2875
1,1,0.425
0,1,0.616161616161616
1,1,0.05
0,1,0.25
0,1,0.638888888888889
0,1,0.263888888888889
0,1,0.527777777777778
0,1,0.319444444444444
0,1,0.555555555555556
0,1,0.205808080808081
1,1,0.275
0,1,0.319444444444444
0,1,0.541666666666667
0,1,0.37037037037037
0,1,0.138888888888889
0,1,0.174242424242424
1,1,0.172727272727273
0,1,0.611111111111111
0,1,0.319444444444444
0,1,0.375
1,1,0.375
NA,1,NA
0,1,0.460858585858586
0,1,0.541666666666667
0,1,0.219444444444444
0,1,0.518518518518518
0,1,0.204545454545455
0,1,0.537037037037037
0,1,0.375
1,1,0.35
1,1,0.2875
0,1,0.458333333333333
0,1,0.565656565656566
0,1,0.1
0,1,0.486111111111111
0,1,0.361111111111111
0,1,0.555555555555556
1,1,0.3625
1,1,0.2575
0,1,0.513888888888889
NA,1,NA
0,1,0.138888888888889
0,1,0.5
0,1,0.486111111111111
0,1,0.306818181818182
0,1,0.545454545454545
1,1,0.0818181818181818
0,1,0.555555555555556
0,1,0.583333333333333
0,1,0.486111111111111
0,1,0.611111111111111
0,1,0.565656565656566
0,1,0.444444444444444
1,1,0.15
1,1,0.3625
0,1,0.5
1,1,0.5
0,1,0.361111111111111
0,1,0.515151515151515
0,1,0.180555555555556
1,1,0.416666666666667
1,1,0.3625
0,1,0.583333333333333
1,1,0.4625
1,1,0.443181818181818
1,1,0.26
0,1,0.5
0,1,0.470959595959596
0,1,0.276515151515152
0,1,0.263888888888889
0,1,0.527777777777778
0,1,0.294191919191919
0,1,0.337121212121212
0,1,0.162878787878788
1,1,0.325
0,1,0.252777777777778
0,1,0.541666666666667
0,1,0.555555555555556
0,1,0.25
1,1,0.332954545454546
0,1,0.583333333333333
0,1,0.555555555555556
0,1,0.222222222222222
0,1,0.375
1,1,0.0375
0,1,0.166666666666667
1,1,0.170833333333333
0,1,0.361111111111111
1,1,0.2475
0,1,0.458333333333333
1,1,0.08
1,1,0.07
0,1,0.525
0,1,0.244444444444444
0,1,0.236111111111111
1,1,0.4425
0,1,0.569444444444444
0,1,0.472222222222222
0,1,0.388888888888889
1,1,0.2375
1,1,0.375
0,1,0.319444444444444
0,1,0.375
0,1,0.527777777777778
0,1,0.460858585858586
0,1,0.527777777777778
0,1,0.361111111111111
0,1,0.513888888888889
1,1,0.4
0,1,0.6
0,1,0.333333333333333
0,1,0.361111111111111
0,1,0.503787878787879
1,1,0.375
0,1,0.472222222222222
1,1,0.109090909090909
0,1,0.208333333333333
0,1,0.458333333333333
0,1,0.527777777777778
0,1,0.388888888888889
0,1,0.430555555555556
0,1,0.5
1,1,0.256818181818182
0,1,0.472222222222222
0,1,0.361111111111111
1,1,0.0875
0,1,0.208333333333333
1,1,0.1525
1,1,0.155681818181818
0,1,0.319444444444444
0,1,0.194444444444444
1,1,0.35
1,1,0.375
0,1,0.583333333333333
1,1,0.1875
0,1,0.5
1,1,0.0545454545454546
0,1,0.513888888888889
0,1,0.416666666666667
0,1,0.361111111111111
0,1,0.111111111111111
0,1,0.284090909090909
0,1,0.231481481481481
0,1,0.347222222222222
0,1,0.166666666666667
0,1,0.152777777777778
0,1,0.296296296296296
0,1,0.125
0,1,0.361111111111111
0,1,0.472222222222222
0,1,0.375
0,1,0.486111111111111
0,1,0.194444444444444
0,1,0.291666666666667
0,1,0.458333333333333
0,1,0.161616161616162
0,1,0.319444444444444
0,1,0.243686868686869
0,1,0.583333333333333
0,1,0.243686868686869
1,1,0.4
0,1,0.430555555555556
0,1,0.5
0,1,0.180555555555556
0,1,0.0555555555555555
0,1,0.416666666666667
0,1,0.583333333333333
1,1,0.1125
0,1,0.722222222222222
1,1,0.684722222222222
0,0,0.888888888888889
1,0,0.4875
0,1,0.791666666666667
0,0,1
1,0,0.709090909090909
0,1,0.319444444444444
0,0,0.819444444444444
0,1,0.152777777777778
0,1,0.611111111111111
0,0,0.888888888888889
0,1,0.555555555555556
0,0,0.75
0,0,0.833333333333333
0,1,0.203282828282828
0,0,0.916666666666667
1,0,0.5875
0,1,0.458333333333333
1,1,0.1625
0,1,0.197530864197531
0,1,0.194444444444444
0,0,0.833333333333333
0,0,0.888888888888889
0,1,0.555555555555556
0,1,0.25
1,1,0.425
0,0,0.444444444444444
0,0,0.958333333333333
0,1,0.625
0,1,0.733333333333333
1,1,0.5
0,0,0.810185185185185
1,1,0.497222222222222
1,0,0.7875
0,1,0.349747474747475
0,1,0.416666666666667
0,1,0.236111111111111
0,1,0.305555555555556
0,0,0.648148148148148
0,0,0.569444444444444
0,0,0.916666666666667
0,1,0.805555555555556
1,0,0.725
0,0,0.925925925925926
0,1,0.694444444444444
0,0,1
0,1,0.777777777777778
1,0,0.725
0,1,0.609567901234568
0,0,0.652777777777778
0,1,0.388888888888889
0,0,0.805555555555556
1,1,0.4625
0,0,0.96969696969697
0,0,0.888888888888889
0,0,0.944444444444444
0,0,0.972222222222222
0,1,0.777777777777778
1,0,0.9
0,0,0.805555555555556
0,0,0.916666666666667
0,0,0.888888888888889
0,1,0.138888888888889
0,0,0.944444444444444
0,0,0.583333333333333
0,0,0.670454545454545
0,1,0.5
0,0,0.875
0,0,0.888888888888889
0,1,0.680555555555556
0,0,0.916666666666667
0,1,0.833333333333333
0,0,0.916666666666667
0,0,0.972222222222222
0,1,0.305555555555556
0,0,0.444444444444444
0,1,0.209876543209877
0,1,0.388888888888889
0,1,0.679012345679012
0,0,0.675925925925926
0,0,0.791666666666667
0,0,0.638888888888889
0,0,0.732323232323232
0,0,0.926587301587302
0,0,0.833333333333333
0,0,0.805555555555556
0,0,0.583333333333333
0,1,0.439393939393939
0,0,0.680555555555556
0,0,1
1,1,0.45
0,0,0.541666666666667
0,0,0.944444444444444
0,0,0.944444444444444
0,1,0.805555555555556
0,0,0.972222222222222
0,0,0.944444444444444
0,1,0.763888888888889
0,0,0.916666666666667
0,0,0.833333333333333
0,0,0.916666666666667
0,0,0.916666666666667
0,0,0.944444444444444
0,0,0.944444444444444
0,0,0.842592592592593
0,0,0.944444444444444
0,0,0.916666666666667
0,1,0.222222222222222
0,0,0.916666666666667
0,0,1
1,0,0.85
0,0,0.833333333333333
0,1,0.5
0,0,0.888888888888889
0,0,0.694444444444444
0,1,0.419191919191919
1,1,0.372222222222222
0,0,0.97979797979798
1,0,0.7125
0,0,0.819444444444444
0,0,0.888888888888889
0,0,0.805555555555556
0,0,0.569444444444444
0,1,0.555555555555556
0,0,0.888888888888889
0,0,0.361111111111111
1,1,0.5625
0,0,0.527777777777778
0,0,0.652777777777778
0,1,0.324074074074074
0,1,0.166666666666667
0,1,0.494949494949495
0,1,0.337962962962963
0,1,0.208333333333333
1,1,0.25
0,1,0.304292929292929
0,1,0.356060606060606
0,0,0.680555555555556
0,1,0.111111111111111
0,0,0.569444444444444
0,1,0.0277777777777778
0,0,0.916666666666667
1,1,0.275
0,1,0.484848484848485
0,1,0.239197530864198
0,1,0.534090909090909
0,1,0.375
0,0,0.763888888888889
0,0,0.759259259259259
0,0,0.916666666666667
1,1,0.484090909090909
0,1,0.29320987654321
0,0,0.717592592592593
0,1,0.253787878787879
0,1,0.502525252525252
0,1,0.342171717171717
1,1,0.372727272727273
0,0,0.944444444444444
0,1,0.472222222222222
0,0,0.708333333333333
0,1,0.248737373737374
0,1,0.638888888888889
0,0,0.861111111111111
0,1,0.25
1,1,0.2125
0,1,0.291666666666667
0,1,0.611111111111111
0,1,0.340909090909091
0,1,0.333333333333333
0,1,0.347222222222222
0,1,0.29320987654321
0,1,0.444444444444444
0,1,0.213383838383838
0,0,0.472222222222222
0,0,0.638888888888889
0,0,1
0,1,0.236111111111111
0,1,0.180555555555556
0,0,0.805555555555556
0,1,0.5
0,1,0.138888888888889
0,1,0.402777777777778
0,1,0.236111111111111
0,1,0.555555555555556
0,1,0.0277777777777778
0,1,0.398148148148148
1,1,0.275
0,1,0.111111111111111
0,1,0.25
0,0,0.861111111111111
0,1,0.5
0,1,0.305555555555556
0,0,0.805555555555556
0,1,0.444444444444444
0,1,0.652777777777778
0,1,0.222222222222222
0,1,0.277777777777778
0,1,0.236111111111111
0,1,0.347222222222222
0,1,0.180555555555556
0,0,0.722222222222222
0,1,0.416666666666667
0,1,0.291666666666667
0,1,0.305555555555556
0,1,0.416666666666667
0,1,0.319444444444444
0,1,0.310606060606061
0,1,0.680555555555556
1,1,0.45
1,0,0.7
1,1,0.4375
0,0,1
0,0,0.833333333333333
0,1,0.125
0,0,0.888888888888889
0,0,0.680555555555556
0,0,1
0,0,0.634259259259259
0,0,0.966666666666667
0,0,0.962962962962963
0,0,0.814814814814815
1,0,0.6375
0,0,0.916666666666667
0,1,0.541666666666667
0,1,0.819444444444444
0,0,0.611111111111111
0,1,0.430555555555556
0,1,0.361111111111111
0,1,0.291666666666667
0,1,0.267676767676768
0,1,0.319444444444444
0,1,0.112373737373737
0,1,0.138888888888889
0,1,0.388888888888889
0,1,0.75
0,1,0.583333333333333
0,1,0.722222222222222
0,1,0.208333333333333
0,1,0.25
0,1,0.303030303030303
0,1,0.305555555555556
0,1,0.44949494949495
0,1,0.472222222222222
0,1,0.734848484848485
0,1,0.152777777777778
0,0,0.916666666666667
0,1,0.430555555555556
1,1,0.218181818181818
0,1,0.207070707070707
0,1,0.444444444444444
0,1,0.320707070707071
0,1,0.347222222222222
0,1,0.25
0,1,0.316919191919192
0,1,0.416666666666667
0,1,0.305555555555556
0,1,0.467592592592593
0,1,0.222222222222222
0,1,0.486111111111111
1,0,0.7625
0,1,0.240740740740741
0,1,0.222222222222222
0,0,1
0,1,0.121212121212121
0,1,0.416666666666667
0,0,0.611111111111111
0,1,0.444444444444444
1,1,0.675
0,1,0.208333333333333
0,1,0.402777777777778
0,1,0.256313131313131
0,1,0.362373737373737
0,1,0.606481481481482
0,0,0.5
0,1,0.373737373737374
0,0,0.925925925925926
0,0,0.611111111111111
0,1,0.102272727272727
0,1,0.486111111111111
0,0,0.925925925925926
0,0,0.722222222222222
0,1,0.36489898989899
0,1,0.438131313131313
0,1,0.247474747474747
0,1,0.138888888888889
0,1,0.222222222222222
0,0,1
0,1,0.291666666666667
0,0,0.680555555555556
0,0,0.925925925925926
0,0,0.671296296296296
0,0,0.972222222222222
0,1,0.407407407407407
0,0,0.736111111111111
0,0,0.875
0,0,0.958333333333333
0,1,0.430555555555556
0,0,0.666666666666667
0,1,0.25
1,1,0.5
0,1,0.279040404040404
0,1,0.740740740740741
0,0,0.861111111111111
0,1,0.541666666666667
0,0,0.791666666666667
1,0,0.875
0,1,0.648148148148148
0,1,0.759259259259259
0,0,0.680555555555556
0,1,0.277777777777778
1,1,0.539772727272727
0,0,0.777777777777778
0,1,0.472222222222222
0,1,0.601010101010101
0,1,0.416666666666667
0,1,0.277777777777778
0,1,0.457070707070707
0,1,0.481060606060606
0,1,0.535353535353535
0,0,0.888888888888889
0,1,0.444444444444444
0,1,0.611111111111111
0,1,0.75
0,0,0.626262626262626
0,0,0.805555555555556
0,1,0.263888888888889
1,1,0.589772727272727
1,1,0.1
1,0,0.854545454545455
0,1,0.722222222222222
1,1,0.25
1,1,0.511363636363636
0,0,0.597222222222222
0,0,1
0,0,0.847222222222222
0,1,0.597222222222222
0,1,0.279040404040404
NA,1,NA
0,1,0.478535353535354
0,1,0.592592592592593
0,0,0.888888888888889
0,0,0.861111111111111
0,1,0.638888888888889
0,1,0.472222222222222
0,0,0.805555555555556
1,0,0.725
0,1,0.319444444444444
0,0,0.555555555555556
0,1,0.369949494949495
0,1,0.458333333333333
0,1,0.527777777777778
0,0,0.722222222222222
0,1,0.23989898989899
0,1,0.166666666666667
0,1,0.472222222222222
0,0,0.666666666666667
0,1,0.526515151515151
1,0,0.766666666666667
0,0,0.532407407407407
1,1,0.45
0,1,0.599747474747475
0,0,0.916666666666667
0,1,0.536616161616162
0,1,0.222222222222222
0,1,0.430555555555556
1,0,0.7625
1,1,0.192045454545455
0,0,0.777777777777778
0,1,0.736111111111111
0,1,0.666666666666667
0,1,0.777777777777778
0,1,0.670454545454545
0,1,0.736111111111111
1,0,0.575
0,1,0.577020202020202
0,0,0.597222222222222
1,0,0.675
0,1,0.402777777777778
0,1,0.513888888888889
0,1,0.531565656565657
0,1,0.194444444444444
0,1,0.314814814814815
0,0,0.791666666666667
0,0,0.75
0,0,0.939393939393939
0,0,0.597222222222222
0,0,0.555555555555556
0,1,0.377525252525253
0,1,0.341666666666667
0,0,0.722222222222222
0,1,0.372474747474747
0,1,0.501262626262626
0,1,0.375
0,0,0.888888888888889
0,1,0.486111111111111
0,1,0.583333333333333
0,0,0.958333333333333
0,1,0.452020202020202
0,0,0.541666666666667
0,1,0.166666666666667
0,1,0.486111111111111
0,1,0.621212121212121
0,1,0.388888888888889
0,1,0.444444444444444
0,1,0.444444444444444
0,1,0.508838383838384
0,1,0.156565656565657
1,1,0.1875
0,1,0.222222222222222
0,1,0.492424242424242
0,1,0.694444444444444
0,1,0.444444444444444
0,0,0.5
0,1,0.388888888888889
0,1,0.25
0,1,0.527777777777778
0,1,0.412878787878788
1,1,0.3875
0,0,0.97979797979798
0,1,0.388888888888889
0,1,0.308080808080808
0,1,0.375
0,1,0.166666666666667
0,1,0.694444444444444
0,0,0.777777777777778
0,1,0.267676767676768
0,0,0.925925925925926
0,0,0.884259259259259
0,1,0.347222222222222
0,0,0.444444444444444
0,0,0.819444444444444
0,1,0.166666666666667
0,0,0.541666666666667
0,1,0.25
0,1,0.142676767676768
0,0,0.888888888888889
1,1,0.633333333333333
0,0,0.847222222222222
0,1,0.652777777777778
0,1,0.44949494949495
0,0,0.944444444444444
0,1,0.666666666666667
0,1,0.152777777777778
0,1,0.458333333333333
0,0,0.888888888888889
0,1,0.388888888888889
0,1,0.335858585858586
0,1,0.396464646464646
0,0,0.888888888888889
1,0,0.825
0,1,0.472222222222222
0,1,0.507716049382716
1,0,0.466666666666667
1,1,0.323863636363636
0,1,0.474747474747475
0,0,0.720959595959596
0,1,0.555555555555556
0,1,0.238636363636364
0,0,0.736111111111111
0,1,0.444444444444444
0,1,0.486111111111111
0,0,0.916666666666667
1,1,0.4625
0,0,0.884259259259259
0,0,0.875
1,0,0.4125
1,0,0.466666666666667
0,1,0.319444444444444
0,1,0.777777777777778
0,0,0.833333333333333
1,1,0.3625
0,0,0.759259259259259
0,1,0.194444444444444
0,0,0.819444444444444
0,0,0.833333333333333
1,1,0.404166666666667
0,1,0.472222222222222
0,0,1
1,0,0.75
0,1,0.375
0,0,0.694444444444444
0,1,0.777777777777778
0,0,0.819444444444444
0,0,0.944444444444444
0,0,0.669191919191919
0,1,0.417929292929293
0,1,0.666666666666667
0,0,0.875
0,1,0.458333333333333
0,1,0.648148148148148
0,0,0.75
0,1,0.208333333333333
0,1,0.486111111111111
1,0,0.6
0,1,0.569444444444444
0,1,0.305555555555556
0,1,0.25
0,1,0.181818181818182
0,1,0.291666666666667
0,1,0.186868686868687
0,1,0.318181818181818
0,0,0.646604938271605
0,1,0.458333333333333
0,1,0.416666666666667
0,1,0.25
0,0,0.791666666666667
0,1,0.430555555555556
0,0,0.626262626262626
0,1,0.202020202020202
0,1,0.397727272727273
1,1,0.227272727272727
0,1,0.138888888888889
0,1,0.222222222222222
0,1,0.208333333333333
0,1,0.777777777777778
0,1,0.513888888888889
0,1,0.236111111111111
0,1,0.353395061728395
0,0,0.847222222222222
1,1,0.5125
0,1,0.625
0,1,0.375
0,0,0.916666666666667
0,0,0.972222222222222
0,0,0.916666666666667
0,0,0.736111111111111
0,1,0.597222222222222
0,0,0.888888888888889
0,1,0.125
0,1,0.375
0,1,0.180555555555556
1,0,0.725
0,1,0.305555555555556
0,0,0.833333333333333
0,1,0.535353535353535
0,1,0.666666666666667
0,1,0.44949494949495
0,0,0.75
0,0,0.486111111111111
0,0,0.722222222222222
0,1,0.388888888888889
0,0,0.977777777777778
0,1,0.440656565656566
1,0,0.7
0,1,0.476851851851852
0,1,0.777777777777778
0,0,0.913888888888889
0,0,0.777777777777778
0,0,0.925925925925926
0,0,0.555555555555556
0,1,0.416666666666667
0,0,0.680555555555556
0,1,0.563131313131313
0,1,0.52020202020202
0,1,0.541666666666667
0,1,0.574074074074074
1,1,0.216666666666667
0,1,0.375
0,1,0.277777777777778
0,0,0.944444444444444
0,1,0.375
0,1,0.347222222222222
0,1,0.625
0,1,0.381172839506173
0,1,0.75
0,1,0.25
0,1,0.319444444444444
1,1,0.221590909090909
0,1,0.361111111111111
0,1,0.287878787878788
0,1,0.333333333333333
0,0,0.638888888888889
0,1,0.277777777777778
0,0,0.94949494949495
0,0,0.680555555555556
0,1,0.606060606060606
0,1,0.277777777777778
0,0,0.648148148148148
0,0,0.805555555555556
0,1,0.236111111111111
0,1,0.277777777777778
0,1,0.722222222222222
0,0,0.888888888888889
1,0,0.519444444444444
0,0,1
0,1,0.533950617283951
0,1,0.361111111111111
0,1,0.138888888888889
0,1,0.375
0,0,0.925925925925926
0,1,0.305555555555556
0,1,0.833333333333333
0,1,0.671717171717172
1,1,0.075
0,1,0.625
0,1,0.358024691358025
0,1,0.333333333333333
1,1,0.145454545454545
0,0,0.541666666666667
0,1,0.402777777777778
0,1,0.694444444444444
0,1,0.419444444444444
1,0,0.775
0,1,0.722222222222222
0,1,0.194444444444444
0,1,0.101010101010101
0,1,0.111111111111111
0,1,0.583333333333333
0,1,0.194444444444444
0,0,0.805555555555556
0,1,0.347222222222222
1,1,0.375
0,1,0.439814814814815
0,1,0.416666666666667
0,0,1
0,1,0.583333333333333
0,1,0.388888888888889
0,1,0.513888888888889
0,1,0.444444444444444
1,1,0.418181818181818
0,1,0.430555555555556
1,1,0.6625
0,1,0.36489898989899
0,1,0.222222222222222
0,0,0.94949494949495
0,1,0.355555555555556
0,1,0.319444444444444
0,1,0.638888888888889
0,1,0.125
0,1,0.166666666666667
1,0,0.475
0,1,0.516414141414141
0,1,0.527777777777778
0,1,0.513888888888889
1,0,0.6875
0,1,0.414141414141414
0,1,0.666666666666667
0,1,0.375
0,1,0.333333333333333
0,1,0.599747474747475
0,0,0.800925925925926
0,0,0.486111111111111
0,1,0.263888888888889
0,1,0.416666666666667
0,1,0.444444444444444
0,0,0.925925925925926
0,1,0.0833333333333333
0,1,0.376543209876543
0,0,0.777777777777778
0,0,0.652777777777778
0,0,0.583333333333333
0,1,0.638888888888889
0,0,0.708333333333333
0,0,0.736111111111111
0,1,0.333333333333333
0,1,0.388888888888889
0,1,0.194444444444444
0,1,0.814814814814815
0,0,0.763888888888889
1,0,0.725
0,1,0.222222222222222
0,1,0.248737373737374
0,1,0.518939393939394
0,1,0.383838383838384
0,1,0.333333333333333
0,1,0.222222222222222
1,0,0.75
0,1,0.319444444444444
0,1,0.276234567901235
0,1,0.191919191919192
0,0,0.944444444444444
0,0,0.958333333333333
1,0,0.9
0,1,0.23989898989899
0,1,0.490740740740741
0,0,0.847222222222222
0,1,0.638888888888889
1,1,0.695454545454545
0,0,0.888888888888889
0,1,0.25
0,1,0.777777777777778
0,1,0.722222222222222
1,1,0.475
0,0,0.710858585858586
1,0,0.65
0,1,0.402777777777778
1,1,0.275
0,0,0.5
0,1,0.611111111111111
0,1,0.208333333333333
0,0,0.69949494949495
0,1,0.0694444444444445
1,1,0.391666666666667
0,1,0.166666666666667
0,1,0.347222222222222
0,1,0.244949494949495
1,1,0.1
0,1,0.333333333333333
0,1,0.277777777777778
0,1,0.777777777777778
0,1,0.243686868686869
0,1,0.402777777777778
0,1,0.222222222222222
0,1,0.209876543209877
0,1,0.527777777777778
0,0,0.680555555555556
0,1,0.472222222222222
0,1,0.729938271604938
0,1,0.805555555555556
0,0,0.708333333333333
0,1,0.25
0,0,0.819444444444444
0,1,0.263888888888889
0,0,0.62962962962963
0,1,0.166666666666667
0,1,0.372474747474747
0,1,0.186868686868687
0,1,0.652777777777778
0,0,0.75
0,1,0.583333333333333
1,0,0.85
0,0,0.680555555555556
0,0,0.569444444444444
0,1,0.5
0,1,0.263888888888889
0,0,0.689814814814815
0,1,0.430555555555556
0,1,0.138888888888889
0,1,0.263888888888889
0,1,0.263888888888889
0,1,0.527777777777778
0,1,0.25
0,0,0.652777777777778
0,1,0.25
0,0,0.625
0,1,0.138888888888889
0,0,0.741161616161616
0,1,0.430555555555556
0,1,0.722222222222222
0,0,0.888888888888889
0,0,0.638888888888889
0,0,0.861111111111111
0,0,0.888888888888889
0,1,0.805555555555556
0,1,0.272727272727273
0,0,0.583333333333333
0,0,0.638888888888889
0,1,0.555555555555556
0,0,0.727777777777778
0,0,0.861111111111111
0,1,0.555555555555556
0,0,0.884259259259259
1,1,0.125
0,1,0.631313131313131
0,1,0.5
0,1,0.25
0,0,0.5
0,0,0.708333333333333
0,0,0.861111111111111
0,0,0.888888888888889
0,1,0.75
0,1,0.648148148148148
0,0,0.944444444444444
0,1,0.509259259259259
0,0,0.597222222222222
0,0,0.888888888888889
0,1,0.222222222222222
0,1,0.5
0,1,0.347222222222222
0,0,0.777777777777778
0,1,0.291666666666667
0,0,0.611111111111111
0,1,0.222222222222222
0,1,0.597222222222222
0,1,0.492424242424242
1,0,0.8
0,1,0.75
0,0,0.666666666666667
1,1,0.333333333333333
0,0,0.848484848484849
0,0,0.875
1,0,0.583333333333333
1,0,0.634722222222222
1,1,0.243055555555556
0,1,0.638888888888889
0,0,0.916666666666667
0,1,0.486111111111111
0,1,0.777777777777778
1,1,0.733333333333333
0,0,0.861111111111111
0,1,0.569444444444445
0,1,0.555555555555556
0,1,0.444444444444444
0,1,0.777777777777778
0,1,0.320707070707071
0,1,0.583333333333333
0,1,0.667929292929293
0,1,0.527777777777778
0,1,0.268518518518519
0,1,0.402777777777778
1,1,0.125
0,1,0.0833333333333333
0,0,0.805555555555556
0,1,0.402777777777778
0,1,0.277777777777778
1,1,0.219318181818182
1,0,0.85
0,1,0.561728395061728
0,1,0.263888888888889
0,1,0.388888888888889
0,1,0.25
0,1,0.777777777777778
0,0,0.708333333333333
0,0,0.625
0,1,0.777777777777778
0,1,0.291666666666667
0,1,0.375
0,1,0.638888888888889
0,0,0.75
0,1,0.375
0,1,0.277777777777778
0,1,0.684343434343434
0,1,0.402777777777778
0,0,0.875
1,1,0.140909090909091
0,1,0.569444444444444
0,1,0.166666666666667
0,0,0.875
0,0,0.638888888888889
0,0,0.666666666666667
0,1,0.41820987654321
0,1,0.777777777777778
0,0,0.884259259259259
0,1,0.402777777777778
0,1,0.458333333333333
1,1,0.6625
0,1,0.111111111111111
1,0,0.7125
0,1,0.5
0,0,0.722222222222222
0,0,0.916666666666667
1,1,0.588636363636364
0,1,0.208333333333333
0,1,0.361111111111111
1,1,0.4625
0,0,0.861111111111111
0,0,0.916666666666667
0,0,0.888888888888889
1,0,0.675
0,1,0.486111111111111
1,1,0.352777777777778
0,0,0.930555555555556
0,0,0.634259259259259
0,1,0.416666666666667
0,1,0.347222222222222
0,1,0.222222222222222
0,1,0.722222222222222
0,1,0.319444444444444
0,1,0.180555555555556
0,1,0.611111111111111
0,0,0.625
1,1,0.310227272727273
0,0,0.777777777777778
0,0,0.583333333333333
1,1,0.3
0,1,0.194444444444444
0,0,0.708333333333333
0,1,0.177469135802469
0,1,0.578703703703704
0,1,0.472222222222222
1,0,0.6625
0,0,0.833333333333333
0,1,0.38510101010101
0,1,0.486111111111111
0,1,0.527777777777778
0,1,0.319444444444444
0,0,0.689814814814815
0,1,0.111111111111111
1,1,0.2
0,0,0.638888888888889
0,1,0.402777777777778
0,1,0.184343434343434
0,1,0.333333333333333
0,0,0.805555555555556
0,1,0.625
0,1,0.805555555555556
0,0,0.669191919191919
0,1,0.583333333333333
0,1,0.305555555555556
0,1,0.5
0,1,0.265151515151515
0,0,0.763888888888889
0,1,0.611111111111111
0,0,0.944444444444444
0,0,0.736111111111111
0,1,0.510802469135803
0,1,0.277777777777778
0,1,0.597222222222222
0,0,0.833333333333333
1,1,0.1
0,1,0.694444444444444
0,0,0.555555555555556
0,1,0.166666666666667
1,1,0.6125
0,0,0.833333333333333
0,1,0.722222222222222
0,0,0.916666666666667
0,1,0.722222222222222
0,0,0.833333333333333
1,0,0.75
1,1,0.525
1,0,0.7375
0,1,0.378787878787879
0,1,0.527777777777778
0,1,0.35479797979798
0,0,0.611111111111111
0,1,0.297979797979798
0,0,0.430555555555556
0,1,0.472222222222222
0,1,0.708333333333333
0,0,0.569444444444444
1,0,0.6625
0,1,0.402777777777778
0,1,0.449074074074074
0,1,0.583333333333333
0,1,0.5
0,1,0.611111111111111
0,1,0.285353535353535
0,0,0.944444444444444
0,1,0.555555555555556
0,1,0.361111111111111
1,1,0.375
0,1,0.373456790123457
1,1,0.3125
0,1,0.291666666666667
0,1,0.373737373737374
0,1,0.324074074074074
0,1,0.486111111111111
0,1,0.273989898989899
1,1,0.340909090909091
1,0,0.8375
0,1,0.375
0,1,0.380050505050505
0,1,0.472222222222222
0,1,0.305555555555556
0,0,0.861111111111111
0,1,0.305555555555556
0,0,0.742424242424242
0,1,0.222222222222222
0,1,0.611111111111111
0,0,0.944444444444444
0,1,0.430555555555556
0,0,0.902777777777778
0,1,0.329545454545455
0,1,0.194444444444444
0,1,0.277777777777778
0,0,0.833333333333333
0,0,0.902777777777778
0,1,0.486111111111111
0,1,0.62962962962963
0,1,0.347222222222222
0,1,0.194444444444444
0,1,0.319444444444444
1,1,0.523863636363636
0,1,0.194444444444444
0,1,0.722222222222222
0,1,0.486111111111111
1,0,0.825
0,0,0.847222222222222
0,0,0.94949494949495
0,1,0.680555555555556
0,1,0.694444444444444
0,1,0.458333333333333
0,1,0.527777777777778
0,1,0.361111111111111
0,0,0.861111111111111
0,0,0.597222222222222
0,1,0.402777777777778
0,1,0.527777777777778
0,1,0.53858024691358
0,1,0.347222222222222
0,0,0.884259259259259
0,1,0.555555555555556
0,1,0.625
0,1,0.402777777777778
0,1,0.486111111111111
0,0,0.888888888888889
0,1,0.777777777777778
0,0,0.833333333333333
0,0,0.962962962962963
1,1,0.675
0,1,0.539141414141414
0,1,0.440656565656566
0,0,0.638888888888889
0,0,0.888888888888889
0,0,0.847222222222222
0,1,0.652777777777778
0,0,0.444444444444444
0,1,0.194444444444444
0,0,0.833333333333333
0,1,0.361111111111111
0,1,0.777777777777778
0,1,0.597222222222222
0,1,0.0833333333333333
1,0,0.725
0,1,0.202020202020202
0,1,0.333333333333333
1,1,0.467045454545455
0,0,0.506172839506173
0,1,0.569444444444444
1,1,0.375
0,1,0.430555555555556
0,0,0.944444444444444
0,0,0.736111111111111
0,0,0.375
0,1,0.375
0,1,0.228535353535354
0,0,0.680555555555556
0,1,0.570707070707071
0,0,0.611111111111111
1,1,0.3625
1,0,0.825
0,1,0.666666666666667
0,0,0.962962962962963
0,1,0.291666666666667
0,1,0.694444444444445
0,1,0.527777777777778
0,1,0.41820987654321
0,1,0.638888888888889
0,1,0.472222222222222
0,0,0.837962962962963
0,1,0.25
0,0,0.758333333333333
0,0,0.888888888888889
0,1,0.708333333333333
1,1,0.7
0,0,0.847222222222222
0,1,0.222222222222222
0,0,0.888888888888889
0,1,0.416666666666667
0,1,0.666666666666667
0,1,0.0972222222222222
0,1,0.402777777777778
0,1,0.25
0,1,0.251543209876543
0,1,0.333333333333333
0,1,0.333333333333333
0,1,0.601851851851852
0,0,0.680555555555556
0,0,0.560185185185185
0,0,0.791666666666667
0,1,0.319444444444444
0,1,0.544444444444444
0,0,0.916666666666667
0,1,0.555555555555556
0,0,0.916666666666667
0,1,0.477272727272727
1,0,0.586363636363636
0,0,0.944444444444444
1,1,0.3375
0,0,0.9
1,0,0.825
0,1,0.222222222222222
0,1,0.508333333333333
0,1,0.222222222222222
1,0,0.669318181818182
0,0,0.902777777777778
1,1,0.275
0,0,0.708333333333333
1,1,0.65
1,0,0.826136363636364
0,0,0.962962962962963
0,0,0.847222222222222
0,0,0.833333333333333
0,0,0.555555555555556
1,1,0.298863636363636
0,1,0.428030303030303
0,0,0.606060606060606
0,1,0.313888888888889
0,0,0.37037037037037
0,1,0.435606060606061
0,0,0.606060606060606
0,1,0.513888888888889
0,0,0.720959595959596
0,0,0.777777777777778
0,0,0.888888888888889
0,1,0.263888888888889
0,0,0.601851851851852
0,1,0.277777777777778
0,0,0.777777777777778
0,0,0.729938271604938
0,0,0.856060606060606
0,1,0.666666666666667
0,1,0.45679012345679
0,1,0.135802469135802
0,0,0.666666666666667
0,1,0.166666666666667
0,1,0.777777777777778
0,0,0.616161616161616
1,1,0.2875
0,1,0.555555555555556
0,1,0.292929292929293
0,1,0.694444444444445
0,1,0.527777777777778
0,0,0.666666666666667
0,1,0.666666666666667
0,1,0.563131313131313
0,0,0.888888888888889
0,1,0.388888888888889
0,1,0.569444444444445
0,1,0.486111111111111
0,1,0.458333333333333
0,1,0.527777777777778
0,0,0.597222222222222
0,1,0.263888888888889
0,1,0.305555555555556
0,1,0.430555555555556
1,1,0.4875
0,1,0.436868686868687
1,1,0.4
0,1,0.638888888888889
0,0,0.833333333333333
0,1,0.304292929292929
0,1,0.375
0,1,0.486111111111111
0,1,0.694444444444445
0,0,0.875
0,1,0.430555555555556
0,1,0.694444444444444
0,1,0.388888888888889
0,1,0.347222222222222
0,1,0.375
1,1,0.351136363636364
0,0,0.819444444444444
0,0,0.597222222222222
1,1,0.6
0,1,0.569444444444444
0,0,0.929292929292929
0,0,0.472222222222222
1,1,0.184090909090909
0,0,0.944444444444444
0,1,0.277777777777778
0,1,0.805555555555556
0,0,0.555555555555556
0,1,0.202020202020202
0,1,0.444444444444444
0,1,0.430555555555556
1,0,0.775
0,1,0.638888888888889
0,0,0.486111111111111
0,1,0.263888888888889
0,0,0.884259259259259
1,1,0.55
0,1,0.391666666666667
0,1,0.222222222222222
0,1,0.805555555555556
0,1,0.75
1,1,0.633333333333333
1,1,0.388636363636364
0,1,0.555555555555556
0,0,0.888888888888889
0,0,0.513888888888889
0,1,0.777777777777778
0,0,0.929292929292929
0,0,0.847222222222222
0,0,0.595959595959596
1,1,0.666666666666667
0,0,0.777777777777778
0,1,0.361111111111111
0,0,0.625
0,1,0.611111111111111
0,0,0.555555555555556
1,1,0.3125
0,0,0.888888888888889
0,1,0.680555555555556
0,1,0.458333333333333
1,1,0.683333333333333
1,1,0.4625
0,0,0.929292929292929
0,1,0.597222222222222
0,1,0.444444444444444
0,1,0.611111111111111
0,0,0.833333333333333
0,0,0.555555555555556
0,1,0.375
1,0,0.5625
0,1,0.347222222222222
0,1,0.327160493827161
0,0,0.916666666666667
0,0,0.939393939393939
0,1,0.527777777777778
0,1,0.654040404040404
0,1,0.810185185185185
1,0,0.4
1,0,0.7625
0,1,0.62962962962963
0,0,1
1,0,0.65
1,1,0.455681818181818
0,1,0.833333333333333
1,1,0.4875
1,1,0.575
1,0,0.5625
0,0,0.638888888888889
1,1,0.754545454545455
0,1,0.0833333333333333
0,1,0.75
0,0,0.925925925925926
0,1,0.236111111111111
0,1,0.75
0,1,0.666666666666667
0,1,0.611111111111111
0,0,0.652777777777778
0,1,0.512626262626263
0,1,0.191919191919192
1,1,0.425
0,0,0.444444444444444
0,1,0.146464646464646
0,0,0.888888888888889
0,1,0.710858585858586
1,1,0.4875
0,1,0.25
0,1,0.444444444444444
0,1,0.347222222222222
1,0,0.4875
1,0,0.576136363636364
0,0,0.736111111111111
0,0,0.861111111111111
0,1,0.597222222222222
0,1,0.340909090909091
0,1,0.367424242424242
1,0,0.795833333333333
0,1,0.148148148148148
0,1,0.277777777777778
0,1,0.375
0,1,0.62962962962963
0,0,0.842592592592593
1,1,0.425
0,1,0.583333333333333
1,0,0.8375
0,1,0.343434343434343
0,1,0.545454545454545
0,1,0.75
0,1,0.5
0,1,0.527777777777778
0,1,0.505050505050505
1,0,0.6625
1,1,0.5625
0,1,0.513888888888889
0,0,0.888888888888889
0,1,0.444444444444444
1,1,0.243181818181818
0,0,0.652777777777778
1,0,0.545454545454546
1,1,0.1875
0,1,0.575757575757576
0,0,0.5
1,1,0.234090909090909
0,0,0.861111111111111
0,1,0.722222222222222
0,1,0.602272727272727
0,1,0.166666666666667
0,1,0.458333333333333
0,1,0.433080808080808
0,1,0.222222222222222
0,1,0.25
0,1,0.611111111111111
0,0,0.625
0,1,0.361111111111111
0,1,0.430555555555556
0,1,0.166666666666667
0,1,0.5
0,1,0.0972222222222223
0,1,0.347222222222222
0,1,0.75
0,0,0.916666666666667
0,1,0.833333333333333
0,0,0.652777777777778
0,0,0.777777777777778
0,1,0.222222222222222
1,1,0.525
1,1,0.325
0,0,0.680555555555556
0,1,0.305555555555556
0,1,0.585858585858586
0,1,0.513888888888889
0,0,0.597222222222222
0,1,0.252525252525253
0,1,0.25
0,0,0.555555555555556
0,1,0.458333333333333
0,1,0.569444444444444
0,0,0.611111111111111
0,1,0.291666666666667
0,1,0.652777777777778
0,0,0.805555555555556
0,1,0.180555555555556
0,1,0.289141414141414
0,1,0.476010101010101
0,1,0.579545454545455
0,1,0.5
0,1,0.402777777777778
0,0,0.833333333333333
0,0,0.805555555555556
0,1,0.402777777777778
0,0,0.888888888888889
0,1,0.333333333333333
0,0,0.916666666666667
0,1,0.777777777777778
0,1,0.208333333333333
0,1,0.388888888888889
0,0,0.694444444444444
0,1,0.405864197530864
0,1,0.208333333333333
0,1,0.472222222222222
0,1,0.666666666666667
0,1,0.530864197530864
0,1,0.444444444444444
0,1,0.503086419753086
0,1,0.458333333333333
0,1,0.458333333333333
0,0,1
0,1,0.262626262626263
0,0,0.861111111111111
0,0,0.777777777777778
0,1,0.611111111111111
0,1,0.366161616161616
0,0,0.638888888888889
1,1,0.525
1,0,0.7875
1,0,0.5375
0,1,0.796717171717172
0,0,0.777777777777778
0,1,0.166666666666667
0,1,0.388888888888889
0,1,0.486111111111111
0,0,0.652777777777778
0,1,0.472222222222222
0,1,0.569444444444445
0,1,0.25
0,1,0.262626262626263
0,1,0.319444444444444
0,0,0.5
0,1,0.561728395061728
0,1,0.138888888888889
0,0,0.833333333333333
0,1,0.444444444444444
1,1,0.3875
0,0,0.583333333333333
0,0,0.902777777777778
0,1,0.458333333333333
0,1,0.347222222222222
0,1,0.472222222222222
0,0,0.777777777777778
0,1,0.444444444444444
0,1,0.638888888888889
0,0,0.755050505050505
0,0,0.527777777777778
0,0,0.569444444444444
0,1,0.291666666666667
0,0,0.666666666666667
0,1,0.351010101010101
0,0,0.5
1,0,0.825
1,1,0.225
0,1,0.472222222222222
0,1,0.36489898989899
0,1,0.319444444444444
0,0,0.541666666666667
1,1,0.583333333333333
0,1,0.708333333333333
1,1,0.403409090909091
0,1,0.138888888888889
0,1,0.361111111111111
0,1,0.518518518518518
0,1,0.363636363636364
0,1,0.430555555555556
1,0,0.675
0,1,0.426767676767677
1,0,0.591666666666667
0,1,0.583333333333333
0,1,0.722222222222222
0,1,0.513888888888889
0,1,0.375
0,1,0.597222222222222
0,1,0.444444444444444
0,1,0.402777777777778
0,1,0.191919191919192
0,0,0.634259259259259
1,1,0.2125
0,1,0.347222222222222
1,1,0.2625
0,1,0.555555555555556
0,0,0.638888888888889
0,1,0.661111111111111
0,0,0.916666666666667
1,1,0.457954545454546
0,1,0.361111111111111
0,1,0.555555555555556
0,1,0.65
0,0,0.875
1,0,0.5
0,1,0.486111111111111
0,1,0.669191919191919
0,1,0.305555555555556
1,1,0.416666666666667
0,1,0.527777777777778
0,1,0.638888888888889
1,1,0.3125
0,1,0.569444444444444
0,1,0.638888888888889
0,1,0.263888888888889
1,1,0.4125
0,1,0.680555555555556
0,1,0.46969696969697
1,1,0.2625
0,0,0.916666666666667
0,1,0.367424242424242
0,0,0.944444444444444
0,0,0.944444444444444
0,0,0.652777777777778
1,0,0.825
0,1,0.513888888888889
0,0,0.861111111111111
0,0,0.888888888888889
1,0,0.8
1,1,0.6625
0,0,0.888888888888889
1,0,0.6
0,0,0.888888888888889
0,0,0.740740740740741
0,1,0.583333333333333
0,0,0.916666666666667
0,0,0.888888888888889
0,0,0.902777777777778
1,1,0.725
0,0,0.944444444444444
0,0,0.962962962962963
0,0,0.763888888888889
0,1,0.638888888888889
0,1,0.75
0,1,0.722222222222222
0,0,0.944444444444444
0,1,0.680555555555556
0,0,0.699074074074074
0,0,0.875
0,1,0.555555555555556
1,1,0.325
0,0,0.972222222222222
0,0,0.888888888888889
0,1,0.559343434343434
1,0,0.75
0,0,0.833333333333333
0,1,0.805555555555556
0,0,0.888888888888889
0,1,0.472222222222222
1,0,0.375
0,0,0.861111111111111
1,1,0.111111111111111
0,0,1
0,1,0.694444444444445
0,0,0.777777777777778
0,0,0.652777777777778
0,1,0.722222222222222
0,1,0.222222222222222
0,1,0.666666666666667
0,0,0.962962962962963
0,1,0.689814814814815
1,0,0.725
0,0,0.680555555555556
1,1,0.6875
0,1,0.814814814814815
0,0,0.814393939393939
1,1,0.359090909090909
0,0,0.791666666666667
0,0,0.851851851851852
1,0,0.826136363636364
0,1,0.0972222222222223
0,1,0.166666666666667
0,0,0.611111111111111
0,1,0.208333333333333
0,1,0.194444444444444
0,1,0.208333333333333
0,0,0.916666666666667
0,1,0.319444444444444
0,1,0.361111111111111
0,1,0.319444444444444
0,1,0.277777777777778
0,0,0.527777777777778
0,1,0.347222222222222
0,1,0.161616161616162
0,1,0.305555555555556
0,1,0.335858585858586
0,1,0.833333333333333
0,1,0.194444444444444
0,0,0.679292929292929
0,1,0.736111111111111
0,1,0.569444444444444
0,1,0.305555555555556
0,1,0.333333333333333
1,0,0.75
0,1,0.224747474747475
1,1,0.075
0,1,0.361111111111111
0,1,0.402777777777778
0,0,0.962962962962963
0,1,0.203282828282828
0,1,0.180555555555556
0,0,0.638888888888889
0,1,0.25
0,1,0.208333333333333
0,1,0.287878787878788
0,1,0.166666666666667
0,1,0.597222222222222
0,0,0.662037037037037
1,1,0.356818181818182
0,1,0.291666666666667
1,1,0.1625
0,1,0.17283950617284
0,1,0.342592592592593
0,1,0.375
0,1,0.387626262626263
1,1,0.1625
0,1,0.513888888888889
0,0,0.916666666666667
0,1,0.694444444444444
0,1,0.625
0,1,0.445707070707071
0,1,0.625
0,1,0.305555555555556
0,1,0.111111111111111
0,1,0.472222222222222
0,0,0.925925925925926
0,1,0.263888888888889
1,0,0.475
0,1,0.652777777777778
0,0,0.888888888888889
0,0,0.627525252525252
0,1,0.430555555555556
0,0,0.523148148148148
0,0,0.916666666666667
0,1,0.597222222222222
0,1,0.138888888888889
0,0,0.888888888888889
0,1,0.0972222222222223
0,1,0.851851851851852
0,0,0.666666666666667
0,0,0.925925925925926
0,0,0.518518518518518
0,0,0.884259259259259
0,1,0.513888888888889
0,1,0.204545454545455
0,1,0.361111111111111
1,0,0.833333333333333
0,0,0.861111111111111
1,1,0.225
1,0,0.8
0,1,0.569444444444444
0,0,0.555555555555556
0,0,0.925925925925926
0,0,0.777777777777778
0,0,1
0,0,0.925925925925926
0,0,0.833333333333333
1,1,0.675
0,0,1
1,0,0.85
0,1,0.513888888888889
0,0,0.805555555555556
0,0,0.925925925925926
1,1,0.456944444444444
0,0,0.584876543209877
0,0,0.708333333333333
0,0,1
1,0,0.564772727272727
0,0,0.555555555555556
0,0,0.722222222222222
0,0,0.652777777777778
1,0,0.55
0,0,0.567901234567901
0,0,0.847222222222222
1,1,0.366666666666667
1,0,0.5875
0,0,0.916666666666667
0,0,0.916666666666667
0,0,0.722222222222222
0,0,0.875
0,0,0.694444444444444
0,0,0.972222222222222
0,0,0.962962962962963
1,1,0.222222222222222
0,0,0.814814814814815
0,0,0.861111111111111
0,0,0.708333333333333
0,1,0.75
0,0,0.75
1,0,0.3375
0,0,0.958333333333333
0,1,0.666666666666667
1,1,0.55
0,1,0.747222222222222
0,1,0.552777777777778
0,0,0.916666666666667
0,1,0.777777777777778
0,0,0.888888888888889
0,0,0.597222222222222
0,1,0.473484848484848
0,0,0.833333333333333
0,0,0.773148148148148
1,1,0.289772727272727
0,0,0.847222222222222
1,0,0.683333333333333
0,0,0.805555555555556
1,0,0.775
0,0,0.805555555555556
1,1,0.185
0,0,0.763888888888889
0,1,0.256313131313131
0,0,0.805555555555556
0,0,0.597222222222222
0,1,0.243686868686869
0,0,0.888888888888889
0,1,0.444444444444444
0,1,0.666666666666667
1,1,0.525
0,0,0.6875
0,1,0.608585858585859
0,0,0.847222222222222
0,0,0.611111111111111
0,0,1
0,0,0.736111111111111
0,0,0.606481481481482
0,0,0.560185185185185
1,0,0.75
1,0,0.675
0,0,0.805555555555556
0,0,0.944444444444444
1,0,0.6
1,1,0.733333333333333
0,0,0.791666666666667
0,0,0.597222222222222
0,0,0.916666666666667
0,1,0.636363636363636
0,1,0.273989898989899
0,0,0.902777777777778
1,1,0.425
0,0,0.731481481481482
1,0,0.7375
0,1,0.638888888888889
0,0,0.916666666666667
1,0,0.475
0,0,0.944444444444444
0,0,0.694444444444444
0,0,0.916666666666667
0,0,0.805555555555556
0,1,0.705808080808081
0,0,0.449074074074074
0,0,0.916666666666667
0,0,0.833333333333333
0,0,0.888888888888889
0,0,0.944444444444444
0,1,0.722222222222222
0,1,0.444444444444444
0,0,0.680555555555556
1,0,0.7125
0,0,0.691919191919192
1,0,0.695833333333333
0,0,0.805555555555556
0,1,0.375
0,0,0.634259259259259
1,0,0.7375
0,0,0.652777777777778
0,0,0.888888888888889
1,1,0.536363636363636
0,1,0.570707070707071
1,0,0.725
1,0,0.9
0,0,0.972222222222222
0,0,0.925925925925926
0,0,0.888888888888889
1,0,0.4625
0,0,0.805555555555556
1,0,0.620833333333333
0,0,0.847222222222222
0,0,0.925925925925926
0,0,0.888888888888889
0,0,0.791666666666667
0,1,0.597222222222222
0,1,0.847222222222222
0,0,0.722222222222222
0,0,0.861111111111111
0,0,0.833333333333333
0,0,0.810185185185185
1,1,0.256818181818182
0,0,0.888888888888889
0,1,0.531565656565657
0,0,0.847222222222222
0,1,0.58459595959596
0,1,0.315656565656566
0,0,0.916666666666667
1,0,0.5375
1,1,0.542045454545455
0,0,0.736111111111111
1,0,0.683333333333333
1,1,0.175
1,1,0.245454545454545
0,1,0.625
0,0,0.523148148148148
1,1,0.371590909090909
0,0,0.763888888888889
0,0,0.972222222222222
0,1,0.583333333333333
1,1,0.3875
1,1,0.301136363636364
0,0,0.925925925925926
1,1,0.510227272727273
0,0,0.888888888888889
0,0,0.777777777777778
1,0,0.5375
1,1,0.283333333333333
1,1,0.575
1,0,0.5125
1,1,0.35
1,1,0.457954545454546
0,1,0.805555555555556
0,1,0.708333333333333
0,0,0.888888888888889
0,1,0.555555555555556
0,1,0.638888888888889
0,1,0.722222222222222
0,0,0.916666666666667
0,0,0.888888888888889
1,0,0.4875
1,1,0.6
0,0,0.833333333333333
0,0,0.805555555555556
0,0,0.486111111111111
1,1,0.0625
0,1,0.722222222222222
0,1,0.666666666666667
0,0,0.833333333333333
0,1,0.308080808080808
0,1,0.222222222222222
0,1,0.319444444444444
0,1,0.191919191919192
0,0,0.902777777777778
0,1,0.180555555555556
0,1,0.152777777777778
0,0,0.888888888888889
0,1,0.177777777777778
0,1,0.486111111111111
0,0,0.638888888888889
0,1,0.626543209876543
1,0,0.4875
0,1,0.236111111111111
1,0,0.675
1,1,0.620833333333333
0,0,0.916666666666667
0,0,0.641975308641975
0,0,0.560185185185185
0,1,0.180555555555556
0,0,0.888888888888889
1,1,0.454545454545455
0,0,0.666666666666667
0,0,0.652777777777778
0,0,0.555555555555556
0,0,0.814814814814815
0,0,0.847222222222222
0,1,0.430555555555556
1,1,0.6
0,1,0.407828282828283
0,0,0.680555555555556
0,0,0.861111111111111
0,0,0.638888888888889
0,0,0.777777777777778
0,1,0.333333333333333
0,1,0.422979797979798
0,1,0.430555555555556
0,0,0.648148148148148
0,1,0.0694444444444445
0,1,0.24537037037037
0,1,0.439393939393939
0,1,0.412037037037037
0,1,0.208333333333333
0,0,0.569444444444444
0,0,0.791666666666667
0,1,0.575757575757576
0,0,0.902777777777778
1,0,0.6125
0,1,0.705808080808081
0,1,0.458333333333333
0,0,0.888888888888889
0,0,0.833333333333333
0,1,0.244949494949495
0,1,0.125
0,1,0.319444444444444
0,1,0.125
0,1,0.38510101010101
0,1,0.263888888888889
0,1,0.75
0,1,0.417929292929293
0,1,0.888888888888889
0,1,0.569444444444444
0,1,0.666666666666667
0,1,0.458333333333333
0,0,0.680555555555556
1,1,0.322727272727273
0,1,0.25
0,1,0.193181818181818
0,1,0.357323232323232
0,1,0.648148148148148
0,1,0.527777777777778
0,1,0.458333333333333
0,0,0.819444444444444
0,0,0.414141414141414
0,0,0.929292929292929
0,0,0.805555555555556
0,0,0.777777777777778
0,1,0.125
0,1,0.111111111111111
0,1,0.332070707070707
1,1,0.433333333333333
1,1,0.6625
0,1,0.373456790123457
0,0,0.916666666666667
0,1,0.333333333333333
0,0,0.791666666666667
0,0,0.583333333333333
0,1,0.330808080808081
0,0,0.916666666666667
0,0,0.513888888888889
0,1,0.319444444444444
0,1,0.125
0,1,0.37962962962963
0,0,0.888888888888889
0,1,0.703703703703704
0,1,0.367283950617284
0,1,0.5
1,0,0.7875
1,1,0.175
0,0,0.847222222222222
0,1,0.431818181818182
0,1,0.638888888888889
0,0,0.944444444444444
0,1,0.527777777777778
0,1,0.337962962962963
0,0,0.857323232323232
0,0,0.791666666666667
0,1,0.333333333333333
0,0,0.5
0,0,0.972222222222222
0,1,0.680555555555556
0,1,0.101010101010101
1,0,0.866666666666667
0,1,0.329545454545455
0,0,0.569444444444444
0,1,0.638888888888889
0,0,0.925925925925926
0,0,0.888888888888889
0,0,0.861111111111111
1,0,0.872727272727273
0,0,0.518518518518518
0,0,0.925925925925926
0,0,0.583333333333333
0,0,0.944444444444444
0,0,0.916666666666667
0,0,1
0,0,0.888888888888889
0,0,0.888888888888889
1,0,0.866666666666667
0,0,0.523148148148148
0,0,0.805555555555556
1,0,0.875
0,0,0.680555555555556
0,0,1
0,0,0.888888888888889
0,0,0.518518518518518
1,0,0.55
0,1,0.583333333333333
0,1,0.611111111111111
0,0,0.888888888888889
0,0,0.888888888888889
0,1,0.736111111111111
0,1,0.638888888888889
0,1,0.5
0,1,0.222222222222222
0,1,0.291666666666667
0,1,0.291666666666667
0,1,0.419191919191919
0,1,0.180555555555556
0,1,0.777777777777778
0,1,0.555555555555556
0,1,0.222222222222222
0,1,0.625
0,1,0.25
0,1,0.263888888888889
0,1,0.194444444444444
0,1,0.291666666666667
0,1,0.551767676767677
0,0,0.944444444444444
0,1,0.583333333333333
0,1,0.661616161616162
0,0,0.6
0,1,0.777777777777778
0,0,0.847222222222222
0,1,0.294191919191919
1,0,0.758333333333333
0,1,0.444444444444444
0,1,0.430555555555556
0,1,0.486111111111111
0,0,0.944444444444444
0,1,0.319444444444444
0,1,0.861111111111111
0,1,0.5
0,1,0.694444444444444
0,0,0.819444444444444
0,0,0.962962962962963
0,0,0.847222222222222
0,1,0.222222222222222
0,0,0.694444444444444
0,0,0.888888888888889
0,0,0.833333333333333
1,1,0.471590909090909
0,1,0.181818181818182
0,0,0.958333333333333
0,0,0.513888888888889
0,0,0.541666666666667
0,1,0.263888888888889
0,1,0.263888888888889
0,1,0.766414141414141
0,1,0.472222222222222
0,1,0.152777777777778
0,1,0.75
1,1,0.45
1,1,0.166666666666667
0,0,0.791666666666667
0,0,0.652777777777778
0,1,0.430555555555556
0,1,0.763888888888889
0,0,0.847222222222222
0,1,0.319444444444444
0,1,0.402777777777778
0,1,0.375
1,1,0.136363636363636
0,0,0.777777777777778
0,1,0.486111111111111
0,0,0.541666666666667
1,1,0.558333333333333
1,0,0.75
0,0,0.625
0,1,0.430555555555556
0,1,0.861111111111111
0,0,0.555555555555556
1,0,0.888888888888889
0,1,0.666666666666667
0,0,0.763888888888889
1,0,0.5125
1,1,0.5
0,1,0.708333333333333
0,0,0.851851851851852
1,0,0.8
1,1,0.575
1,1,0.6
0,1,0.486111111111111
1,0,0.7
0,0,0.555555555555556
0,0,0.805555555555556
0,0,0.972222222222222
0,0,0.805555555555556
0,0,0.680555555555556
0,0,0.5
0,0,0.666666666666667
0,0,0.888888888888889
0,0,0.791666666666667
0,1,0.708333333333333
0,1,0.333333333333333
0,1,0.555555555555556
0,1,0.777777777777778
0,1,0.0740740740740741
0,1,0.583333333333333
0,1,0.5
0,1,0.319444444444444
0,1,0.208333333333333
0,1,0.375
0,0,0.851851851851852
0,1,0.222222222222222
0,0,0.944444444444444
0,0,0.763888888888889
0,1,0.359848484848485
0,0,0.888888888888889
0,1,0.375
0,0,0.888888888888889
1,1,0.6875
0,1,0.811111111111111
0,1,0.208333333333333
0,1,0.527777777777778
0,0,0.925925925925926
0,0,0.680555555555556
0,0,0.861111111111111
0,1,0.444444444444444
0,1,0.166666666666667
0,1,0.583333333333333
0,0,0.909090909090909
1,1,0.675
0,0,0.888888888888889
1,1,0.425
0,0,0.888888888888889
1,1,0.5
1,0,0.775
0,0,0.861111111111111
0,1,0.430555555555556
0,1,0.314814814814815
1,0,0.6375
0,0,1
1,0,0.6125
1,1,0.690909090909091
0,0,0.652777777777778
0,1,0.388888888888889
0,0,0.888888888888889
0,1,0.531565656565657
0,1,0.388888888888889
0,0,0.75
0,1,0.361111111111111
0,0,0.689393939393939
1,1,0.625
0,0,0.805555555555556
1,0,0.525
0,1,0.611111111111111
0,0,0.583333333333333
0,0,0.597222222222222
1,1,0.3525
0,0,0.722222222222222
0,0,0.625
0,0,0.916666666666667
1,0,0.7125
0,0,0.925925925925926
0,1,0.111111111111111
0,1,0.319444444444444
0,0,0.700757575757576
0,0,0.527777777777778
0,1,0.694444444444445
0,0,0.944444444444444
0,1,0.680555555555556
0,0,0.972222222222222
0,1,0.486111111111111
0,0,0.680555555555556
0,1,0.151515151515152
0,1,0.277777777777778
0,1,0.236111111111111
0,0,0.888888888888889
0,0,0.972222222222222
1,1,0.3
1,1,0.183333333333333
1,1,0.1875
0,0,0.597222222222222
0,1,0.736111111111111
0,1,0.25
0,1,0.402777777777778
0,0,0.847222222222222
0,0,0.972222222222222
0,1,0.694444444444445
0,1,0.597222222222222
1,1,0.6625
1,1,0.125
0,0,0.944444444444444
0,0,0.694444444444444
0,0,0.944444444444444
0,1,0.333333333333333
0,0,0.805555555555556
0,0,0.569444444444444
0,1,0.541666666666667
0,0,0.944444444444444
0,1,0.527777777777778
0,0,0.944444444444444
0,0,0.681818181818182
0,1,0.498737373737374
0,1,0.792929292929293
0,0,0.838383838383838
1,1,0.2625
0,0,0.962962962962963
0,0,0.791666666666667
1,0,0.520454545454546
0,1,0.611111111111111
0,0,0.921296296296296
0,0,0.856060606060606
0,1,0.736111111111111
0,1,0.391414141414141
0,0,0.777777777777778
0,0,0.851851851851852
0,1,0.565656565656566
0,0,0.876262626262626
0,0,0.925925925925926
0,0,0.685185185185185
0,0,0.916666666666667
0,1,0.611111111111111
0,0,0.736111111111111
0,0,0.763888888888889
0,1,0.767676767676768
0,1,0.688271604938272
0,0,0.814814814814815
0,0,0.962962962962963
0,0,0.842592592592593
0,0,0.861111111111111
1,0,0.7125
0,1,0.70959595959596
0,0,0.75
0,0,0.916666666666667
0,0,0.805555555555556
0,0,0.916666666666667
1,1,0.725
0,0,0.666666666666667
0,0,0.689814814814815
0,0,0.712121212121212
0,0,0.694444444444444
1,0,0.85
0,0,0.861111111111111
1,0,0.4
0,0,0.805555555555556
1,0,0.75
0,0,0.486111111111111
1,0,0.725
0,1,0.680555555555556
0,0,0.916666666666667
0,0,0.972222222222222
0,0,0.541666666666667
0,0,0.847222222222222
0,0,0.643518518518518
0,1,0.666666666666667
0,0,0.847222222222222
0,1,0.541666666666667
0,0,0.666666666666667
0,1,0.672839506172839
0,1,0.541666666666667
0,0,0.888888888888889
0,1,0.569444444444445
0,1,0.75
1,0,0.45
1,0,0.695833333333333
1,1,0.425
0,0,0.861111111111111
0,0,0.75
0,0,0.819444444444444
0,0,0.694444444444444
1,0,0.641666666666667
0,0,0.972222222222222
0,0,0.861111111111111
0,0,0.777777777777778
0,1,0.775252525252525
0,0,0.747222222222222
0,1,0.652777777777778
0,0,0.944444444444444
0,1,0.546717171717172
0,1,0.833333333333333
0,0,0.962962962962963
1,0,0.675
0,1,0.402777777777778
0,1,0.541666666666667
0,0,0.722222222222222
0,1,0.651515151515151
0,1,0.722222222222222
1,1,0.4
0,1,0.694444444444445
0,0,0.916666666666667
0,0,0.925925925925926
1,0,0.866666666666667
0,0,0.888888888888889
0,1,0.416666666666667
0,1,0.722222222222222
0,0,0.875
0,1,0.689393939393939
0,0,0.731060606060606
0,0,0.444444444444444
0,0,0.916666666666667
0,1,0.861111111111111
0,1,0.617424242424242
0,0,0.944444444444444
0,1,0.430555555555556
1,0,0.725
0,0,0.652777777777778
0,1,0.819444444444444
1,1,0.384090909090909
0,1,0.708333333333333
0,0,1
0,0,0.861111111111111
1,0,0.9
0,1,0.777777777777778
0,0,0.694444444444444
0,0,0.680555555555556
0,1,0.333333333333333
0,0,0.888888888888889
0,0,0.888888888888889
0,0,0.884259259259259
0,0,0.916666666666667
0,0,0.541666666666667
0,0,0.888888888888889
1,1,0.5375
0,1,0.541666666666667
0,1,0.152777777777778
0,1,0.287878787878788
0,0,0.833333333333333
0,0,0.666666666666667
0,1,0.555555555555556
0,0,0.916666666666667
0,0,0.944444444444444
0,1,0.361111111111111
0,0,0.833333333333333
1,0,0.7625
0,1,0.297979797979798
0,1,0.638888888888889
0,0,0.916666666666667
0,1,0.694444444444445
0,1,0.541666666666667
0,1,0.597222222222222
0,0,0.796296296296296
0,1,0.666666666666667
0,0,0.888888888888889
0,1,0.232323232323232
1,1,0.35
0,1,0.138888888888889
0,0,0.819444444444444
1,1,0.4375
0,1,0.222222222222222
0,0,0.888888888888889
0,1,0.5
1,1,0.3625
0,1,0.286616161616162
0,1,0.364197530864198
1,1,0.4
0,1,0.555555555555556
1,1,0.1375
0,1,0.152777777777778
0,1,0.402777777777778
1,1,0.65
0,0,0.851851851851852
0,0,0.888888888888889
0,0,0.888888888888889
1,1,0.4
0,0,0.916666666666667
1,0,0.6125
0,0,0.944444444444444
0,0,0.791666666666667
0,1,0.722222222222222
0,0,0.652777777777778
0,0,0.925925925925926
1,0,0.725
0,1,0.125
0,1,0.356481481481481
0,0,1
1,0,0.775
0,0,0.680555555555556
0,1,0.578703703703704
0,1,0.333333333333333
0,0,0.625
1,1,0.492045454545455
0,1,0.402777777777778
0,0,0.75
1,1,0.3
1,1,0.0675
0,0,0.944444444444444
0,1,0.388888888888889
0,1,0.236111111111111
1,1,0.55
0,0,0.94949494949495
0,0,0.513888888888889
0,0,0.597222222222222
1,0,0.9
1,1,0.325
0,1,0.194444444444444
0,1,0.75
0,1,0.742424242424242
0,1,0.638888888888889
0,0,0.916666666666667
0,1,0.263888888888889
0,1,0.611111111111111
0,1,0.180555555555556
0,0,0.944444444444444
0,0,0.625
0,1,0.180555555555556
1,0,0.8
0,0,0.805555555555556
0,1,0.791666666666667
0,0,0.875
0,0,0.555555555555556
0,0,0.805555555555556
1,1,0.3125
1,1,0.1625
1,0,0.6875
0,1,0.291666666666667
0,0,0.819444444444444
1,1,0.375
1,0,0.825
0,0,0.888888888888889
0,0,0.847222222222222
0,1,0.291666666666667
1,1,0.4125
0,0,0.833333333333333
0,0,0.925925925925926
0,0,0.944444444444444
0,0,0.972222222222222
0,0,0.805555555555556
0,1,0.652777777777778
1,1,0.166666666666667
0,0,0.638888888888889
0,0,0.652777777777778
1,0,0.7125
0,0,0.777777777777778
0,0,0.916666666666667
0,0,0.861111111111111
0,1,0.166666666666667
0,0,0.888888888888889
0,1,0.444444444444444
1,1,0.225
0,1,0.305555555555556
0,1,0.638888888888889
0,0,0.833333333333333
0,1,0.513888888888889
0,1,0.25
1,1,0.493181818181818
0,0,0.583333333333333
0,1,0.652777777777778
1,1,0.7125
0,1,0.166666666666667
0,0,0.805555555555556
0,0,0.763888888888889
1,1,0.434090909090909
1,0,0.5
1,0,0.5875
0,0,0.925925925925926
1,1,0.275
0,0,0.652777777777778
1,1,0.125
1,1,0.275
0,1,0.868686868686869
0,0,0.625
0,0,0.722222222222222
0,1,0.333333333333333
0,0,0.916666666666667
0,0,0.916666666666667
0,0,0.722222222222222
1,0,0.8
1,1,0.6
0,0,0.876262626262626
0,1,0.54320987654321
1,1,0.375
1,0,0.675
0,0,0.944444444444444
0,0,0.962962962962963
0,0,0.333333333333333
0,0,0.916666666666667
0,0,0.925925925925926
0,1,0.388888888888889
0,1,0.400252525252525
0,0,0.875
0,1,0.625
0,0,0.972222222222222
1,1,0.35
0,0,1
1,0,0.6
0,0,0.569444444444444
0,0,0.763888888888889
1,0,0.715909090909091
0,0,0.888888888888889
1,1,0.375
0,0,0.777777777777778
0,0,0.944444444444444
1,1,0.575
0,0,0.962962962962963
0,1,0.708333333333333
0,0,0.916666666666667
0,0,0.833333333333333
0,0,0.777777777777778
0,0,0.712962962962963
0,1,0.513888888888889
0,0,0.777777777777778
0,0,0.680555555555556
0,0,0.601851851851852
1,0,0.75
1,0,0.725
0,1,0.416666666666667
0,0,0.888888888888889
0,0,0.791666666666667
1,0,0.6125
0,1,0.527777777777778
0,1,0.888888888888889
0,1,0.227272727272727
1,1,0.325
0,1,0.0909090909090909
0,1,0.814814814814815
0,0,0.736111111111111
0,1,0.458333333333333
0,1,0.0555555555555556
0,1,0.25
0,1,0.138888888888889
0,0,0.833333333333333
1,1,0.372727272727273
0,1,0.319444444444444
0,1,0.430555555555556
1,1,0.1
0,1,0.277777777777778
0,1,0.185185185185185
1,1,0.3375
0,1,0.625
1,0,0.4875
1,1,0.2875
0,1,0.402777777777778
1,1,0.1625
1,0,0.5125
0,1,0.375
0,1,0.166666666666667
0,1,0.333333333333333
1,1,0.35
0,1,0.333333333333333
1,1,0.483333333333333
0,1,0.138888888888889
0,1,0.472222222222222
0,0,0.597222222222222
0,1,0.424242424242424
0,1,0.333333333333333
1,1,0.2625
0,1,0.138888888888889
0,1,0.722222222222222
0,1,0.416666666666667
0,0,0.527777777777778
0,1,0.319444444444444
0,0,0.703703703703704
1,1,0.2375
1,1,0.475
0,1,0.708333333333333
0,1,0.527777777777778
0,0,0.763888888888889
1,1,0.25
0,0,0.919191919191919
1,0,0.7125
0,1,0.430555555555556
0,1,0.75
1,1,0.275
1,0,0.45
1,1,0.175
0,0,0.847222222222222
0,0,0.833333333333333
1,1,0.5875
0,1,0.222222222222222
0,0,0.888888888888889
0,1,0.208333333333333
1,0,0.85
1,1,0.1625
0,1,0.166666666666667
0,1,0.333333333333333
0,1,0.194444444444444
0,0,0.962962962962963
0,0,0.944444444444444
0,0,0.888888888888889
1,1,0.2625
0,1,0.257575757575758
1,1,0.2875
0,1,0.277777777777778
0,0,0.833333333333333
1,0,0.6625
1,1,0.2125
0,1,0.361111111111111
1,0,0.825
0,0,0.722222222222222
1,1,0.166666666666667
0,1,0.568181818181818
0,0,0.833333333333333
0,1,0.444444444444444
1,0,0.625
1,1,0.1625
0,0,0.888888888888889
0,0,0.916666666666667
1,1,0.4125
0,0,0.708333333333333
1,1,0.225
0,1,0.638888888888889
0,0,1
0,0,0.925925925925926
0,0,0.916666666666667
0,0,0.944444444444444
0,1,0.64520202020202
0,1,0.194444444444444
0,0,0.888888888888889
0,0,0.833333333333333
0,0,0.740740740740741
0,0,0.5
0,0,0.763888888888889
0,1,0.527777777777778
0,0,0.916666666666667
0,0,0.944444444444444
0,0,0.916666666666667
0,0,0.944444444444444
0,0,0.944444444444444
0,1,0.430555555555556
0,0,0.763888888888889
0,1,0.694444444444445
0,0,0.5
0,1,0.703282828282828
0,0,0.805555555555556
0,1,0.652777777777778
0,0,0.560185185185185
0,0,0.888888888888889
0,0,0.763888888888889
1,1,0.582954545454546
0,0,0.601851851851852
0,0,0.643518518518518
0,0,0.768518518518518
0,1,0.662878787878788
0,1,0.75
1,0,0.795833333333333
0,0,0.717592592592593
0,0,0.601851851851852
0,0,0.888888888888889
0,0,0.875
0,1,0.527777777777778
0,0,0.944444444444444
0,0,0.819444444444444
1,0,0.7625
0,0,0.962962962962963
0,0,0.643518518518518
0,1,0.515151515151515
0,0,0.777777777777778
0,0,0.625
1,1,0.325
0,1,0.638888888888889
0,0,0.541666666666667
0,0,0.708333333333333
0,0,0.962962962962963
0,0,0.866161616161616
0,0,0.861111111111111
0,0,0.5
0,0,0.5
0,1,0.583333333333333
0,0,0.916666666666667
0,1,0.486111111111111
0,0,0.847222222222222
0,1,0.208333333333333
1,1,0.375
1,1,0.325
1,1,0.275
1,0,0.825
0,0,0.777777777777778
0,1,0.444444444444444
1,0,0.5
0,0,0.962962962962963
0,1,0.361111111111111
1,0,0.766666666666667
0,0,0.583333333333333
0,1,0.583333333333333
0,0,0.527777777777778
0,0,0.625
1,1,0.492045454545455
1,0,0.775
0,1,0.560606060606061
0,1,0.763888888888889
0,1,0.833333333333333
1,0,0.6
0,0,0.694444444444444
1,1,0.3
1,0,0.775
1,0,0.675
0,0,0.819444444444444
0,1,0.287878787878788
0,0,1
0,1,0.805555555555556
0,0,0.888888888888889
0,0,0.902777777777778
0,0,0.643518518518518
0,1,0.648148148148148
0,0,0.861111111111111
1,1,0.4375
0,0,0.569444444444444
0,0,0.819444444444444
0,1,0.541666666666667
1,1,0.325
1,1,0.35
0,1,0.763888888888889
0,0,0.916666666666667
0,1,0.833333333333333
0,0,0.902777777777778
1,0,0.6875
0,0,1
0,0,0.541666666666667
0,0,0.791666666666667
1,1,0.4625
1,0,0.5375
1,1,0.5
1,1,0.2875
0,0,0.518518518518518
0,0,0.888888888888889
0,0,0.972222222222222
0,0,0.518518518518518
1,0,0.45
0,0,0.944444444444444
0,0,0.972222222222222
0,0,0.694444444444444
1,1,0.275
0,0,0.875
0,1,0.611111111111111
0,0,0.888888888888889
1,1,0.325
0,0,1
0,0,0.972222222222222
0,1,0.638888888888889
1,0,0.7875
0,0,0.643518518518518
0,0,0.643518518518518
1,0,0.3375
0,0,0.643518518518518
0,0,0.96969696969697
1,1,0.2
0,0,0.944444444444444
0,0,0.944444444444444
0,0,0.643518518518518
0,0,0.944444444444444
0,1,0.782828282828283
0,0,0.601851851851852
1,1,0.25
0,0,0.888888888888889
0,1,0.402777777777778
0,1,0.314814814814815
0,0,0.944444444444444
0,0,0.944444444444444
0,0,0.606481481481482
0,0,0.652777777777778
0,0,0.819444444444444
0,1,0.744949494949495
0,0,0.916666666666667
1,0,0.8
0,0,0.944444444444444
0,1,0.503787878787879
0,0,0.606481481481482
0,1,0.606481481481482
0,0,0.601851851851852
1,1,0.35
1,0,0.775
0,0,0.861111111111111
0,0,0.617424242424242
0,1,0.814814814814815
0,0,0.805555555555556
0,0,0.944444444444444
0,0,0.916666666666667
0,1,0.430555555555556
1,0,0.575
0,0,0.652777777777778
0,0,0.527777777777778
0,0,0.888888888888889
1,0,0.775
1,0,0.425
1,1,0.4
0,0,0.944444444444444
0,0,0.643518518518518
0,0,0.916666666666667
1,0,0.75
0,0,0.972222222222222
0,0,0.861111111111111
0,0,0.888888888888889
0,0,0.710858585858586
0,0,0.944444444444444
0,0,0.944444444444444
0,0,0.847222222222222
0,0,0.708333333333333
0,0,0.761363636363636
1,0,0.825
0,0,0.888888888888889
0,0,0.916666666666667
1,0,0.825
0,0,0.902777777777778
0,1,0.5
0,0,0.939393939393939
0,0,0.763888888888889
1,0,0.775
1,1,0.775
0,0,0.708333333333333
0,0,0.861111111111111
0,0,0.944444444444444
1,0,0.75
0,0,0.5
0,1,0.318181818181818
0,1,0.5
0,0,0.643518518518518
0,1,0.444444444444444
1,1,0.539772727272727
0,0,0.861111111111111
0,1,0.652777777777778
0,1,0.527777777777778
0,0,0.861111111111111
0,1,0.527777777777778
0,1,0.607323232323232
0,0,0.875
0,0,0.606481481481482
1,0,0.677272727272727
0,0,0.805555555555556
0,0,0.94949494949495
0,1,0.513888888888889
0,0,0.62037037037037
0,0,0.833333333333333
0,0,0.909090909090909
0,0,0.944444444444444
0,0,0.861111111111111
0,0,0.944444444444444
0,0,0.944444444444444
0,0,0.805555555555556
0,0,0.944444444444444
0,1,0.708333333333333
0,0,0.720959595959596
0,0,0.916666666666667
0,0,0.944444444444444
0,0,0.584876543209877
1,1,0.425
0,0,0.95959595959596
0,0,0.652777777777778
0,0,0.944444444444444
0,0,0.833333333333333
1,0,0.6125
0,0,0.75
0,0,0.541666666666667
0,0,0.916666666666667
0,0,0.972222222222222
0,0,1
0,0,0.810185185185185
1,0,0.575
1,0,0.75
0,1,0.589646464646465
0,1,0.708333333333333
0,0,0.888888888888889
0,0,0.617424242424242
1,0,0.75
0,0,0.861111111111111
0,1,0.569444444444444
1,1,0.55
0,0,0.444444444444444
0,0,0.722222222222222
0,0,0.805555555555556
0,0,0.888888888888889
0,0,0.888888888888889
0,0,1
0,0,0.944444444444444
1,1,0.4625
0,0,0.805555555555556
0,0,0.777777777777778
1,0,0.625
0,0,0.887626262626263
0,0,0.916666666666667
0,0,0.736111111111111
0,1,0.75
1,1,0.35
0,0,0.861111111111111
0,0,1
1,0,0.9
0,0,0.944444444444444
0,1,0.708333333333333
0,0,0.916666666666667
0,1,0.425505050505051
0,0,0.823232323232323
1,1,0.35
0,1,0.708333333333333
1,0,0.85
0,0,0.833333333333333
1,0,0.35
0,0,0.736111111111111
1,1,0.4125
0,0,0.916666666666667
0,1,0.694444444444445
0,0,0.916666666666667
0,0,0.944444444444444
0,0,0.694444444444444
0,0,0.694444444444444
0,0,0.886363636363636
0,1,0.400252525252525
1,0,0.6125
0,0,0.726851851851852
0,0,0.791666666666667
0,1,0.416666666666667
0,0,0.888888888888889
0,0,0.810185185185185
0,0,0.916666666666667
0,1,0.222222222222222
1,1,0.418181818181818
0,0,0.944444444444444
1,0,0.6125
0,1,0.583333333333333
0,0,0.861111111111111
0,0,0.919191919191919
0,0,0.726851851851852
0,1,0.638888888888889
0,1,0.541666666666667
0,0,0.652777777777778
0,0,0.588383838383838
0,0,0.916666666666667
0,1,0.166666666666667
0,0,0.944444444444444
1,0,0.5
0,0,0.652777777777778
0,0,0.861111111111111
0,0,0.897727272727273
0,0,0.736111111111111
0,0,0.944444444444444
1,0,0.495
0,0,0.819444444444444
0,0,0.569444444444444
0,0,0.944444444444444
0,0,0.916666666666667
0,1,0.222222222222222
0,0,0.643518518518518
0,1,0.597222222222222
0,1,0.111111111111111
0,0,0.567901234567901
1,0,0.3
0,1,0.347222222222222
0,0,0.944444444444444
0,0,0.652777777777778
1,0,0.8625
0,0,0.916666666666667
0,0,0.652777777777778
0,1,0.669444444444445
0,0,0.597222222222222
0,0,0.606481481481482
0,1,0.420454545454545
0,1,0.676767676767677
0,1,0.472222222222222
0,1,0.305555555555556
1,1,0.275
0,0,0.481481481481481
0,0,0.361111111111111
1,1,0.5
1,0,0.45
0,1,0.49537037037037
0,0,0.888888888888889
0,0,0.694444444444444
1,0,0.825
0,1,0.566919191919192
0,0,0.975308641975309
0,0,0.5
1,0,0.725
1,1,0.569318181818182
1,0,0.75
0,0,0.888888888888889
0,0,0.888888888888889
0,0,0.847222222222222
0,0,0.861111111111111
0,0,0.606481481481482
0,0,0.944444444444444
0,0,0.916666666666667
0,1,0.633838383838384
0,0,0.925925925925926
0,0,0.972222222222222
0,1,0.583333333333333
0,0,0.532407407407407
0,0,0.972222222222222
0,0,0.49537037037037
0,0,0.972222222222222
0,0,0.847222222222222
0,0,0.814814814814815
0,1,0.361111111111111
0,0,0.897727272727273
0,0,0.652777777777778
0,0,0.916666666666667
0,0,0.652777777777778
0,0,0.916666666666667
0,0,0.861111111111111
0,1,0.472222222222222
0,0,0.652777777777778
0,0,0.944444444444444
0,0,0.902777777777778
0,0,0.888888888888889
0,0,0.810185185185185
0,0,0.916666666666667
0,0,0.888888888888889
0,0,0.96969696969697
0,0,0.736111111111111
0,0,0.916666666666667
0,0,0.972222222222222
0,0,0.944444444444444
0,0,0.944444444444444
0,0,0.944444444444444
1,1,0.658333333333333
0,0,0.819444444444444
0,1,0.328703703703704
0,0,0.430555555555556
1,0,0.85
0,0,0.847222222222222
1,0,0.6125
0,0,0.944444444444444
0,0,0.972222222222222
0,0,0.847222222222222
1,1,0.4625
0,0,0.833333333333333
0,0,0.916666666666667
0,0,0.861111111111111
0,0,0.972222222222222
0,0,0.861111111111111
1,1,0.325
0,0,0.944444444444444
0,0,0.847222222222222
0,0,0.888888888888889
0,0,0.819444444444444
0,0,0.597222222222222
0,0,0.944444444444444
0,1,0.444444444444444
0,0,0.944444444444444
0,0,0.958333333333333
0,1,0.486111111111111
0,0,1
0,1,0.486111111111111
0,1,0.763888888888889
1,1,0.4625
1,0,0.7125
0,0,0.944444444444444
0,0,0.416666666666667
0,0,0.875
0,0,0.847222222222222
1,1,0.4625
0,0,0.805555555555556
1,0,0.8
0,1,0.319444444444444
0,0,0.944444444444444
0,0,0.888888888888889
1,1,0.3875
1,0,0.6625
1,1,0.3875
0,0,0.569444444444444
0,0,0.833333333333333
1,0,0.775
0,0,0.833333333333333
0,0,0.819444444444444
1,1,0.4125
1,0,0.825
1,0,0.85
0,0,0.916666666666667
1,1,0.65
1,0,0.7625
0,1,0.597222222222222
1,1,0.4625
0,0,0.888888888888889
0,1,0.486111111111111
0,1,0.444444444444444
1,0,0.5875
1,1,0.4625
0,0,0.819444444444444
0,1,0.5
0,0,0.944444444444444
0,1,0.628787878787879
0,0,0.819444444444444
0,1,0.430555555555556
0,1,0.583333333333333
0,1,0.486111111111111
0,0,0.861111111111111
1,1,0.4625
0,0,0.611111111111111
1,0,0.4875
1,0,0.7
0,1,0.652777777777778
0,0,0.916666666666667
0,0,0.625
0,0,0.861111111111111
1,1,0.3625
0,1,0.486111111111111
0,1,0.454545454545455
0,0,0.819444444444444
0,0,0.875
0,0,0.763888888888889
1,0,0.6125
1,1,0.4625
0,1,0.566919191919192
1,1,0.617045454545455
1,1,0.2125
0,0,0.833333333333333
0,0,0.805555555555556
0,1,0.138888888888889
0,1,0.714646464646465
1,1,0.4875
0,0,0.814814814814815
0,1,0.296296296296296
0,1,0.541666666666667
0,0,0.861111111111111
0,1,0.361111111111111
0,1,0.569444444444444
1,1,0.45
0,1,0.625
1,0,0.775
0,1,0.666666666666667
0,1,0.555555555555556
0,1,0.304292929292929
0,0,0.643518518518518
0,0,0.861111111111111
0,1,0.597222222222222
0,0,0.606481481481482
0,1,0.625
0,0,0.833333333333333
1,0,0.527272727272727
0,1,0.657407407407407
0,0,0.472222222222222
0,1,0.602272727272727
0,1,0.680555555555556
0,0,0.75
1,1,0.675
0,0,0.902777777777778
0,0,0.805555555555556
0,1,0.808080808080808
0,0,0.777777777777778
0,0,0.630555555555556
0,0,0.925925925925926
0,1,0.684343434343434
0,0,0.944444444444444
0,0,0.569444444444444
0,1,0.611111111111111
0,0,0.777777777777778
0,0,0.777777777777778
0,0,0.833333333333333
0,0,0.888888888888889
0,0,1
0,0,0.944444444444444
0,1,0.5
0,0,0.97979797979798
0,0,0.962962962962963
0,1,0.583333333333333
0,0,0.97979797979798
0,0,0.847222222222222
0,0,0.97979797979798
0,0,0.833333333333333
0,0,0.902777777777778
0,1,0.569444444444444
0,0,0.875
0,0,0.916666666666667
0,0,0.97979797979798
0,0,0.847222222222222
0,0,0.916666666666667
0,0,0.888888888888889
0,0,0.805555555555556
0,0,0.944444444444444
0,1,0.583333333333333
0,0,0.944444444444444
0,0,0.888888888888889
0,0,0.847222222222222
0,0,0.944444444444444
0,0,0.944444444444444
0,0,0.944444444444444
1,0,0.7375
0,0,0.944444444444444
0,0,0.847222222222222
0,0,0.569444444444444
0,0,0.916666666666667
0,1,0.583333333333333
0,0,0.861111111111111
0,0,0.777777777777778
1,0,0.85
0,0,1
0,0,0.791666666666667
0,0,0.888888888888889
0,0,0.972222222222222
0,0,0.916666666666667
1,1,0.7
1,0,0.875
0,0,0.833333333333333
1,0,0.875
0,0,1
0,0,0.944444444444444
0,0,0.944444444444444
0,0,0.916666666666667
0,0,0.777777777777778
0,1,0.527777777777778
1,1,0.463636363636364
0,0,0.962962962962963
0,1,0.555555555555556
0,0,0.944444444444444
0,0,0.944444444444444
0,1,0.191919191919192
0,0,0.518518518518518
0,1,0.555555555555556
0,0,0.763888888888889
0,0,0.875
1,1,0.3375
1,1,0.551136363636364
0,0,0.648148148148148
0,1,0.744444444444444
0,1,0.541666666666667
0,0,0.916666666666667
0,0,0.96969696969697
1,0,0.75
0,1,0.277777777777778
0,0,0.944444444444444
1,1,0.35
0,0,0.944444444444444
0,1,0.541666666666667
0,0,0.652777777777778
0,0,0.597222222222222
0,0,0.611111111111111
0,1,0.237373737373737
0,1,0.583333333333333
0,0,0.916666666666667
0,0,0.972222222222222
0,0,0.972222222222222
0,0,0.944444444444444
0,0,0.944444444444444
0,0,0.736111111111111
0,0,0.916666666666667
0,0,0.944444444444444
0,1,0.541666666666667
0,0,0.95959595959596
1,0,0.9
0,1,0.541666666666667
0,0,0.763888888888889
0,0,0.944444444444444
0,0,0.888888888888889
1,0,0.75
0,0,0.606481481481482
0,0,0.944444444444444
0,0,0.916666666666667
0,1,0.714646464646465
0,0,0.833333333333333
0,0,0.9375
0,1,0.5
0,0,0.944444444444444
0,0,0.861111111111111
0,1,0.505050505050505
0,0,0.916666666666667
1,0,0.825
0,0,0.851851851851852
0,0,0.569444444444444
0,0,0.916666666666667
0,0,0.75
0,1,0.833333333333333
0,0,0.541666666666667
0,0,0.888888888888889
0,1,0.777777777777778
1,1,0.534090909090909
1,1,0.3125
0,0,0.907828282828283
1,1,0.391666666666667
0,1,0.222222222222222
1,1,0.190909090909091
0,0,0.972222222222222
0,0,0.722222222222222
0,1,0.25
1,0,0.7125
1,1,0.661363636363636
1,0,0.55
1,0,0.7
1,0,0.6625
0,1,0.555555555555556
1,1,0.432954545454545
0,0,0.569444444444444
0,1,0.486111111111111
0,1,0.194444444444444
0,1,0.465909090909091
0,1,0.305555555555556
0,0,0.847222222222222
0,1,0.684343434343434
1,1,0.614772727272727
1,1,0.445454545454545
1,0,0.775
0,1,0.680555555555556
0,0,0.944444444444444
0,1,0.542929292929293
0,0,0.847222222222222
1,0,0.5625
0,0,0.888888888888889
0,0,0.833333333333333
0,0,0.597222222222222
0,1,0.583333333333333
0,0,0.694444444444444
0,1,0.486111111111111
0,0,0.944444444444444
0,1,0.541666666666667
0,0,0.944444444444444
0,0,0.944444444444444
0,0,0.777777777777778
0,1,0.541666666666667
0,0,0.944444444444444
0,1,0.527777777777778
0,0,0.75
0,0,0.972222222222222
1,0,0.85
1,1,0.425
1,1,0.5125
0,0,0.96969696969697
0,1,0.569444444444444
1,1,0.5125
0,0,0.944444444444444
1,1,0.5125
0,1,0.772727272727273
1,1,0.5125
0,0,0.805555555555556
0,0,0.944444444444444
0,1,0.638888888888889
1,1,0.4625
0,0,0.888888888888889
1,0,0.825
1,0,0.675
1,0,0.85
0,0,0.861111111111111
0,0,0.916666666666667
1,0,0.775
0,1,0.486111111111111
0,0,0.407407407407407
0,1,0.430555555555556
0,0,1
1,1,0.2875
0,0,0.773148148148148
0,1,0.430555555555556
1,1,0.5125
0,0,0.486111111111111
1,1,0.325
1,1,0.5125
0,1,0.486111111111111
0,0,0.861111111111111
0,0,0.97979797979798
1,1,0.7
0,0,0.532407407407407
0,1,0.575757575757576
0,0,0.875
0,0,1
1,1,0.3625
1,0,0.475
0,1,0.527777777777778
0,1,0.535353535353535
0,0,0.916666666666667
0,0,0.810185185185185
0,0,0.944444444444444
0,0,0.407407407407407
1,0,0.85
0,0,0.944444444444444
0,0,0.833333333333333
0,0,0.867424242424242
0,0,0.861111111111111
1,0,0.827272727272727
0,0,1
1,1,0.364772727272727
0,1,0.527777777777778
0,1,0.472222222222222
0,1,0.486111111111111
0,1,0.527777777777778
1,0,0.9
0,1,0.527777777777778
0,0,0.944444444444444
0,1,0.648148148148148
1,0,0.836363636363636
1,1,0.318181818181818
0,0,0.888888888888889
0,0,0.731481481481482
0,1,0.722222222222222
0,0,0.916666666666667
1,0,0.7
1,0,0.575
0,0,0.805555555555556
0,0,0.595959595959596
0,0,0.763888888888889
0,1,0.472222222222222
1,0,0.775
0,0,0.791666666666667
0,1,0.466049382716049
0,0,0.606481481481482
0,0,0.972222222222222
1,0,0.780681818181818
0,1,0.388888888888889
0,1,0.625
0,0,0.569444444444444
0,0,0.833333333333333
1,0,0.6125
0,0,0.597222222222222
0,0,0.833333333333333
0,0,1
0,0,0.861111111111111
0,1,0.597222222222222
0,1,0.583333333333333
0,0,0.944444444444444
0,1,0.222222222222222
0,1,0.337962962962963
1,0,0.825
0,1,0.683080808080808
1,0,0.875
0,1,0.454545454545455
0,0,0.944444444444444
0,1,0.526515151515151
0,0,0.916666666666667
0,0,0.833333333333333
0,0,0.861111111111111
0,0,0.972222222222222
1,0,0.8
1,0,0.818181818181818
1,0,0.866666666666667
0,0,0.972222222222222
1,0,0.6125
0,0,0.833333333333333
0,0,0.888888888888889
0,0,0.472222222222222
0,0,0.833333333333333
0,0,0.597222222222222
1,1,0.5125
0,0,0.94949494949495
0,1,0.458333333333333
0,0,0.930555555555556
0,0,0.916666666666667
0,0,0.805555555555556
0,0,0.75
1,0,0.85
1,0,0.425
0,0,0.666666666666667
0,1,0.458333333333333
0,1,0.416666666666667
0,1,0.579545454545455
1,0,0.825
0,1,0.583333333333333
0,0,0.944444444444444
0,0,1
1,1,0.5125
0,1,0.486111111111111
0,0,0.916666666666667
1,0,0.8
0,0,0.916666666666667
1,1,0.425
0,1,0.430555555555556
0,0,1
1,0,0.620833333333333
1,1,0.5
0,0,0.929292929292929
0,1,0.583333333333333
0,0,0.527777777777778
0,0,0.888888888888889
1,1,0.5125
0,0,0.569444444444444
0,1,0.638888888888889
0,0,0.888888888888889
1,1,0.4375
1,1,0.2625
1,0,0.7375
0,0,0.888888888888889
0,1,0.550925925925926
0,1,0.527777777777778
0,1,0.37037037037037
0,0,0.902777777777778
0,0,0.916666666666667
0,0,0.916666666666667
1,1,0.5125
1,1,0.525
0,1,0.194444444444444
0,1,0.671717171717172
0,0,0.929292929292929
0,1,0.5
0,0,0.972222222222222
0,0,0.972222222222222
0,1,0.683080808080808
0,1,0.486111111111111
0,0,0.569444444444444
0,1,0.194444444444444
0,1,0.833333333333333
0,0,0.833333333333333
0,0,0.972222222222222
0,0,0.929292929292929
0,0,0.916666666666667
0,1,0.527777777777778
0,1,0.486111111111111
0,0,0.944444444444444
0,1,0.430555555555556
0,0,0.777777777777778
0,0,0.814814814814815
0,0,0.888888888888889
0,1,0.513888888888889
0,1,0.583333333333333
1,1,0.5125
0,0,0.916666666666667
0,0,0.898989898989899
0,0,0.916666666666667
1,1,0.4625
0,1,0.527777777777778
0,1,0.597222222222222
0,0,0.606481481481482
1,1,0.4625
0,0,0.763888888888889
0,0,0.722222222222222
0,1,0.527777777777778
0,1,0.375
0,1,0.472222222222222
0,0,0.606481481481482
0,0,0.805555555555556
0,0,0.888888888888889
1,0,0.6125
0,1,0.472222222222222
0,0,0.842592592592593
0,1,0.724747474747475
1,1,0.6
1,0,0.775
0,0,1
0,0,0.777777777777778
0,0,0.888888888888889
0,1,0.444444444444444
0,1,0.361111111111111
0,0,0.833333333333333
0,1,0.716666666666667
0,0,0.888888888888889
0,1,0.166666666666667
0,0,0.888888888888889
0,1,0.541666666666667
0,0,0.888888888888889
0,0,0.944444444444444
0,1,0.442901234567901
0,0,0.916666666666667
0,0,0.569444444444444
1,0,0.45
0,1,0.521464646464647
0,0,0.5
0,1,0.25
1,0,0.825
1,0,0.659090909090909
1,0,0.632954545454545
1,0,0.85
1,0,0.375
0,0,0.861111111111111
0,0,0.569444444444444
0,0,0.888888888888889
1,1,0.331818181818182
0,0,0.888888888888889
1,0,0.875
0,0,0.569444444444444
0,1,0.583333333333333
0,0,0.916666666666667
1,0,0.7
0,1,0.486111111111111
0,0,0.638888888888889
1,0,0.872727272727273
0,0,1
0,0,0.916666666666667
0,0,0.75
0,0,0.861111111111111
0,0,0.888888888888889
1,0,0.8
0,0,0.861111111111111
0,0,0.833333333333333
0,0,0.861111111111111
0,1,0.402777777777778
0,0,0.929292929292929
0,1,0.589646464646465
0,0,0.929292929292929
0,0,0.875
0,1,0.791666666666667
0,0,0.680555555555556
0,0,0.916666666666667
0,0,0.916666666666667
0,0,0.94949494949495
1,0,0.85
0,0,0.944444444444444
0,0,0.929292929292929
0,0,0.888888888888889
1,1,0.425
0,0,0.944444444444444
1,0,0.85
1,0,0.7625
1,0,0.6625
0,0,0.919191919191919
0,1,0.583333333333333
1,1,0.5125
1,0,0.6375
0,0,0.925925925925926
0,0,0.888888888888889
0,0,0.847222222222222
1,1,0.4625
0,1,0.527777777777778
0,0,0.888888888888889
0,1,0.694444444444445
1,1,0.475
0,0,0.758333333333333
0,0,0.861111111111111
0,0,0.833333333333333
0,1,0.555555555555556
1,0,0.541666666666667
0,0,0.819444444444444
0,0,1
0,0,0.652777777777778
0,1,0.416666666666667
0,0,0.652777777777778
1,1,0.45
0,0,0.916666666666667
0,0,0.944444444444444
1,1,0.711111111111111
1,1,0.5125
0,1,0.722222222222222
0,0,0.680555555555556
0,0,0.814814814814815
1,1,0.4625
0,0,0.944444444444444
1,1,0.675
1,1,0.5
1,1,0.625
0,1,0.486111111111111
0,0,0.833333333333333
1,1,0.375
0,0,0.888888888888889
0,0,0.929292929292929
0,0,0.919191919191919
1,0,0.766666666666667
0,1,0.347222222222222
0,0,0.814814814814815
0,0,0.814814814814815
0,0,0.541666666666667
0,1,0.638888888888889
1,0,0.775
0,0,0.680555555555556
0,0,0.736111111111111
0,0,0.560185185185185
1,0,0.8
0,0,0.805555555555556
0,1,0.805555555555556
1,0,0.85
0,0,0.944444444444444
0,0,0.861111111111111
1,1,0.3375
0,0,0.814814814814815
0,0,0.916666666666667
1,0,0.678409090909091
0,0,0.944444444444444
0,0,0.888888888888889
0,0,0.606481481481482
0,0,0.888888888888889
0,1,0.375
1,1,0.3
0,0,0.916666666666667
0,1,0.828282828282828
1,1,0.328409090909091
0,0,0.944444444444444
1,0,0.85
0,0,0.763888888888889
1,0,0.4875
0,0,0.782828282828283
1,0,0.85
0,0,0.777777777777778
0,0,0.777777777777778
0,0,0.861111111111111
0,0,0.597222222222222
1,0,0.825
0,0,0.606481481481482
1,0,0.775
1,1,0.525
1,0,0.8
1,0,0.85
1,0,0.527272727272727
1,0,0.875
1,0,0.8
0,0,0.888888888888889
1,0,0.6625
0,0,0.944444444444444
0,1,0.5
1,0,0.825
0,1,0.458333333333333
0,1,0.555555555555556
1,0,0.875
0,0,0.736111111111111
0,0,0.861111111111111
1,0,0.7125
0,1,0.430555555555556
0,0,0.944444444444444
0,0,0.680555555555556
0,0,0.919191919191919
0,1,0.458333333333333
0,0,0.929292929292929
0,1,0.430555555555556
0,0,0.861111111111111
0,1,0.541666666666667
0,1,0.458333333333333
0,0,0.909090909090909
1,1,0.45
1,1,0.725
0,1,0.444444444444444
0,1,0.5
0,0,0.929292929292929
0,0,0.736111111111111
0,0,0.805555555555556
0,0,0.771464646464647
0,1,0.5
0,0,0.833333333333333
0,1,0.722222222222222
1,0,0.825
0,1,0.44949494949495
0,1,0.777777777777778
1,0,0.825
0,0,0.782828282828283
0,1,0.638888888888889
0,0,0.70959595959596
0,0,1
0,0,0.944444444444444
1,1,0.323863636363636
1,0,0.7875
1,0,0.825
0,0,0.861111111111111
0,1,0.527777777777778
0,1,0.694444444444445
1,0,0.85
0,1,0.736111111111111
0,0,0.833333333333333
0,0,0.944444444444444
1,0,0.85
0,0,0.861111111111111
0,0,0.944444444444444
1,0,0.4875
0,1,0.472222222222222
0,1,0.680555555555556
0,1,0.805555555555556
1,0,0.75
1,0,0.775
0,0,0.75
1,0,0.85
0,0,0.814814814814815
0,0,0.916666666666667
0,0,0.944444444444444
1,1,0.340909090909091
0,0,0.929292929292929
0,0,0.916666666666667
1,0,0.7375
0,0,0.944444444444444
0,0,0.597222222222222
0,0,0.929292929292929
0,1,0.622474747474748
0,0,0.97979797979798
0,0,0.708333333333333
0,0,0.777777777777778
0,0,0.527777777777778
0,1,0.583333333333333
0,0,0.819444444444444
0,0,0.916666666666667
0,1,0.684343434343434
1,0,0.775
0,0,0.944444444444444
0,0,0.919191919191919
0,1,0.615740740740741
0,0,0.916666666666667
0,1,0.708333333333333
0,1,0.666666666666667
0,0,0.916666666666667
0,0,0.833333333333333
0,1,0.583333333333333
0,1,0.638888888888889
0,1,0.777777777777778
1,0,0.7
0,1,0.535353535353535
0,0,0.944444444444444
0,1,0.303030303030303
1,0,0.752272727272727
0,0,0.861111111111111
0,1,0.569444444444445
1,1,0.331818181818182
0,0,0.888888888888889
0,0,0.569444444444444
0,1,0.333333333333333
0,0,0.736111111111111
0,0,0.703703703703704
1,0,0.725
1,0,0.875
0,0,0.888888888888889
0,1,0.222222222222222
1,0,0.725
0,0,0.916666666666667
1,1,0.644318181818182
0,0,0.944444444444444
1,1,0.6
0,1,0.708333333333333
1,1,0.369318181818182
1,0,0.475
1,0,0.775
1,1,0.356818181818182
1,0,0.725
0,1,0.430555555555556
0,1,0.527777777777778
1,0,0.9
1,0,0.5375
0,0,0.555555555555556
1,0,0.55
1,1,0.661363636363636
1,0,0.825
0,0,0.777777777777778
1,0,0.8
0,0,0.814814814814815
1,1,0.718181818181818
0,0,0.805555555555556
0,0,0.972222222222222
0,1,0.724747474747475
0,1,0.555555555555556
0,0,0.861111111111111
1,0,0.7
0,0,0.407407407407407
1,0,0.825
1,0,0.775
1,1,0.568181818181818
1,0,0.75
0,0,0.944444444444444
0,0,0.611111111111111
0,0,0.444444444444444
0,0,0.407407407407407
1,1,0.503409090909091
1,0,0.7875
0,0,0.944444444444444
1,0,0.593181818181818
1,0,0.85
1,0,0.75
0,0,0.515151515151515
1,0,0.775
1,0,0.775
0,0,0.875
0,0,0.901234567901235
0,0,0.919191919191919
1,0,0.725
1,1,0.396590909090909
0,0,0.939393939393939
0,1,0.513888888888889
0,1,0.555555555555556
0,1,0.541666666666667
0,0,0.777777777777778
0,0,0.763888888888889
0,1,0.388888888888889
0,1,0.458333333333333
0,1,0.569444444444444
0,1,0.513888888888889
0,1,0.430555555555556
1,1,0.4875
0,1,0.722222222222222
0,0,0.916666666666667
0,0,0.944444444444444
0,0,0.888888888888889
0,0,0.944444444444444
1,0,0.85
0,1,0.777777777777778
0,1,0.555555555555556
0,0,0.972222222222222
1,0,0.7375
0,0,0.916666666666667
0,0,0.916666666666667
0,0,1
1,0,0.875
0,0,0.919191919191919
0,0,0.97979797979798
0,0,0.944444444444444
0,1,0.611111111111111
0,0,0.944444444444444
1,0,0.75
1,0,0.5875
0,0,0.916666666666667
0,0,0.689393939393939
1,1,0.2375
0,1,0.472222222222222
0,0,0.916666666666667
0,1,0.777777777777778
0,0,0.888888888888889
0,1,0.722222222222222
0,0,0.847222222222222
0,0,0.95959595959596
0,0,0.916666666666667
0,0,0.805555555555556
1,1,0.411363636363636
0,0,0.972222222222222
0,1,0.597222222222222
0,0,0.916666666666667
0,1,0.625
0,0,0.944444444444444
0,0,0.944444444444444
1,1,0.6
0,0,0.722222222222222
0,0,0.916666666666667
1,0,0.8
0,0,0.944444444444444
1,1,0.475
0,1,0.666666666666667
1,0,0.825
0,0,0.722222222222222
0,0,0.861111111111111
1,0,0.5375
1,0,0.8
1,0,0.725
0,0,0.666666666666667
1,0,0.7625
0,1,0.0707070707070707
1,0,0.7125
1,1,0.375
0,0,0.944444444444444
0,0,0.805555555555556
0,1,0.666666666666667
0,0,0.916666666666667
0,1,0.791666666666667
1,0,0.601388888888889
1,1,0.5125
0,0,0.888888888888889
1,0,0.85
1,0,0.775
0,0,0.678030303030303
0,0,0.958333333333333
0,1,0.402777777777778
0,0,0.916666666666667
1,0,0.825
1,1,0.225
0,1,0.597222222222222
1,1,0.4125
0,1,0.319444444444444
0,1,0.416666666666667
0,1,0.551767676767677
1,1,0.4625
1,0,0.4875
0,1,0.628787878787879
0,0,0.791666666666667
1,1,0.520833333333333
1,1,0.485227272727273
0,0,0.888888888888889
0,0,0.472222222222222
1,0,0.75
0,0,0.513888888888889
0,0,0.722222222222222
0,1,0.763888888888889
0,0,0.916666666666667
0,0,1
0,0,0.872222222222222
0,1,0.555555555555556
0,0,0.916666666666667
0,1,0.486111111111111
0,1,0.486111111111111
0,1,0.513888888888889
1,1,0.525
1,0,0.85
0,1,0.638888888888889
0,0,0.916666666666667
1,0,0.85
0,0,0.777777777777778
1,1,0.5375
0,0,0.916666666666667
0,0,0.888888888888889
0,0,0.916666666666667
0,0,0.777777777777778
1,0,0.8
0,1,0.515151515151515
0,0,0.972222222222222
0,0,0.930555555555556
0,0,0.96969696969697
0,0,0.777777777777778
0,0,0.916666666666667
1,1,0.620833333333333
1,1,0.3875
0,0,0.888888888888889
0,0,0.907828282828283
0,0,0.925925925925926
0,0,0.736111111111111
0,0,0.736111111111111
0,1,0.75
0,0,0.916666666666667
0,0,0.888888888888889
0,0,0.861111111111111
0,0,0.777777777777778
0,1,0.486111111111111
0,0,0.805555555555556
0,1,0.458333333333333
0,1,0.648148148148148
0,0,0.944444444444444
0,1,0.555555555555556
0,0,0.861111111111111
0,0,0.861111111111111
0,0,0.888888888888889
0,1,0.625
1,0,0.85
0,1,0.375
1,0,0.7625
0,1,0.570707070707071
0,0,0.666666666666667
0,1,0.555555555555556
1,0,0.833333333333333
0,0,0.916666666666667
0,0,0.833333333333333
0,0,0.833333333333333
0,0,0.972222222222222
0,1,0.541666666666667
0,1,0.541666666666667
0,1,0.555555555555556
0,0,0.888888888888889
0,1,0.747474747474748
0,0,0.875
0,0,0.861111111111111
1,1,0.4875
1,0,0.8
1,1,0.3125
0,0,0.861111111111111
0,0,0.916666666666667
0,1,0.638888888888889
0,0,0.833333333333333
0,0,0.925925925925926
0,0,0.944444444444444
0,1,0.75
0,0,0.888888888888889
0,0,0.87962962962963
0,0,0.819444444444444
0,0,0.962962962962963
1,0,0.881818181818182
0,0,0.847222222222222
0,1,0.680555555555556
1,0,0.9
0,0,0.791666666666667
0,1,0.5
0,1,0.416666666666667
0,1,0.444444444444444
0,1,0.416666666666667
0,1,0.513888888888889
0,1,0.458333333333333
0,1,0.444444444444444
0,1,0.5
0,0,0.791666666666667
0,0,0.875
0,0,0.833333333333333
0,0,0.541666666666667
0,0,0.902777777777778
1,0,0.6125
0,1,0.736111111111111
0,0,0.944444444444444
0,0,0.938131313131313
1,1,0.375
0,0,0.916666666666667
1,1,0.6375
0,0,0.944444444444444
0,0,0.916666666666667
0,0,0.888888888888889
0,0,0.805555555555556
1,0,0.525
0,0,0.861111111111111
1,0,0.743181818181818
0,0,0.944444444444444
1,1,0.291666666666667
0,1,0.791666666666667
0,1,0.722222222222222
0,0,0.652777777777778
0,1,0.625
0,1,0.722222222222222
0,0,0.916666666666667
0,1,0.638888888888889
0,0,0.652777777777778
0,0,0.921296296296296
0,1,0.430555555555556
0,0,0.833333333333333
1,1,0.6875
0,0,0.833333333333333
1,1,0.3
1,1,0.3625
0,0,0.708333333333333
0,0,0.694444444444444
0,1,0.777777777777778
0,0,0.833333333333333
0,1,0.75
0,0,0.888888888888889
1,1,0.5
0,0,0.819444444444444
0,0,0.805555555555556
0,0,0.896464646464647
0,1,0.416666666666667
0,1,0.763888888888889
0,0,0.805555555555556
0,0,0.861111111111111
0,0,0.916666666666667
0,1,0.680555555555556
0,1,0.638888888888889
0,0,0.888888888888889
0,0,0.888888888888889
0,1,0.407407407407407
0,1,0.339506172839506
1,0,0.7125
0,0,0.833333333333333
1,1,0.675
0,1,0.444444444444444
0,0,0.583333333333333
0,1,0.555555555555556
0,0,0.833333333333333
0,1,0.736111111111111
0,1,0.380050505050505
0,1,0.740740740740741
0,0,0.800925925925926
0,1,0.805555555555556
1,0,0.8125
1,1,0.325
0,0,0.851851851851852
0,0,0.944444444444444
1,1,0.4375
0,0,0.847222222222222
0,0,0.805555555555556
0,1,0.353395061728395
0,0,0.736111111111111
0,0,0.847222222222222
1,1,0.4
0,1,0.625
1,0,0.8
0,0,0.948232323232323
0,0,0.763888888888889
0,0,0.861111111111111
0,0,0.763888888888889
0,1,0.472222222222222
0,1,0.625
0,1,0.694444444444445
0,0,0.916666666666667
0,0,0.805555555555556
1,1,0.695833333333333
1,0,0.8
0,0,0.902777777777778
0,0,0.736111111111111
1,0,0.8125
0,0,0.921296296296296
0,0,0.86489898989899
0,0,0.916666666666667
0,0,0.888888888888889
0,0,0.861111111111111
0,0,0.888888888888889
1,0,0.8
0,0,0.909090909090909
1,1,0.625
0,0,0.925925925925926
0,1,0.722222222222222
1,0,0.7875
0,0,0.875
1,1,0.55
1,0,0.8
1,0,0.775
0,0,0.888888888888889
1,1,0.6
1,1,0.5375
0,1,0.472222222222222
0,0,0.919191919191919
1,0,0.8
1,0,0.825
0,0,0.875
1,0,0.836363636363636
0,1,0.541666666666667
0,0,0.805555555555556
0,1,0.611111111111111
0,1,0.597222222222222
0,0,0.977777777777778
1,1,0.7
1,0,0.6
0,0,0.722222222222222
1,0,0.720833333333333
0,0,0.736111111111111
0,0,0.819444444444444
0,0,0.919191919191919
0,0,0.805555555555556
0,0,0.875
1,0,0.8
0,0,0.972222222222222
1,1,0.5375
1,0,0.6875
0,0,0.833333333333333
0,0,0.861111111111111
0,0,0.929292929292929
0,1,0.694444444444445
1,0,0.825
0,0,0.583333333333333
0,1,0.666666666666667
1,0,0.8
0,0,0.680555555555556
0,0,0.75
1,0,0.6125
0,0,0.939393939393939
1,0,0.620833333333333
1,1,0.3125
0,0,0.833333333333333
1,0,0.775
0,0,0.925925925925926
0,1,0.722222222222222
0,0,0.861111111111111
0,1,0.597222222222222
0,0,0.916666666666667
1,0,0.813888888888889
0,0,0.805555555555556
0,0,0.777777777777778
0,1,0.555555555555556
0,0,0.916666666666667
0,0,0.847222222222222
0,0,0.888888888888889
0,0,0.875
0,0,0.819444444444444
0,0,0.861111111111111
0,0,0.930555555555556
0,0,0.611111111111111
1,1,0.5525
0,1,0.638888888888889
0,0,0.888888888888889
0,1,0.722222222222222
0,0,0.805555555555556
1,1,0.679545454545455
0,0,0.814814814814815
0,1,0.827020202020202
0,0,0.777777777777778
0,0,1
1,0,0.8
0,0,0.866161616161616
0,0,0.972222222222222
0,0,0.888888888888889
0,0,0.875
0,0,0.875
1,1,0.271590909090909
0,0,0.972222222222222
1,0,0.6875
0,1,0.740740740740741
0,0,1
0,0,0.888888888888889
0,0,0.861111111111111
0,1,0.722222222222222
0,0,0.944444444444444
0,0,0.763888888888889
0,1,0.652777777777778
0,0,0.833333333333333
0,0,0.875
1,0,0.75
0,0,0.833333333333333
0,1,0.458333333333333
1,1,0.5625
0,1,0.777777777777778
0,0,0.805555555555556
0,0,0.972222222222222
0,0,0.810185185185185
0,0,0.597222222222222
1,0,0.836363636363636
0,0,0.800925925925926
1,0,0.75
1,0,0.75
0,0,0.944444444444444
0,1,0.722222222222222
0,0,0.919191919191919
0,0,0.842592592592593
0,1,0.555555555555556
0,0,0.861111111111111
0,0,0.736111111111111
0,0,0.944444444444444
1,1,0.4625
0,0,0.944444444444444
0,0,0.819444444444444
0,0,0.916666666666667
0,1,0.763888888888889
0,0,0.847222222222222
0,0,0.888888888888889
0,0,0.847222222222222
1,0,0.795833333333333
0,1,0.611111111111111
0,1,0.333333333333333
1,0,0.6375
1,0,0.85
0,0,0.944444444444444
0,0,0.875
0,0,0.861111111111111
0,0,0.916666666666667
1,0,0.625
0,0,1
1,0,0.825
0,0,0.875
0,0,0.944444444444444
0,0,0.888888888888889
0,1,0.75
1,1,0.4875
0,0,0.861111111111111
0,0,0.861111111111111
0,0,0.916666666666667
0,0,0.916666666666667
0,0,0.861111111111111
0,0,0.773148148148148
0,0,0.861111111111111
1,0,0.866666666666667
0,0,0.944444444444444
0,0,0.925925925925926
0,1,0.569444444444444
1,1,0.508333333333333
0,0,0.919191919191919
0,0,0.972222222222222
0,0,0.875
1,0,0.8
0,0,0.819444444444444
0,1,0.763888888888889
0,0,0.909090909090909
1,0,0.508333333333333
0,0,0.722222222222222
1,1,0.604545454545455
0,0,0.763888888888889
0,1,0.785353535353535
0,0,0.805555555555556
1,0,0.720833333333333
0,0,0.888888888888889
1,1,0.6625
0,0,0.884259259259259
0,0,0.916666666666667
0,0,0.888888888888889
1,0,0.8625
1,1,0.375
0,0,0.929292929292929
0,0,0.944444444444444
1,0,0.5875
0,0,0.736111111111111
1,0,0.538636363636364
1,0,0.7375
0,0,0.888888888888889
1,0,0.766666666666667
0,0,0.791666666666667
1,0,0.8
0,0,0.694444444444444
0,0,0.944444444444444
0,0,0.578282828282828
0,0,0.791666666666667
0,0,0.847222222222222
0,0,0.925925925925926
0,0,0.919191919191919
0,0,0.805555555555556
1,1,0.675
0,0,0.833333333333333
0,0,0.722222222222222
0,0,0.888888888888889
1,1,0.15
0,0,0.805555555555556
1,0,0.6125
1,1,0.65
0,0,0.861111111111111
0,1,0.555555555555556
0,0,0.902777777777778
0,0,0.916666666666667
0,0,0.916666666666667
0,1,0.444444444444444
0,0,0.884259259259259
1,0,0.584090909090909
1,0,0.825
0,0,0.902777777777778
1,1,0.629166666666667
1,0,0.85
1,1,0.55
0,0,1
0,0,0.833333333333333
0,0,0.875
0,0,0.833333333333333
0,1,0.736111111111111
0,0,0.847222222222222
0,0,0.777777777777778
1,1,0.6
1,0,0.85
0,0,0.861111111111111
0,0,0.884259259259259
0,0,0.833333333333333
0,0,0.847222222222222
0,1,0.513888888888889
0,0,0.833333333333333
0,0,0.638888888888889
1,0,0.9
1,1,0.575
1,0,0.8125
0,0,0.736111111111111
0,0,0.736111111111111
0,1,0.833333333333333
0,0,0.888888888888889
0,0,1
0,1,0.638888888888889
0,0,0.861111111111111
0,1,0.75
0,0,0.944444444444444
0,1,0.569444444444444
1,1,0.6125
0,0,0.875
0,1,0.611111111111111
0,0,0.680555555555556
1,1,0.289772727272727
0,1,0.388888888888889
0,1,0.702777777777778
0,0,0.819444444444444
0,0,0.666666666666667
0,0,0.916666666666667
1,0,0.675
0,0,0.75
0,0,1
0,0,0.819444444444444
0,0,0.708333333333333
0,0,0.916666666666667
0,0,0.847222222222222
0,0,0.833333333333333
1,0,0.866666666666667
0,0,0.791666666666667
0,0,0.925925925925926
0,0,0.666666666666667
0,0,0.842592592592593
0,0,1
0,1,0.708333333333333
1,0,0.65
0,0,0.777777777777778
0,0,0.944444444444444
1,1,0.4375
1,1,0.45
0,0,0.916666666666667
1,1,0.666666666666667
0,0,0.777777777777778
0,1,0.25
0,0,0.680555555555556
0,0,0.75
0,0,0.652777777777778
0,1,0.597222222222222
0,0,0.916666666666667
0,0,0.958333333333333
0,1,0.430555555555556
0,1,0.680555555555556
1,1,0.54
0,0,0.805555555555556
0,0,0.888888888888889
0,1,0.569444444444444
1,0,0.575
1,1,0.3625
0,1,0.652777777777778
0,0,0.962962962962963
0,1,0.402777777777778
0,1,0.5
1,0,0.7
0,1,0.416666666666667
1,0,0.6625
1,1,0.625
0,0,0.916666666666667
0,1,0.666666666666667
0,0,0.736111111111111
0,0,0.944444444444444
1,0,0.625
0,0,0.847222222222222
0,0,0.791666666666667
0,1,0.611111111111111
0,0,0.75
1,0,0.8
0,0,0.847222222222222
0,0,0.763888888888889
0,0,0.87962962962963
1,0,0.825
0,0,0.972222222222222
1,1,0.6625
0,0,0.597222222222222
0,0,0.962962962962963
0,0,0.972222222222222
0,1,0.361111111111111
0,0,0.833333333333333
0,0,0.819444444444444
0,0,0.777777777777778
0,0,0.944444444444444
0,0,0.888888888888889
1,0,0.85
0,1,0.486111111111111
0,0,0.944444444444444
NA,0,NA
1,0,0.85
0,1,0.722222222222222
0,1,0.541666666666667
0,0,0.777777777777778
1,0,0.8
0,0,0.847222222222222
0,0,0.944444444444444
0,0,0.597222222222222
1,0,0.725
0,0,0.800925925925926
1,0,0.7
0,0,0.944444444444444
0,0,0.919191919191919
0,0,0.944444444444444
0,0,0.929292929292929
0,1,0.458333333333333
1,0,0.85
1,1,0.552272727272727
0,0,0.791666666666667
0,1,0.444444444444444
0,0,0.939393939393939
0,0,0.888888888888889
0,0,0.902777777777778
0,0,0.944444444444444
0,1,0.458333333333333
0,0,0.925925925925926
0,0,0.929292929292929
0,0,0.847222222222222
0,1,0.472222222222222
0,0,0.819444444444444
0,0,0.847222222222222
0,0,0.916666666666667
0,1,0.402777777777778
1,0,0.85
0,0,0.847222222222222
0,1,0.708333333333333
0,0,0.861111111111111
1,0,0.85
0,1,0.402777777777778
0,0,0.902777777777778
0,1,0.444444444444444
0,1,0.458333333333333
1,0,0.575
1,1,0.7
1,0,0.85
0,0,0.929292929292929
0,1,0.263888888888889
0,0,0.944444444444444
0,0,0.929292929292929
0,0,0.929292929292929
0,0,0.791666666666667
1,1,0.3625
0,0,0.944444444444444
1,1,0.5875
0,0,0.944444444444444
1,0,0.85
0,1,0.527777777777778
1,0,0.85
0,1,0.430555555555556
0,0,0.944444444444444
1,0,0.85
0,0,0.777777777777778
0,0,0.888888888888889
0,0,0.791666666666667
0,0,0.929292929292929
0,0,0.916666666666667
0,1,0.319444444444444
0,1,0.458333333333333
0,1,0.416666666666667
0,0,0.972222222222222
1,0,0.8
0,1,0.319444444444444
0,0,0.888888888888889
0,0,0.805555555555556
0,0,0.925925925925926
0,0,0.888888888888889
0,1,0.5
0,0,0.819444444444444
0,1,0.666666666666667
1,0,0.825
0,1,0.708333333333333
0,0,0.930555555555556
0,0,0.944444444444444
1,0,0.8
1,0,0.775
0,1,0.611111111111111
0,0,0.929292929292929
0,0,0.875
0,0,0.902777777777778
1,0,0.8
0,1,0.416666666666667
0,1,0.486111111111111
0,1,0.416666666666667
0,0,0.888888888888889
1,0,0.8375
1,0,0.8
1,1,0.5625
0,0,0.972222222222222
1,0,0.8
1,0,0.8
1,0,0.825
0,0,0.916666666666667
0,0,0.888888888888889
0,0,0.847222222222222
0,0,0.916666666666667
0,0,0.888888888888889
0,0,0.888888888888889
1,0,0.8
0,0,0.819444444444444
0,0,0.805555555555556
0,0,0.921296296296296
1,1,0.458333333333333
0,0,0.791666666666667
0,1,0.731481481481482
0,0,0.805555555555556
0,0,0.825757575757576
0,1,0.662037037037037
1,1,0.425
1,1,0.625
0,0,0.944444444444444
0,1,0.652777777777778
0,1,0.708333333333333
1,1,0.725
0,0,0.888888888888889
1,0,0.683333333333333
0,0,0.888888888888889
0,1,0.597222222222222
0,0,0.921296296296296
1,0,0.6375
0,0,0.805555555555556
0,0,0.888888888888889
0,1,0.75
0,0,0.819444444444444
0,0,0.819444444444444
0,1,0.277777777777778
0,0,0.917929292929293
0,0,0.833333333333333
1,0,0.7125
1,1,0.725
1,1,0.370833333333333
0,0,0.884259259259259
1,0,0.775
0,1,0.597222222222222
0,0,0.763888888888889
0,0,0.925925925925926
0,0,0.916666666666667
0,0,0.861111111111111
0,0,0.833333333333333
0,1,0.597222222222222
0,0,0.916666666666667
1,0,0.683333333333333
1,1,0.575
0,0,0.861111111111111
0,1,0.458333333333333
1,1,0.625
0,0,1
1,1,0.406944444444444
1,1,0.7
0,1,0.625
1,1,0.180555555555556
0,0,0.916666666666667
0,0,0.763888888888889
0,0,0.861111111111111
1,0,0.5875
0,0,0.944444444444444
1,0,0.8
1,0,0.75
0,0,0.916666666666667
1,0,0.8
1,0,0.8125
1,1,0.5125
0,0,1
1,1,0.504166666666667
1,1,0.4625
1,1,0.55
0,0,0.763888888888889
0,0,0.861111111111111
0,0,0.847222222222222
1,1,0.55
0,1,0.694444444444445
1,0,0.6125
1,0,0.866666666666667
0,1,0.694444444444445
0,0,0.833333333333333
0,1,0.569444444444445
1,0,0.866666666666667
1,0,0.7625
1,1,0.475
1,0,0.6125
1,0,0.7375
1,0,0.7
0,0,0.888888888888889
1,0,0.6625
1,1,0.45
1,0,0.7625
0,0,0.819444444444444
0,0,0.861111111111111
1,1,0.625
1,0,0.85
0,1,0.5
1,0,0.7125
0,0,0.888888888888889
1,0,0.775
1,1,0.455555555555556
0,0,0.87962962962963
0,1,0.638888888888889
0,0,0.633333333333333
1,1,0.633333333333333
1,0,0.625
1,0,0.709090909090909
1,0,0.7375
0,1,0.5
0,0,0.925
0,0,0.888888888888889
1,1,0.675
0,0,0.962962962962963
1,0,0.5375
0,0,0.611111111111111
1,1,0.675
0,0,0.652777777777778
0,0,0.944444444444444
0,0,0.694444444444444
0,1,0.861111111111111
1,0,0.654166666666667
0,0,0.833333333333333
0,0,0.819444444444444
0,1,0.814814814814815
0,0,0.916666666666667
1,0,0.825
0,0,0.666666666666667
0,0,0.962962962962963
1,0,0.8
0,0,0.75
0,0,0.805555555555556
1,0,0.85
0,0,0.87962962962963
0,0,0.916666666666667
0,0,0.916666666666667
1,0,0.8
0,0,0.972222222222222
1,0,0.771590909090909
0,1,0.722222222222222
1,0,0.7
1,0,0.9
0,0,0.736111111111111
0,1,0.347222222222222
0,1,0.694444444444445
1,0,0.590277777777778
1,1,0.370833333333333
0,1,0.555555555555556
0,0,0.902777777777778
1,1,0.625
1,1,0.3375
0,1,0.25
0,1,0.722222222222222
1,1,0.4875
1,0,0.875
1,0,0.766666666666667
1,1,0.725
1,1,0.7
1,0,0.6125
0,0,0.777777777777778
0,1,0.638888888888889
0,0,0.75
0,0,0.884259259259259
1,0,0.7875
1,1,0.5625
1,0,0.875
1,0,0.729166666666667
0,0,0.861111111111111
0,0,0.944444444444444
0,1,0.638888888888889
1,0,0.5625
1,0,0.6875
1,0,0.593055555555556
0,0,0.888888888888889
0,0,0.847222222222222
0,0,0.916666666666667
0,0,0.875
1,0,0.6625
1,0,0.5625
0,0,0.833333333333333
1,0,0.683333333333333
0,0,0.925925925925926
1,0,0.676388888888889
1,0,0.65
1,0,0.75
1,1,0.5875
0,0,0.921296296296296
0,0,0.722222222222222
0,0,0.833333333333333
0,0,0.805555555555556
0,0,0.888888888888889
0,0,0.902777777777778
1,0,0.875
0,1,0.402777777777778
1,1,0.5875
1,0,0.6375
0,0,0.902777777777778
0,1,0.625
0,0,0.875
1,0,0.7
0,0,0.916666666666667
0,1,0.625
0,0,0.763888888888889
1,1,0.55
0,0,0.833333333333333
0,0,0.722222222222222
0,0,0.708333333333333
0,1,0.611111111111111
0,0,0.597222222222222
0,0,0.791666666666667
1,1,0.3625
0,0,0.819444444444444
0,0,0.902777777777778
0,0,1
1,1,0.75
1,1,0.725
0,0,0.83459595959596
1,1,0.5125
0,0,0.833333333333333
0,0,0.944444444444444
0,0,0.944444444444444
0,0,0.861111111111111
0,0,0.972222222222222
1,0,0.8
0,0,1
0,0,0.972222222222222
0,0,0.847222222222222
0,0,0.763888888888889
0,0,0.916666666666667
0,1,0.777777777777778
0,1,0.625
0,0,1
0,0,0.888888888888889
0,0,0.805555555555556
0,0,0.888888888888889
0,0,0.861111111111111
0,0,0.875
0,1,0.458333333333333
0,0,0.916666666666667
0,0,0.916666666666667
0,0,0.888888888888889
1,1,0.6875
0,0,0.833333333333333
1,0,0.6875
0,0,0.944444444444444
1,0,0.5875
0,0,0.944444444444444
0,0,0.875
0,0,0.916666666666667
0,0,0.944444444444444
0,0,0.75
0,0,0.722222222222222
0,0,0.888888888888889
0,0,0.94949494949495
0,0,0.833333333333333
0,0,0.722222222222222
1,0,0.875
0,0,0.875
0,1,0.486111111111111
1,1,0.410227272727273
0,0,0.916666666666667
0,0,0.875
1,1,0.6
1,0,0.6
0,0,0.944444444444444
0,0,0.805555555555556
0,1,0.680555555555556
0,0,0.944444444444444
0,0,1
0,0,0.916666666666667
0,0,0.708333333333333
0,0,0.791666666666667
0,0,0.972222222222222
1,0,0.6875
0,0,0.833333333333333
0,0,1
1,0,0.825
0,0,0.888888888888889
0,1,0.583333333333333
1,0,0.672222222222222
0,0,0.888888888888889
0,0,0.944444444444444
1,0,0.6375
0,1,0.777777777777778
1,0,0.575
0,1,0.597222222222222
0,0,0.861111111111111
0,0,0.888888888888889
0,0,0.972222222222222
1,1,0.75
1,0,0.85
1,0,0.725
0,0,0.944444444444444
0,0,0.861111111111111
1,0,0.85
0,0,0.851851851851852
1,1,0.5375
1,0,0.775
0,0,0.944444444444444
0,0,0.833333333333333
1,0,0.775
0,0,0.708333333333333
0,0,0.916666666666667
1,1,0.7
0,0,0.888888888888889
0,0,0.666666666666667
1,0,0.577272727272727
1,1,0.5625
0,0,0.856060606060606
0,0,0.833333333333333
0,0,0.791666666666667
0,1,0.680555555555556
1,0,0.7125
0,0,0.75
1,1,0.475
0,0,0.791666666666667
0,0,0.916666666666667
1,0,0.8
0,0,0.833333333333333
0,0,0.875
1,0,0.9
1,1,0.521590909090909
1,1,0.675
1,0,0.85
0,0,0.847222222222222
1,0,0.875
1,0,0.625
1,0,0.8
0,0,0.930555555555556
0,0,0.777777777777778
1,1,0.525
1,1,0.3625
1,0,0.8
0,0,0.944444444444444
0,0,0.708333333333333
0,0,0.944444444444444
0,0,0.888888888888889
0,0,0.944444444444444
0,0,0.805555555555556
0,0,0.944444444444444
0,0,0.791666666666667
0,0,0.680555555555556
1,0,0.775
0,0,0.805555555555556
1,0,0.7875
0,0,0.791666666666667
0,0,0.791666666666667
1,0,0.4625
0,0,1
0,0,0.944444444444444
1,1,0.675
0,0,0.972222222222222
1,0,0.6875
0,1,0.625
1,0,0.875
0,1,0.583333333333333
0,0,0.972222222222222
1,0,0.866666666666667
1,1,0.5375
0,0,0.972222222222222
0,1,0.833333333333333
0,0,1
0,0,0.805555555555556
0,0,0.944444444444444
1,0,0.825
0,0,0.916666666666667
0,0,0.847222222222222
0,0,0.916666666666667
1,1,0.45
0,0,0.944444444444444
0,0,0.708333333333333
1,0,0.7625
1,0,0.85
0,0,0.861111111111111
0,0,0.944444444444444
0,1,0.75
0,0,0.916666666666667
1,0,0.6875
0,1,0.652777777777778
0,0,0.861111111111111
0,0,0.805555555555556
0,0,0.916666666666667
0,0,0.944444444444444
0,0,1
0,1,0.333333333333333
0,0,0.833333333333333
0,0,0.75
0,0,0.75
0,1,0.617424242424242
0,0,1
0,0,1
0,0,1
0,0,1
0,0,1
